{
  "description": "DO data from Gatti et al. (2014) G3 4:1623-1633",
  "crosstype": "do",
  "sep": ",",
  "na.strings": ["-", "NA"],
  "comment.char": "#",
  "geno": "do_geno.csv",
  "founder_geno": "do_foundergeno.csv",
  "gmap": "do_gmap.csv",
  "pmap": "do_pmap.csv",
  "pheno": "do_pheno.csv",
  "covar": "do_covar.csv",
  "x_chr": "X",
  "genotypes": {
    "A": 1,
    "H": 2,
    "B": 3
  },
  "geno_transposed": true,
  "founder_geno_transposed": true,
  "sex": {
    "covar": "Sex",
    "F": "female",
    "M": "male"
  },
  "cross_info": {
    "covar": "ngen"
  }
}
