{
  "description": "DO data from Recla et al. (2014) Mamm Genome 25:211-222",
  "crosstype": "do",
  "sep": ",",
  "na.strings": ["-", "NA"],
  "comment.char": "#",
  "geno": "recla_geno.csv",
  "founder_geno": "recla_foundergeno.csv",
  "gmap": "recla_gmap.csv",
  "pmap": "recla_pmap.csv",
  "pheno": "recla_pheno.csv",
  "covar": "recla_covar.csv",
  "alleles": ["A", "B", "C", "D", "E", "F", "G", "H"],
  "x_chr": "X",
  "genotypes": {
    "A": 1,
    "H": 2,
    "B": 3
  },
  "geno_transposed": true,
  "founder_geno_transposed": true,
  "sex": {
    "covar": "Sex",
    "female": "female",
    "male": "male"
  },
  "cross_info": {
    "covar": "ngen"
  }
}
