# Covariate information for Collaborative Cross (CC) lines inferred from genotypes from Srivastava et al. (2017) doi:10.1534/genetics.116.198838, data at doi:10.5281/zenodo.377036
# nrow 69
# ncol 3
id,mitochondria,Ychr
CC001/Unc,B,G
CC002/Unc,G,F
CC003/Unc,E,D
CC004/TauUnc,C,D
CC005/TauUnc,A,E
CC006/TauUnc,G,E
CC007/Unc,B,D
CC008/GeniUnc,H,F
CC009/Unc,E,C
CC010/GeniUnc,A,C
CC011/Unc,E,C
CC012/GeniUnc,B,A
CC013/GeniUnc,E,B
CC015/Unc,A,C
CC016/GeniUnc,H,A
CC017/Unc,C,B
CC018/Unc,B,D
CC019/TauUnc,E,C
CC020/GeniUnc,G,B
CC021/Unc,G,B
CC022/GeniUnc,A,G
CC023/GeniUnc,D,A
CC024/GeniUnc,A,D
CC025/GeniUnc,F,D
CC026/GeniUnc,F,E
CC027/GeniUnc,F,B
CC028/GeniUnc,E,F
CC029/Unc,H,E
CC030/GeniUnc,F,C
CC031/GeniUnc,A,B
CC032/GeniUnc,A,G
CC033/GeniUnc,F,H
CC034/Unc,H,D
CC035/Unc,F,A
CC036/Unc,B,D
CC037/TauUnc,C,D
CC038/GeniUnc,C,F
CC039/Unc,G,H
CC040/TauUnc,A,H
CC041/TauUnc,A,E
CC042/GeniUnc,G,B
CC043/GeniUnc,B,D
CC044/Unc,C,G
CC045/GeniUnc,H,G
CC046/Unc,G,B
CC047/Unc,A,C
CC049/TauUnc,B,F
CC050/Unc,G,E
CC051/TauUnc,A,C
CC052/GeniUnc,H,E
CC053/Unc,F,D
CC055/TauUnc,G,C
CC056/GeniUnc,C,E
CC057/Unc,F,E
CC058/Unc,C,F
CC059/TauUnc,A,C
CC060/Unc,E,B
CC061/GeniUnc,A,F
CC062/Unc,F,E
CC063/Unc,F,A
CC065/Unc,B,F
CC068/TauUnc,G,B
CC070/TauUnc,G,E
CC071/TauUnc,C,B
CC072/TauUnc,A,E
CC073/Unc,B,G
CC074/Unc,G,D
CC075/Unc,E,A
CC076/Unc,C,A
