# Covariate information for Recla et al. (2019) DO data (https://doi.org/10.1097/j.pain.0000000000001571)
# nrow 275
# ncol 4
id,sex,am_or_pm,dogen
CJB-DO-22,F,pm,8
CJB-DO-23,F,pm,8
CJB-DO-24,F,pm,8
CJB-DO-25,F,pm,8
CJB-DO-26,F,pm,8
CJB-DO-27,F,pm,8
CJB-DO-28,F,pm,8
CJB-DO-29,F,pm,8
CJB-DO-30,F,pm,8
CJB-DO-31,F,am,8
CJB-DO-32,F,pm,8
CJB-DO-33,F,pm,8
CJB-DO-34,F,pm,8
CJB-DO-35,F,pm,8
CJB-DO-36,F,pm,8
CJB-DO-37,F,pm,8
CJB-DO-38,F,pm,8
CJB-DO-39,F,pm,8
CJB-DO-40,F,am,8
CJB-DO-49,F,am,8
CJB-DO-50,F,am,8
CJB-DO-51,F,am,8
CJB-DO-52,F,am,8
CJB-DO-53,F,am,8
CJB-DO-54,F,am,8
CJB-DO-55,F,am,8
CJB-DO-56,F,am,8
CJB-DO-57,F,am,8
CJB-DO-59,F,am,8
CJB-DO-60,F,am,8
CJB-DO-61,F,am,8
CJB-DO-62,F,am,8
CJB-DO-63,F,am,8
CJB-DO-64,F,am,8
CJB-DO-65,F,am,8
CJB-DO-66,F,am,8
CJB-DO-67,F,am,8
CJB-DO-68,F,am,8
CJB-DO-89,F,am,8
CJB-DO-90,F,am,8
CJB-DO-91,F,am,8
CJB-DO-92,F,am,8
CJB-DO-93,F,am,8
CJB-DO-94,F,am,8
CJB-DO-95,F,am,8
CJB-DO-96,F,am,8
CJB-DO-97,F,am,8
CJB-DO-98,F,am,8
CJB-DO-99,F,am,8
CJB-DO-100,F,am,8
CJB-DO-101,F,am,8
CJB-DO-102,F,am,8
CJB-DO-103,F,pm,8
CJB-DO-104,F,pm,8
CJB-DO-105,F,am,8
CJB-DO-106,F,am,8
CJB-DO-107,F,am,8
CJB-DO-108,F,am,8
CJB-DO-141,F,pm,8
CJB-DO-142,F,am,8
CJB-DO-143,F,am,8
CJB-DO-144,F,am,8
CJB-DO-145,F,am,8
CJB-DO-146,F,am,8
CJB-DO-147,F,am,8
CJB-DO-148,F,am,8
CJB-DO-149,F,am,8
CJB-DO-150,F,pm,8
CJB-DO-151,F,pm,8
CJB-DO-152,F,pm,8
CJB-DO-153,F,pm,8
CJB-DO-154,F,pm,8
CJB-DO-155,F,pm,8
CJB-DO-156,F,pm,8
CJB-DO-157,F,pm,8
CJB-DO-158,F,pm,8
CJB-DO-159,F,pm,8
CJB-DO-160,F,pm,8
CJB-DO-169,F,pm,8
CJB-DO-170,F,pm,8
CJB-DO-171,F,pm,8
CJB-DO-172,F,am,8
CJB-DO-173,F,pm,8
CJB-DO-174,F,am,8
CJB-DO-175,F,pm,8
CJB-DO-176,F,pm,8
CJB-DO-177,F,pm,8
CJB-DO-178,F,pm,8
CJB-DO-179,F,pm,8
CJB-DO-180,F,pm,8
CJB-DO-181,F,pm,8
CJB-DO-182,F,pm,8
CJB-DO-183,F,pm,8
CJB-DO-184,F,pm,8
CJB-DO-185,F,pm,8
CJB-DO-186,F,pm,8
CJB-DO-187,F,pm,8
CJB-DO-188,F,pm,8
CJB-DO-203,F,pm,8
CJB-DO-204,F,am,8
CJB-DO-205,F,am,8
CJB-DO-206,F,am,8
CJB-DO-207,F,am,8
CJB-DO-208,F,am,8
CJB-DO-209,F,pm,8
CJB-DO-210,F,am,8
CJB-DO-211,F,am,8
CJB-DO-212,F,am,8
CJB-DO-213,F,am,8
CJB-DO-214,F,am,8
CJB-DO-215,F,am,8
CJB-DO-216,F,am,8
CJB-DO-217,F,pm,8
CJB-DO-218,F,pm,8
CJB-DO-219,F,am,8
CJB-DO-220,F,am,8
CJB-DO-221,F,am,8
CJB-DO-222,F,am,8
CJB-DO-223,F,pm,8
CJB-DO-224,F,pm,8
CJB-DO-225,F,pm,8
CJB-DO-226,F,pm,8
CJB-DO-227,F,pm,8
CJB-DO-228,F,pm,8
CJB-DO-229,F,pm,8
CJB-DO-230,F,pm,8
CJB-DO-231,F,pm,8
CJB-DO-232,F,pm,8
CJB-DO-266,F,am,8
CJB-DO-267,F,am,8
CJB-DO-268,F,am,8
CJB-DO-269,F,am,8
CJB-DO-270,F,am,8
CJB-DO-271,F,am,8
CJB-DO-272,F,am,8
CJB-DO-273,F,am,8
CJB-DO-274,F,am,8
CJB-DO-275,F,am,8
CJB-DO-276,F,pm,8
CJB-DO-277,F,pm,8
CJB-DO-278,F,pm,8
CJB-DO-279,F,pm,8
CJB-DO-280,F,am,8
CJB-DO-281,F,pm,8
CJB-DO-282,F,pm,8
CJB-DO-283,F,pm,8
CJB-DO-284,F,pm,8
CJB-DO-2,M,am,8
CJB-DO-5,M,pm,8
CJB-DO-6,M,pm,8
CJB-DO-7,M,am,8
CJB-DO-8,M,am,8
CJB-DO-9,M,pm,8
CJB-DO-10,M,pm,8
CJB-DO-11,M,pm,8
CJB-DO-12,M,pm,8
CJB-DO-13,M,pm,8
CJB-DO-14,M,pm,8
CJB-DO-15,M,am,8
CJB-DO-16,M,am,8
CJB-DO-17,M,pm,8
CJB-DO-18,M,pm,8
CJB-DO-19,M,am,8
CJB-DO-20,M,am,8
CJB-DO-41,M,am,8
CJB-DO-42,M,am,8
CJB-DO-43,M,am,8
CJB-DO-44,M,am,8
CJB-DO-47,M,am,8
CJB-DO-48,M,am,8
CJB-DO-69,M,am,8
CJB-DO-70,M,am,8
CJB-DO-71,M,am,8
CJB-DO-72,M,am,8
CJB-DO-73,M,pm,8
CJB-DO-74,M,pm,8
CJB-DO-75,M,pm,8
CJB-DO-76,M,pm,8
CJB-DO-77,M,pm,8
CJB-DO-78,M,pm,8
CJB-DO-79,M,pm,8
CJB-DO-80,M,pm,8
CJB-DO-81,M,pm,8
CJB-DO-82,M,pm,8
CJB-DO-83,M,pm,8
CJB-DO-84,M,pm,8
CJB-DO-85,M,am,8
CJB-DO-86,M,am,8
CJB-DO-87,M,am,8
CJB-DO-88,M,am,8
CJB-DO-109,M,am,8
CJB-DO-110,M,am,8
CJB-DO-111,M,pm,8
CJB-DO-112,M,pm,8
CJB-DO-113,M,am,8
CJB-DO-114,M,am,8
CJB-DO-115,M,pm,8
CJB-DO-116,M,pm,8
CJB-DO-117,M,pm,8
CJB-DO-118,M,pm,8
CJB-DO-119,M,pm,8
CJB-DO-120,M,pm,8
CJB-DO-121,M,am,8
CJB-DO-122,M,am,8
CJB-DO-123,M,pm,8
CJB-DO-124,M,pm,8
CJB-DO-125,M,pm,8
CJB-DO-126,M,pm,8
CJB-DO-127,M,am,8
CJB-DO-128,M,am,8
CJB-DO-129,M,am,8
CJB-DO-130,M,am,8
CJB-DO-133,M,pm,8
CJB-DO-134,M,pm,8
CJB-DO-135,M,am,8
CJB-DO-136,M,am,8
CJB-DO-137,M,pm,8
CJB-DO-138,M,pm,8
CJB-DO-139,M,pm,8
CJB-DO-140,M,pm,8
CJB-DO-161,M,pm,8
CJB-DO-162,M,pm,8
CJB-DO-165,M,am,8
CJB-DO-166,M,am,8
CJB-DO-167,M,am,8
CJB-DO-168,M,am,8
CJB-DO-189,M,am,8
CJB-DO-190,M,am,8
CJB-DO-191,M,am,8
CJB-DO-192,M,am,8
CJB-DO-193,M,am,8
CJB-DO-194,M,am,8
CJB-DO-195,M,am,8
CJB-DO-196,M,am,8
CJB-DO-199,M,am,8
CJB-DO-200,M,am,8
CJB-DO-201,M,pm,8
CJB-DO-202,M,pm,8
CJB-DO-233,M,am,8
CJB-DO-234,M,am,8
CJB-DO-235,M,pm,8
CJB-DO-236,M,pm,8
CJB-DO-237,M,am,8
CJB-DO-238,M,am,8
CJB-DO-239,M,am,8
CJB-DO-240,M,am,8
CJB-DO-241,M,pm,8
CJB-DO-242,M,pm,8
CJB-DO-243,M,pm,8
CJB-DO-244,M,pm,8
CJB-DO-245,M,am,8
CJB-DO-246,M,am,8
CJB-DO-247,M,pm,8
CJB-DO-248,M,pm,8
CJB-DO-249,M,am,8
CJB-DO-250,M,am,8
CJB-DO-251,M,pm,8
CJB-DO-252,M,pm,8
CJB-DO-253,M,pm,8
CJB-DO-254,M,pm,8
CJB-DO-255,M,am,8
CJB-DO-256,M,am,8
CJB-DO-257,M,am,8
CJB-DO-258,M,am,8
CJB-DO-259,M,am,8
CJB-DO-260,M,am,8
CJB-DO-261,M,am,8
CJB-DO-262,M,am,8
CJB-DO-263,M,pm,8
CJB-DO-264,M,pm,8
CJB-DO-285,M,pm,8
CJB-DO-295,M,am,8
CJB-DO-296,M,am,8
CJB-DO-299,M,am,8
CJB-DO-300,M,am,8
