marker,A,B,C,D,E,F,G,H
backupUNC020000070,B,B,A,B,A,A,B,B
UNC020003180,A,A,B,A,A,B,B,B
backupUNC020820163,A,A,A,B,A,B,A,B
JAX00482758,A,A,A,A,A,B,B,A
UNC020363748,B,A,A,A,A,B,B,A
UNC020007086,B,B,A,B,B,A,A,A
JAX00091167,A,B,B,A,A,B,B,B
backupUNC020008953,B,B,A,B,A,A,B,B
JAX00483492,A,A,B,B,A,A,A,B
JAX00091402,B,A,A,B,A,B,B,B
backupJAX00483912,A,A,A,A,A,B,B,B
backupUNC020897141,A,A,A,A,A,B,B,B
JAX00484075,B,B,B,B,B,A,A,B
backupJAX00484170,A,A,A,A,A,B,B,B
UNC020367883,A,B,B,B,B,A,B,A
UNC020369170,B,A,A,B,A,B,B,A
JAX00091986,A,B,B,B,B,A,A,A
backupJAX00485143,B,B,B,B,B,A,A,A
backupUNC020379988,A,B,B,B,B,A,B,A
JAX00092279,B,A,A,B,B,A,B,B
JAX00485514,A,B,B,A,B,A,A,A
backupUNC020013428,B,A,B,A,B,B,B,A
backupUNC020014032,B,A,B,A,A,B,A,B
UNC020015197,B,B,A,B,B,A,A,B
UNC020017461,A,A,B,A,A,B,B,B
backupUNC020017828,B,B,A,B,A,B,B,A
UNC021013288,A,A,A,A,B,B,A,B
UNC020389099,B,A,A,B,B,B,B,B
JAX00487098,B,B,B,B,A,B,A,A
backupUNC021038862,B,B,B,B,B,A,A,A
UNC020028580,B,A,B,B,B,B,B,B
UNC020035088,A,B,A,B,A,B,B,A
UNC020036328,B,A,B,A,B,B,A,A
UNC020307573,A,B,A,A,A,B,A,B
backupUNC020392414,A,B,B,B,A,B,A,A
backupUNC020046752,A,A,B,A,A,A,B,B
backupUNC020309212,A,B,A,A,B,A,B,A
UNC020069401,A,B,A,A,B,A,A,A
JAX00490136,B,A,B,B,A,A,B,A
UNC020076963,A,B,A,A,A,B,B,A
UNC020395186,B,A,A,B,A,B,-,A
backupUNC020080085,B,B,A,A,B,B,B,A
backupUNC020082225,B,B,A,B,B,A,A,A
JAX00094995,B,B,A,B,B,B,A,A
JAX00491197,A,A,A,A,A,A,A,B
JAX00095208,B,B,B,A,B,A,A,B
UNC020566977,B,A,A,B,B,B,B,B
JAX00491706,B,B,B,B,B,A,B,B
UNC020094649,B,A,B,B,B,A,A,B
JAX00095623,B,A,A,B,A,B,B,A
UNC020095069,A,B,A,A,A,A,A,A
UNC020401934,A,B,B,A,A,A,B,A
UNC020096714,B,A,B,B,A,B,A,A
backupUNC021228376,A,A,A,A,A,B,B,B
JAX00493136,A,A,A,A,A,B,B,B
UNC020412884,B,A,A,B,A,B,B,B
UNC020103640,B,B,A,B,A,B,A,B
backupUNC021817853,A,A,A,B,A,-,B,B
UNC020413176,A,B,B,B,B,A,A,B
UNC021821604,A,A,B,B,B,A,B,B
UNC020416650,A,B,B,A,B,A,B,A
UNC020423988,A,B,B,A,A,A,A,A
UNC020442492,A,B,B,A,A,A,-,A
backupUNC020444088,A,B,B,A,B,A,A,B
JAX00496412,B,B,B,B,A,A,A,A
JAX00097541,A,B,A,A,A,B,B,B
backupUNC020119223,A,B,A,A,B,A,A,B
UNC020459944,A,B,B,A,B,A,B,B
UNC020472923,A,B,B,A,B,A,B,A
UNC020131505,A,A,B,B,A,B,B,B
UNC020133662,B,B,A,A,A,B,A,B
UNC020317359,A,B,A,A,A,A,B,A
UNC020482506,B,A,A,A,B,B,B,B
UNC020140262,A,A,B,B,A,B,B,A
UNC020142980,B,A,B,A,B,B,B,A
UNC020318395,A,A,B,B,A,B,B,B
backupUNC020158612,A,B,A,B,B,A,B,B
UNC021417550,B,B,B,A,B,A,A,B
UNC020186170,B,A,B,B,B,A,A,A
UNC020187887,B,B,A,A,A,B,A,B
UNC020634939,A,A,A,B,A,B,A,B
backupUNC020646120,B,B,B,A,B,B,A,A
UNC020195891,A,A,B,B,B,B,B,B
UNC020198867,B,B,A,B,B,B,A,A
backupUNC021467346,A,A,A,A,A,B,B,B
UNC021478196,A,A,A,A,B,B,B,A
backupJAX00504771,B,B,B,B,B,A,A,A
UNC020205216,B,B,A,A,A,B,A,B
backupUNC021894033,A,A,A,A,B,A,B,B
UNC021507726,B,B,B,A,A,A,A,A
backupUNC021779979,B,B,B,B,A,B,A,A
JAX00100983,A,B,B,B,A,A,A,B
backupUNC020504535,A,B,B,B,B,A,B,A
backupUNC020520144,A,B,B,B,B,A,A,A
backupJAX00506861,B,A,A,A,B,A,A,B
JAX00101561,B,B,B,A,B,B,A,B
backupUNC020228107,B,B,A,B,B,A,B,A
UNC020230950,B,B,A,B,A,B,A,A
UNC020233372,A,B,A,A,B,B,B,A
UNC020233842,-,B,A,B,B,-,-,-
UNC020241827,B,B,A,A,A,A,B,A
UNC020248157,A,A,B,A,A,B,B,B
backupUNC020249837,B,B,A,B,A,B,A,A
UNC020251618,A,A,B,B,B,B,A,A
UNC020545758,A,B,B,B,A,A,A,B
JAX00102326,B,B,A,B,B,A,A,A
UNC020257161,A,B,A,B,A,A,A,B
backupUNC020547744,B,A,A,A,B,A,B,B
backupUNC020548787,A,B,B,A,B,A,B,B
backupUNC020550169,A,B,B,B,A,A,B,B
UNC021859649,A,B,A,A,A,B,A,B
UNC020328220,A,B,A,A,A,A,A,A
backupJAX00510901,A,A,A,A,A,B,B,B
backuprs27328830,A,A,A,A,A,B,B,B
backupUNC020280159,A,B,A,A,A,B,B,A
backupUNC020284106,B,B,A,A,B,B,A,A
UNC020285948,B,A,B,B,A,A,A,B
backupUNC020554460,A,B,B,A,A,B,B,A
JAX00103117,A,A,A,A,A,-,B,B
UNC020329635,A,B,A,A,A,A,B,B
UNC020655905,A,A,A,A,B,B,A,B
JAX00512143,B,B,B,B,A,A,A,B
backupUNC020295237,B,A,B,B,B,A,A,A
UNC021713399,B,B,B,-,B,A,A,A
backupUNC020555541,B,A,A,A,B,B,B,B
UNC020300314,B,A,B,B,B,B,B,B
UNC020330961,A,B,A,A,A,A,B,A
backupUNC030729939,A,A,A,A,A,B,B,B
UNC030365730,A,B,B,A,A,A,A,B
UNC030330798,B,B,A,B,A,A,A,A
JAX00104631,B,B,B,B,A,A,A,B
JAX00104749,B,B,B,B,A,A,A,A
JAX00104806,B,B,A,B,B,A,A,B
backupUNC030018403,B,B,A,A,A,A,B,A
backupUNC030018875,B,A,B,B,B,A,A,A
backupUNC030870967,A,A,A,B,A,B,A,B
UNC031787933,B,B,B,A,B,B,A,A
backupUNC030878520,B,B,B,B,B,A,A,A
backupUNC030881249,B,B,B,B,B,A,A,A
UNC030884413,A,A,A,B,B,B,A,B
backupUNC030025601,B,B,A,A,A,A,A,B
UNC030026622,A,B,A,B,A,B,B,B
UNC030576333,B,B,B,A,A,A,B,B
backupUNC030027112,B,B,A,B,A,A,A,A
backupJAX00105776,A,A,A,A,A,B,B,B
UNC030305301,B,A,-,A,-,B,B,B
backupUNC030032112,B,A,B,B,B,B,B,A
backupUNC030397650,A,B,-,A,-,-,A,B
JAX00106081,B,A,A,A,A,B,B,B
UNC030038161,B,A,B,A,B,-,B,B
UNC030043914,B,B,A,A,A,A,B,B
JAX00106431,B,B,B,B,B,A,A,A
backupUNC030068994,B,B,A,B,A,A,A,A
JAX00107002,B,B,B,B,B,B,A,B
UNC_rs30456206,B,A,A,B,A,B,B,B
backupUNC030071070,A,A,B,A,A,B,B,A
UNC030661179,B,B,B,A,A,A,A,B
UNC030074556,B,A,B,B,B,A,A,B
backupJAX00523300,B,B,B,B,B,A,A,A
JAX00523492,A,A,A,A,A,B,B,B
backupJAX00107677,A,A,A,B,A,B,B,B
UNC030456578,A,B,B,A,B,-,A,A
JAX00107800,B,A,A,A,A,B,B,A
UNC030460985,B,A,A,B,B,A,B,B
JAX00108034,A,B,A,A,A,B,B,B
backupJAX00108182,A,A,B,A,B,A,B,B
JAX00525579,B,B,B,B,B,A,A,A
JAX00525718,A,A,A,A,B,B,A,B
UNC030088171,B,A,B,B,B,A,A,A
JAX00526317,B,B,B,B,B,A,A,A
backupUNC030474244,A,B,B,B,B,A,B,A
UNC030103315,B,B,A,B,A,B,A,B
UNC030107226,B,A,B,B,B,A,B,A
JAX00527615,B,B,A,B,B,A,A,A
UNC030484421,A,B,A,B,A,A,A,B
JAX00109598,B,A,B,B,A,A,A,A
backupUNC030619800,B,B,B,B,A,B,A,A
UNC030488029,B,A,A,B,B,A,B,B
backupUNC030491543,B,A,A,B,B,A,A,B
JAX00110173,A,A,A,B,A,B,B,A
JAX00110371,B,B,B,A,B,A,B,A
backupUNC030148203,A,B,A,B,A,B,B,B
backupUNC031289758,A,A,A,B,A,B,B,B
UNC030152534,A,A,B,B,B,B,A,A
UNC031303497,A,A,A,B,B,B,B,A
backupUNC030498753,B,A,A,B,B,A,A,B
backuprs47476405,A,B,A,B,B,A,B,B
backupUNC030160320,A,B,A,A,A,-,-,A
UNC030164357,B,B,A,B,A,A,A,A
backuprs50251226,A,B,B,B,A,B,A,B
UNC030679974,B,B,B,B,A,B,A,A
backupJAX00111594,B,B,B,B,A,A,A,B
UNC030167837,B,A,B,B,B,A,A,A
UNC030174471,B,A,B,B,B,B,B,A
backupUNC030517272,B,A,A,B,B,B,B,A
UNC030184442,A,A,B,B,A,B,B,A
backupUNC030187275,A,B,A,A,B,A,A,B
backupUNC030634749,B,B,B,A,A,A,A,A
backupJAX00112535,B,B,A,B,B,A,A,A
backupUNC030196962,A,B,A,B,B,A,A,A
JAX00112843,B,A,B,A,A,B,B,B
backupUNC030554242,A,B,B,A,B,B,A,B
UNC030213875,B,A,B,B,A,B,B,B
backupUNC031474043,B,B,B,B,B,A,A,A
UNC030323436,B,A,B,B,B,A,A,A
backupJAX00537639,B,B,A,A,B,A,A,B
UNC030230440,A,A,B,B,B,B,A,B
UNC030354097,B,A,A,B,B,B,A,B
backupUNC030232983,B,B,A,B,B,A,A,A
JAX00113574,A,B,A,B,A,B,A,A
UNC030237825,A,B,A,A,B,B,A,A
JAX00539298,B,B,A,A,A,B,A,B
UNC030249365,B,A,B,B,B,B,B,B
UNC030642512,-,A,-,B,B,B,B,B
UNC030264556,A,B,A,B,B,A,B,A
backupUNC030267817,A,A,B,B,B,B,B,A
UNC030560328,A,B,A,A,A,A,A,B
JAX00114333,B,A,B,B,A,A,A,B
UNC030276220,B,A,B,A,A,A,B,B
UNC030687843,B,A,B,A,B,B,B,B
UNC030278892,B,A,B,A,B,B,B,A
UNC030285648,B,A,B,B,B,A,B,A
JAX00542541,A,A,A,A,B,B,B,B
backupUNC030291736,A,A,B,A,A,B,B,B
UNC030688436,A,B,B,A,A,A,A,A
backupUNC030566351,A,B,B,A,A,B,A,B
JAX00543238,B,A,A,A,A,B,B,A
UNC030298778,A,B,A,A,A,-,A,B
JAX00115348,A,A,B,A,A,B,B,A
UNC200000454,A,B,A,B,B,A,B,A
JAX00708647,B,B,B,B,B,A,A,A
backupUNC200002128,A,A,B,A,A,B,-,B
JAX00709018,B,B,B,B,B,A,A,B
backupUNC200249354,A,A,A,A,B,A,B,B
JAX00177060,A,A,B,A,A,B,B,A
backupJAX00709270,B,B,B,B,B,A,A,A
UNC200319662,B,B,B,B,B,A,A,A
UNC200089428,B,A,A,B,B,B,B,B
JAX00709553,A,A,A,A,A,A,B,A
JAX00709598,B,B,B,B,B,A,A,A
UNC200334548,A,A,A,A,A,B,B,B
JAX00709715,B,B,B,B,B,A,A,A
JAX00177453,A,A,A,A,A,B,B,B
JAX00177505,A,A,A,A,A,A,B,A
UNC200349871,B,B,B,B,B,A,A,A
JAX00177612,B,B,B,B,B,B,A,B
UNC200357719,B,B,B,B,B,A,A,A
JAX00710061,B,B,B,B,B,A,A,A
JAX00177773,A,A,A,A,A,B,B,B
JAX00710224,A,A,A,A,A,B,B,B
backupUNC200381363,B,B,B,B,B,A,A,A
UNC200007340,B,A,B,B,B,B,B,B
JAX00178040,A,A,A,A,A,A,B,A
JAX00710480,A,A,A,A,A,B,B,B
UNC200007700,A,A,B,A,A,B,A,B
JAX00178458,A,B,B,B,A,A,A,A
backupUNC200391881,B,B,B,B,A,A,A,B
JAX00178691,A,A,A,A,A,A,B,A
UNC200008932,A,B,A,A,B,B,A,B
backupUNC200010273,A,B,A,A,A,B,B,A
backupUNC200011184,B,A,B,B,B,B,B,A
backupUNC200011470,A,B,A,A,B,B,B,B
backupUNC200012354,A,B,A,B,B,A,A,B
JAX00239067,B,B,B,B,B,A,A,B
UNC_rs47654132,B,B,A,A,A,A,A,B
backupUNC200013645,A,A,B,B,A,B,-,B
UNC200014226,B,B,A,A,A,-,-,A
backupJAX00712427,A,A,A,A,A,B,B,B
backupJAX00179850,A,A,A,A,A,B,B,B
backupUNC200098152,B,A,A,B,B,A,A,B
backupJAX00713355,A,A,A,A,A,B,B,B
UNC200018029,A,B,A,A,A,B,B,B
UNC_rs8251020,A,A,B,A,B,B,A,B
UNC200019442,A,B,A,A,A,B,B,B
UNC200106288,A,B,B,B,B,A,A,A
UNC200557231,A,A,A,A,A,B,B,B
backupUNC200586059,A,A,A,A,A,B,B,B
JAX00182041,B,B,A,A,A,B,B,B
JAX00182178,A,B,B,B,B,A,A,B
backupUNC200609379,B,B,B,B,B,A,A,A
UNC200028187,A,A,B,A,B,B,B,B
backupUNC200111583,A,B,B,A,B,B,B,A
UNC200632580,A,A,A,A,A,B,B,B
JAX00716664,A,A,A,A,B,B,B,A
UNC200028921,A,B,A,A,A,A,A,A
backupUNC200029276,A,B,A,A,A,B,A,A
UNC200029463,B,A,B,B,B,A,A,A
UNC200029837,A,B,A,B,B,A,B,B
JAX00183170,A,A,A,A,B,B,B,A
JAX00183375,A,B,B,B,B,B,A,B
UNC200031673,A,B,A,A,B,B,A,B
UNC200198049,A,B,B,B,B,A,A,A
backupJAX00718738,A,A,A,A,A,B,B,B
backupUNC200687147,A,A,A,A,A,B,B,B
JAX00718824,A,A,A,A,A,B,B,B
UNC200036579,A,A,B,B,B,A,B,B
backupUNC200198763,A,B,B,B,A,A,-,B
JAX00719184,A,B,A,A,A,A,A,A
UNC200039490,A,B,A,B,A,B,A,B
backupUNC200692256,A,A,A,A,B,B,B,A
UNC200040398,A,B,A,B,B,A,A,-
UNC200040867,B,B,A,A,A,A,A,A
JAX00719784,B,B,B,B,A,A,A,B
backupUNC200041972,A,B,A,A,A,A,B,B
backupUNC200199933,B,A,A,A,A,B,B,B
UNC200042788,B,B,A,A,B,A,B,A
UNC200043244,A,B,A,A,B,B,A,A
UNC200201505,A,B,B,A,B,A,A,B
UNC200043724,B,A,B,B,A,-,B,B
JAX00185609,B,B,B,A,B,B,B,A
UNC200045337,A,B,A,A,A,A,B,A
JAX00721456,B,B,B,B,B,A,A,B
UNC200205568,B,A,A,B,B,B,B,B
JAX00186379,B,B,B,A,A,A,A,B
JAX00722071,A,A,A,A,A,A,B,A
backupJAX00722366,A,A,A,A,A,B,B,B
backupJAX00186716,A,A,A,A,A,B,B,B
UNC200066422,A,A,A,A,A,B,A,A
JAX00186885,B,A,B,B,B,B,A,A
backupUNC200838158,A,A,A,B,B,B,B,A
JAX00187167,B,A,B,B,A,A,A,A
UNC200051792,A,B,A,B,B,-,A,A
