{
  "description": "Maize MAGIC from Dell'Acqua et al (2015) doi:10.1186/s13059-015-0716-z",
  "crosstype": "genril9",
  "sep": ",",
  "na.strings": ["-", "NA"],
  "comment.char": "#",
  "geno": "maize_magic_geno.csv",
  "founder_geno": "maize_magic_foundergeno.csv",
  "gmap": "maize_magic_gmap.csv",
  "pmap": "maize_magic_pmap.csv",
  "pheno": "maize_magic_pheno.csv",
  "phenocovar": "maize_magic_phenocovar.csv",
  "genotypes": {
    "A": 1,
    "B": 3
  },
  "geno_transposed": true,
  "founder_geno_transposed": true,
  "cross_info": {
    "file": "maize_magic_crossinfo.csv"
  }
}
