# Founder genotypes (A/B/-) for MegaMUGA chromosome X
# nrow 2076
# ncol 9
marker,A,B,C,D,E,F,G,H
JAX00708539,A,A,A,A,A,B,B,A
JAX00176643,A,B,A,B,B,B,B,A
UNC200000454,A,B,A,B,B,A,B,A
JAX00176646,B,A,B,A,A,A,A,B
JAX00708557,B,B,B,B,B,A,A,B
JAX00708563,B,B,B,B,B,A,B,B
JAX00176671,A,A,A,A,A,B,B,A
JAX00708583,B,B,B,A,B,A,A,B
JAX00708591,A,A,A,B,A,B,B,B
JAX00176680,B,B,B,B,B,A,B,B
JAX00176681,B,B,B,A,B,A,A,A
UNC200282646,A,A,A,B,A,B,A,B
UNC30610687,B,B,B,A,B,A,A,B
UNC30610936,A,A,A,B,A,A,A,B
JAX00708618,A,A,A,A,A,A,A,B
UNC30611222,B,B,B,B,B,B,A,B
UNC200880603,B,B,B,A,B,B,A,A
JAX00708630,B,B,B,B,B,A,B,B
UNC30611560,B,B,B,B,B,A,A,A
UNC30611835,B,B,B,B,B,A,B,B
UNC30612242,B,B,B,A,B,A,A,B
UNC30612732,B,B,B,A,B,A,A,A
UNC200285015,A,A,A,B,B,B,B,A
JAX00708647,B,B,B,B,B,A,A,A
UNC30613121,A,A,A,A,A,B,A,A
JAX00708653,B,B,B,B,B,B,A,B
JAX00708655,B,B,B,A,B,A,A,A
JAX00708656,B,B,B,A,B,A,A,A
UNC30613443,A,A,A,B,A,B,B,A
UNC30613748,A,A,A,B,A,B,B,B
UNC30613972,A,A,A,A,A,B,B,B
UNC30614256,A,A,A,A,A,B,B,B
JAX00708680,B,B,B,B,B,B,A,B
UNC30614439,A,A,A,A,A,B,A,A
UNC30614443,A,A,A,A,A,B,B,A
JAX00708681,A,A,A,A,A,B,A,A
UNC30614651,B,B,B,B,B,A,A,A
UNC30615033,B,B,B,B,B,A,A,B
UNC30615269,A,A,A,B,A,A,A,A
backupUNC200287049,B,B,B,A,B,A,A,B
UNC30615721,A,A,A,B,A,B,B,A
UNC30616085,A,A,A,B,A,B,B,A
JAX00708711,B,B,B,B,B,A,A,A
JAX00708714,B,B,B,B,B,A,A,A
UNC30616738,B,B,B,B,B,A,B,B
UNC30616923,B,B,B,A,B,B,B,B
UNC30617733,B,B,B,A,B,A,A,A
UNC30618178,B,B,B,B,B,A,A,B
UNC30618375,B,B,B,B,B,A,B,B
UNC30618429,A,A,A,A,A,B,B,A
UNC30618581,B,B,B,B,B,A,A,B
UNC30618863,B,B,B,B,B,B,B,A
JAX00176775,A,A,A,B,A,B,B,B
UNC30619041,A,A,A,B,A,B,B,B
JAX00708748,A,A,A,A,A,B,B,B
UNC30619220,B,B,B,A,B,-,A,A
UNC30619621,A,A,A,A,A,B,B,B
UNC30620013,B,B,B,B,B,A,A,B
UNC30620339,A,A,A,A,A,B,B,B
JAX00176788,A,A,A,A,A,B,A,A
UNC30620787,B,B,B,B,B,A,B,B
UNC30621040,A,A,A,B,A,B,B,B
UNC30621363,A,A,A,B,A,B,B,B
UNC30621603,A,A,A,A,A,B,B,A
UNC30621909,A,A,A,B,A,B,B,A
UNC30622200,A,A,A,A,A,B,A,A
UNC30622505,B,B,B,A,B,A,A,B
UNC30622947,A,A,A,B,A,A,A,B
UNC30623235,B,B,B,A,B,B,B,B
JAX00708820,A,A,A,B,A,A,A,A
UNC30623418,B,B,B,A,B,A,B,A
UNC200292334,B,B,B,B,B,A,A,A
UNC30623801,B,B,B,A,B,A,A,A
JAX00176819,A,A,A,B,A,B,B,B
UNC30624751,A,A,A,A,A,B,A,A
UNC30624981,A,A,A,A,A,B,B,A
UNC30625209,B,B,B,B,B,A,B,B
UNC30625391,A,A,B,A,A,A,A,B
JAX00708849,A,A,A,B,A,B,B,A
JAX00708851,A,A,A,B,A,A,A,A
UNC30626136,B,B,A,A,B,A,A,A
UNC30626502,A,A,B,A,A,A,A,A
UNC30626663,A,A,A,A,A,B,A,A
UNC30627311,A,A,A,A,A,B,B,A
UNC30627439,A,A,A,A,A,B,B,A
UNC30627962,B,B,A,B,B,B,B,A
JAX00708925,B,B,B,B,B,A,A,B
JAX00176890,A,A,A,A,A,B,B,B
JAX00708930,B,B,B,B,B,A,A,B
JAX00708931,B,B,B,B,B,A,A,B
JAX00708932,A,A,A,A,A,B,B,A
UNC30629137,A,A,A,A,A,B,A,A
UNC30629488,B,B,B,B,B,A,A,B
JAX00708946,B,B,B,B,B,B,A,B
JAX00176908,B,B,A,B,B,B,A,A
UNC30630586,B,B,A,B,B,A,A,B
JAX00708967,B,B,B,B,B,B,B,A
JAX00708968,B,B,B,B,B,A,B,B
UNC30631685,B,B,A,B,B,A,A,A
backupJAX00708995,B,B,A,B,A,B,B,A
JAX00709012,B,B,A,B,A,A,A,A
JAX00176944,A,A,B,A,B,B,B,B
UNC30634815,A,A,A,A,A,B,B,B
JAX00176957,A,A,B,A,B,B,B,B
UNC30635548,B,B,A,B,A,A,B,A
JAX00709038,A,A,A,A,A,A,B,A
JAX00709041,B,B,A,B,A,A,A,A
UNC_rs50627251,A,A,B,A,B,B,A,B
JAX00709051,A,A,A,A,A,B,B,A
JAX00176974,A,A,B,A,B,A,A,B
JAX00709065,B,B,B,B,B,B,A,B
UNC200004516,A,A,-,A,-,B,B,-
JAX00709076,A,A,A,A,A,B,A,A
UNC30638980,B,B,A,B,A,A,B,A
backupUNC200004813,B,B,A,B,A,B,A,A
JAX00709094,B,B,A,B,A,B,B,A
JAX00176999,B,B,B,B,B,A,A,B
JAX00709104,A,A,A,A,A,B,B,B
UNC30641410,A,A,B,A,B,B,B,A
JAX00709117,A,A,A,A,A,B,B,A
JAX00709118,B,B,B,B,B,B,A,B
UNC30642287,A,A,A,A,A,B,B,A
UNC30642514,B,B,B,B,B,A,A,B
UNC30642753,A,A,A,A,A,B,A,A
UNC30642921,B,B,B,B,B,A,A,B
UNC30643162,A,A,A,A,A,B,B,A
backupUNC200249354,A,A,A,A,B,A,B,B
UNC30643849,B,B,B,B,B,A,A,B
UNC30643986,A,A,A,A,A,B,B,A
UNC30644141,B,B,B,B,B,A,B,B
UNC30644302,B,B,B,B,B,A,A,A
UNC30644441,B,B,B,B,B,A,A,B
UNC30644689,B,B,B,B,B,A,A,A
UNC30644851,B,B,B,B,B,A,A,A
JAX00709157,B,B,B,B,B,B,A,B
UNC30645093,A,A,A,A,A,B,A,A
JAX00177039,B,B,B,B,B,A,B,B
JAX00709164,B,B,B,B,B,B,B,A
JAX00177043,B,B,B,B,B,A,A,B
UNC30645640,A,A,A,A,A,B,B,B
UNC30645817,B,B,B,B,B,A,A,A
UNC30645925,B,B,B,B,B,B,A,A
UNC30646217,A,A,A,A,A,B,B,A
JAX00177052,A,A,A,A,A,B,B,A
UNC30646629,A,A,A,A,A,B,B,B
UNC30646731,A,A,A,A,A,B,B,B
UNC30647009,A,A,A,A,A,B,A,A
UNC30647206,A,A,A,A,A,B,B,A
UNC30647370,A,A,A,A,A,B,B,A
JAX00709191,A,A,A,A,A,B,B,B
JAX00177059,B,B,A,B,B,A,A,B
JAX00177060,A,A,B,A,A,B,B,A
UNC30647623,A,A,B,A,A,B,B,B
JAX00709197,B,B,B,B,B,B,A,B
UNC30647814,B,B,A,B,B,B,B,B
UNC30648078,B,B,B,B,B,A,B,B
JAX00709206,B,B,B,B,B,B,A,B
backupUNC200310334,B,B,B,B,B,A,A,A
UNC30648264,A,A,A,A,A,B,B,A
UNC30648327,B,B,B,B,B,A,A,A
UNC30648386,B,B,B,B,B,A,A,A
UNC30648539,B,B,B,B,B,A,B,B
UNC30648622,B,B,B,B,B,B,B,A
UNC30648744,B,B,B,B,B,A,A,B
UNC30648821,A,A,A,A,A,B,B,A
UNC30649018,B,B,B,B,B,A,B,B
UNC30649084,B,B,B,B,B,A,A,B
UNC30649204,A,A,A,A,A,B,B,A
JAX00177076,A,A,A,A,A,B,B,A
UNC30649305,A,A,A,A,A,B,B,A
UNC30649376,A,A,A,A,A,B,B,A
UNC30649432,B,B,B,B,B,A,B,B
UNC30649553,B,B,B,B,B,A,A,B
UNC30649629,A,A,A,A,A,B,B,A
UNC30649708,B,B,B,B,B,A,A,B
UNC30649793,A,A,A,A,A,B,B,A
UNC30649860,B,B,B,B,B,B,A,B
UNC30649957,A,A,A,A,A,B,B,A
UNC30650037,A,A,A,A,A,B,B,A
JAX00709239,A,A,A,A,A,B,B,A
UNC30650530,B,B,B,B,B,A,B,B
UNC30650934,B,B,B,B,B,A,A,A
UNC30651348,B,B,B,B,B,A,A,B
JAX00709268,A,A,A,A,A,B,B,B
backupJAX00709270,B,B,B,B,B,A,A,A
JAX00709277,B,B,B,B,B,A,A,B
UNC30652398,A,A,A,A,A,B,B,B
JAX00177107,B,B,B,B,B,A,B,B
UNC30652732,B,B,B,B,B,A,B,B
UNC30653309,A,A,A,A,A,B,B,B
UNC30653765,A,A,A,A,A,B,B,A
UNC30654286,B,B,B,B,B,A,A,A
UNC30655107,A,A,A,A,A,B,A,A
JAX00177128,A,A,A,A,A,B,A,A
UNC30655403,A,A,A,A,A,B,B,B
JAX00177134,A,A,A,A,A,B,A,A
UNC30655795,A,A,A,A,A,B,B,A
UNC30656656,A,A,A,A,A,B,B,B
JAX00709340,A,A,A,A,A,A,A,B
backupUNC200316908,A,A,A,A,A,B,B,B
UNC30657174,A,A,A,A,A,B,A,A
UNC30657714,A,A,A,A,A,B,B,B
UNC30658252,A,A,A,A,A,B,B,A
UNC30658767,B,B,B,B,B,A,A,A
UNC30659322,B,B,B,B,B,A,A,A
UNC30659801,A,A,A,A,A,B,A,B
JAX00177165,B,B,B,B,B,B,B,A
JAX00709378,B,B,B,B,B,B,A,B
UNC30660255,A,A,A,A,A,B,B,B
JAX00177172,A,A,B,A,B,B,B,B
UNC30660941,A,A,A,A,A,B,B,A
UNC200319662,B,B,B,B,B,A,A,A
JAX00709408,B,B,B,B,B,A,A,A
JAX00709411,A,A,A,A,A,A,A,B
UNC30662406,B,B,B,B,B,A,B,B
JAX00709415,B,B,B,B,B,A,A,A
UNC30663028,A,A,A,A,A,B,B,B
UNC30663505,B,B,B,B,B,A,A,B
UNC30663933,B,B,B,B,B,A,A,B
UNC30664376,B,B,B,B,B,B,B,A
JAX00238605,B,B,B,B,B,A,A,B
UNC30664552,B,B,B,B,B,A,B,B
UNC30664792,B,B,B,B,B,A,A,B
UNC30664973,B,B,B,B,B,A,A,B
JAX00177214,B,B,B,B,B,A,A,A
UNC30665419,B,B,B,B,B,A,A,A
JAX00709457,A,A,A,A,A,B,B,B
JAX00709465,A,A,A,A,A,B,B,B
UNC30666191,B,B,B,B,B,A,B,A
UNC200089428,B,A,A,B,B,B,B,B
UNC30666893,A,A,A,A,A,B,B,B
JAX00709481,B,B,B,B,B,B,A,B
UNC30667425,B,B,B,B,B,A,A,B
JAX00709485,A,A,A,A,A,B,A,A
UNC30667923,A,A,A,A,A,B,B,B
UNC30668589,A,A,A,A,A,B,B,B
UNC30669207,A,A,A,A,A,B,A,A
JAX00177255,A,A,A,A,A,A,B,A
JAX00709530,A,A,A,A,A,B,B,B
JAX00177266,A,A,A,A,A,B,B,B
JAX00177269,B,B,B,B,B,A,A,B
UNC30671235,B,B,B,B,B,A,A,A
JAX00177275,A,A,A,A,A,A,A,B
JAX00177277,A,A,A,A,A,B,B,B
JAX00709553,A,A,A,A,A,A,B,A
JAX00709555,B,B,B,B,B,A,B,B
JAX00709559,A,A,A,A,A,A,A,B
UNC30672748,A,A,A,A,A,B,A,A
UNC30673331,A,A,A,A,A,B,B,B
JAX00177303,B,B,B,B,B,B,A,B
UNC30674102,A,A,A,A,A,B,B,B
JAX00709584,A,A,A,A,A,A,A,B
UNC30674758,B,B,B,A,B,B,B,B
JAX00709598,B,B,B,B,B,A,A,A
UNC30675851,B,B,B,B,B,A,B,B
UNC30676681,B,B,B,B,B,A,A,A
UNC30677423,A,A,A,A,A,B,B,A
JAX00709622,A,A,A,A,A,B,B,B
JAX00177344,A,A,A,A,A,B,B,A
UNC30679070,A,B,B,B,B,B,B,B
JAX00177356,B,B,B,B,B,A,A,B
JAX00177357,B,B,B,B,B,A,A,B
UNC200334548,A,A,A,A,A,B,B,B
JAX00709653,A,A,A,A,A,A,B,A
JAX00709657,B,B,B,B,B,A,B,B
JAX00709659,A,A,A,A,A,B,B,A
JAX00709661,B,B,B,B,B,A,A,B
JAX00709670,B,B,B,B,B,A,A,B
UNC30682052,B,B,B,B,B,A,A,B
JAX00709676,A,A,A,A,A,B,B,A
UNC200210623,B,B,B,B,B,A,A,A
JAX00709682,A,A,A,A,A,B,B,A
JAX00709691,B,B,B,B,B,A,A,B
JAX00709697,A,A,A,A,A,B,B,A
UNC30684468,B,B,B,B,B,A,B,B
JAX00709702,A,A,A,A,A,B,B,A
UNC30685136,A,A,A,A,A,B,B,A
JAX00709715,B,B,B,B,B,A,A,A
UNC30685912,A,A,A,A,A,B,B,A
JAX00177415,A,A,A,A,A,B,B,A
UNC30687129,B,B,B,B,B,A,A,A
UNC30687700,B,B,B,B,B,A,B,B
UNC30688115,B,B,B,B,B,A,A,A
UNC30688469,A,A,A,A,A,B,B,A
JAX00177448,B,B,B,B,B,A,A,A
JAX00177453,A,A,A,A,A,B,B,B
UNC30689278,A,A,A,A,A,B,B,B
JAX00177459,B,B,B,B,B,A,A,A
JAX00238656,A,A,A,A,A,B,B,B
UNC30689836,B,B,B,B,B,A,A,A
JAX00709763,B,B,B,B,B,A,B,B
JAX00177467,A,A,A,A,A,B,B,A
JAX00177468,B,B,B,B,B,A,A,B
JAX00709767,B,B,B,B,B,B,A,B
JAX00177469,A,A,A,A,A,B,A,A
UNC30690563,A,A,A,A,A,B,A,A
UNC30691033,B,B,B,B,B,A,A,A
JAX00177480,B,B,B,B,B,A,A,B
JAX00177481,A,A,A,A,A,B,B,A
UNC30692071,B,B,B,B,B,A,A,B
UNC30692669,A,A,A,A,A,B,B,A
UNC30692922,A,A,A,A,A,B,B,A
JAX00177498,B,B,B,B,B,A,A,B
UNC30693126,B,B,B,B,B,A,B,B
UNC30693454,A,A,A,A,A,B,B,B
UNC30693718,A,A,A,A,A,B,B,B
JAX00177505,A,A,A,A,A,A,B,A
UNC30694158,A,A,A,A,A,B,B,A
JAX00177508,B,B,B,B,B,A,A,B
UNC30694401,B,B,B,B,B,A,A,A
JAX00177511,A,A,A,A,A,B,B,A
JAX00238672,B,B,B,B,B,A,A,B
UNC30694645,A,A,A,A,A,B,A,A
JAX00177517,B,B,B,B,B,A,A,B
UNC30695131,B,B,B,B,B,A,A,A
UNC30695507,A,A,A,A,A,B,B,A
UNC30695738,B,B,B,B,B,A,A,B
JAX00177527,A,A,A,A,A,A,B,A
UNC30695994,B,B,B,B,B,A,B,B
UNC30696306,B,B,B,B,B,A,A,B
JAX00177533,A,A,A,A,A,B,A,A
JAX00177534,A,A,A,A,A,B,A,A
UNC30696498,A,A,A,A,A,B,B,B
UNC30696808,B,B,B,B,B,A,A,A
UNC30697012,A,A,A,A,A,B,B,B
UNC30697358,B,B,B,B,B,A,B,B
JAX00709858,B,B,B,B,B,A,A,A
UNC30697627,A,A,A,A,A,B,B,A
JAX00238681,A,A,A,A,A,B,B,B
UNC30698758,B,B,B,B,B,A,A,B
UNC30698948,A,A,A,A,A,A,B,B
UNC30699425,A,A,A,A,A,B,B,B
UNC30699686,A,A,A,A,A,B,B,B
UNC30699898,A,A,A,A,A,B,B,A
UNC200349871,B,B,B,B,B,A,A,A
UNC30700441,A,A,A,A,A,B,B,B
UNC30700765,B,B,B,B,B,A,A,A
UNC30701595,A,A,A,A,A,B,B,B
JAX00177594,A,A,A,A,A,A,A,B
UNC30704330,B,B,B,B,B,B,A,A
JAX00177612,B,B,B,B,B,B,A,B
backupJAX00709954,B,B,B,B,B,A,A,A
JAX00177636,B,B,B,B,B,A,A,B
backupUNC200355425,A,A,A,A,A,B,B,B
JAX00709975,B,B,B,B,B,A,B,B
JAX00709976,A,A,A,A,A,B,B,A
UNC30709000,A,A,A,A,A,B,B,B
UNC200357719,B,B,B,B,B,A,A,A
UNC30710710,A,A,A,A,A,B,B,A
UNC30711880,A,A,A,A,A,B,A,A
UNC30713209,A,A,A,A,A,B,B,B
JAX00177716,A,A,A,A,A,B,B,B
JAX00238701,B,B,B,B,B,A,A,B
JAX00710061,B,B,B,B,B,A,A,A
UNC30717257,B,B,B,B,B,A,A,B
JAX00177739,A,A,A,A,A,B,B,A
JAX00177748,A,A,A,A,A,B,B,A
JAX00177752,B,B,B,B,B,A,A,B
UNC30718220,A,A,A,A,A,B,A,A
UNC30719002,A,A,A,A,A,B,B,B
UNC30719599,B,B,B,B,B,A,A,A
JAX00177765,A,A,A,A,A,B,B,B
UNC30720191,A,A,A,A,A,B,B,A
UNC30720465,B,B,B,B,B,A,B,A
JAX00177773,A,A,A,A,A,B,B,B
UNC30720871,B,B,B,B,B,A,A,B
UNC30721070,B,B,B,B,B,A,A,A
UNC30721263,B,B,B,B,B,A,A,A
JAX00710130,B,B,B,B,B,B,A,B
UNC30721516,B,B,B,B,B,A,B,B
UNC30721793,B,B,B,B,B,A,A,A
UNC30721931,A,A,A,A,A,B,B,A
UNC30722598,A,A,A,A,A,B,B,B
UNC30722692,A,A,A,A,A,A,B,B
UNC30722932,B,B,B,B,B,A,A,A
UNC30723415,A,A,A,A,A,B,B,B
UNC30723729,A,A,A,A,A,B,A,A
UNC30723807,B,B,B,B,B,A,A,B
UNC30724960,B,B,B,B,B,B,A,A
UNC30725025,A,A,A,A,A,B,B,B
UNC30725243,A,A,A,A,A,B,B,B
UNC30725373,A,A,A,A,A,B,B,B
UNC30725617,B,B,B,B,B,A,A,B
JAX00710179,B,B,B,B,B,A,A,A
JAX00177822,B,B,B,B,B,A,A,A
JAX00177823,A,A,A,A,A,B,B,A
UNC30726384,A,A,A,A,A,B,A,B
backupJAX00710201,B,B,B,B,B,A,A,A
UNC30727695,A,A,A,A,A,B,B,B
JAX00177867,B,B,B,B,B,B,B,A
JAX00710224,A,A,A,A,A,B,B,B
UNC30729489,A,A,A,A,A,B,B,B
UNC30730638,B,B,B,B,B,A,B,B
UNC30731503,A,A,A,A,A,B,B,B
UNC30733028,A,A,A,A,A,B,B,B
UNC30734400,B,B,B,B,B,A,A,B
JAX00710306,A,A,A,A,A,B,B,B
JAX00710307,A,A,A,A,A,B,B,B
JAX00177936,A,A,A,A,A,B,B,A
backupJAX00710313,B,B,B,B,B,A,A,A
JAX00238762,B,B,B,B,B,A,A,A
UNC30737281,B,B,B,B,B,A,B,A
UNC30738356,B,B,B,B,B,A,A,A
UNC200381325,A,A,A,A,A,B,B,B
UNC30739503,B,B,B,B,B,B,B,A
backupUNC200381363,B,B,B,B,B,A,A,A
UNC30739775,B,B,B,B,B,A,A,A
UNC200007340,B,A,B,B,B,B,B,B
JAX00177959,B,B,B,B,B,B,A,B
JAX00710336,B,B,B,B,B,B,A,B
JAX00177973,A,A,A,A,A,A,B,A
JAX00177976,A,A,A,A,A,A,B,A
UNC30742350,A,B,A,A,A,A,A,A
UNC200382483,A,A,A,A,A,B,B,B
JAX00710358,B,B,B,B,B,A,B,A
UNC30743509,B,B,B,B,B,A,B,A
JAX00710377,A,A,A,A,A,B,B,A
backupJAX00710383,A,A,A,A,A,B,B,B
UNC30744025,B,B,B,B,B,A,A,A
JAX00710385,A,A,A,A,A,A,B,A
JAX00710386,B,B,B,B,B,B,B,A
UNC30744427,A,A,A,A,A,A,B,B
JAX00178019,B,B,B,B,B,B,A,B
UNC30744860,A,A,A,A,A,A,B,B
UNC30745253,B,B,B,B,B,A,A,B
JAX00178025,A,A,A,A,A,A,B,A
JAX00710409,A,A,A,A,A,A,B,A
JAX00710411,B,B,B,B,B,A,A,A
UNC30745604,A,A,A,A,A,B,B,A
JAX00178029,B,B,B,B,B,B,A,B
JAX00178030,B,B,B,B,B,A,A,A
UNC30745973,A,A,A,A,A,A,B,B
JAX00710420,A,A,A,A,A,A,B,B
JAX00178040,A,A,A,A,A,A,B,A
UNC30746854,A,A,A,A,A,B,B,B
JAX00238856,A,A,A,A,A,A,B,A
JAX00178044,A,A,A,A,A,A,B,A
UNC30747328,A,A,A,A,A,A,B,A
UNC30747562,A,A,A,A,A,A,B,B
JAX00178054,B,B,B,B,B,B,A,B
UNC30747797,B,B,B,B,B,B,A,B
UNC30748057,B,B,B,B,B,B,A,A
UNC30748468,B,B,B,B,B,A,A,A
JAX00178066,A,A,A,A,A,A,B,A
UNC30748788,B,B,B,B,B,A,A,B
UNC30749060,A,A,A,A,A,B,B,A
JAX00178073,A,A,A,A,A,A,B,A
UNC30749196,A,A,A,A,A,B,A,A
UNC30749315,A,A,A,A,A,B,A,A
UNC30749542,A,A,A,A,A,B,B,A
UNC30749597,A,A,A,A,A,B,B,A
JAX00710475,A,A,A,A,A,B,A,A
UNC30749825,B,B,B,B,B,B,B,A
JAX00710480,A,A,A,A,A,B,B,B
UNC30750337,A,A,A,A,A,A,B,B
UNC30750639,B,B,B,B,B,B,A,A
UNC30750883,A,A,A,A,A,A,B,B
UNC30751340,A,A,A,A,A,A,B,A
UNC30751841,A,A,A,A,A,B,B,B
UNC30752144,B,B,B,B,B,A,A,A
UNC30752337,A,A,A,A,A,A,B,B
JAX00710520,A,A,A,A,A,B,A,A
JAX00178124,A,A,B,A,A,A,B,B
UNC30752867,B,B,B,B,B,A,A,B
JAX00178133,B,B,B,B,B,B,B,A
UNC30753118,A,A,A,A,A,B,B,B
UNC30753391,B,B,B,B,B,B,A,A
JAX00178139,B,B,B,B,B,B,A,B
UNC200007700,A,A,B,A,A,B,A,B
JAX00710536,B,B,B,B,B,B,A,B
UNC30754038,A,A,B,A,A,B,B,B
JAX00710546,A,A,A,A,A,B,B,A
JAX00178154,B,B,B,B,B,B,A,B
JAX00710565,A,A,A,A,A,A,B,B
JAX00710569,A,A,A,A,A,A,B,A
JAX00178174,B,B,B,B,B,B,A,B
UNC200007844,B,B,A,B,B,A,A,A
JAX00178179,A,A,A,A,A,A,B,A
JAX00710587,B,B,B,B,B,B,A,B
JAX00178200,A,A,A,A,A,B,A,A
JAX00178201,A,A,A,A,A,B,B,A
backupUNC200007909,B,B,A,B,B,A,A,A
UNC200007914,B,B,A,B,B,A,A,A
UNC30757733,B,B,B,B,B,A,A,A
JAX00710608,B,B,B,B,B,B,B,A
JAX00710610,A,A,A,A,A,A,B,A
JAX00178226,A,A,A,A,A,B,B,A
UNC200387084,A,A,A,A,A,B,B,B
JAX00710655,B,B,B,B,B,B,A,B
JAX00710656,A,A,A,A,A,B,B,B
backupUNC200008026,A,A,B,A,A,B,B,B
UNC30761011,A,A,A,A,A,B,A,B
JAX00178266,A,A,A,A,A,A,A,B
UNC30762021,A,A,B,A,A,B,B,B
backupUNC200387638,B,B,B,B,B,A,A,A
JAX00710690,B,B,B,B,B,B,A,B
UNC30763739,A,A,A,A,A,B,B,B
JAX00710701,A,A,A,A,A,B,B,A
UNC200008104,B,B,A,B,B,A,A,A
JAX00710719,B,B,B,B,B,B,A,B
backupJAX00238910,B,B,B,B,B,A,A,A
JAX00710729,B,B,B,B,B,A,B,B
UNC30765220,A,A,A,A,A,B,B,A
UNC200388435,B,B,B,B,B,A,A,A
UNC30766111,B,B,B,B,B,B,A,A
JAX00710762,A,A,A,A,A,A,A,B
JAX00710764,A,A,A,A,A,A,B,B
JAX00710779,B,B,B,B,B,B,A,A
UNC30767521,A,A,A,A,A,B,B,B
backupUNC200388541,B,B,B,B,B,A,A,A
UNC30767845,A,A,A,A,B,A,A,A
JAX00710794,A,A,A,A,A,B,B,B
UNC30769314,A,A,A,A,A,B,B,B
JAX00178401,A,A,A,A,A,A,B,A
backupUNC200388916,A,A,A,A,A,B,B,B
UNC30770156,A,A,A,A,A,B,A,B
JAX00178410,B,B,B,B,B,B,A,B
JAX00710836,B,B,B,B,B,B,B,A
JAX00178430,B,B,B,B,B,B,A,B
JAX00710846,A,A,A,A,B,B,B,A
JAX00710854,A,A,A,A,A,B,A,A
UNC30772593,B,B,B,B,A,A,A,A
JAX00178458,A,B,B,B,A,A,A,A
JAX00178461,A,A,A,A,A,A,B,A
JAX00710872,B,B,B,B,B,A,B,B
JAX00178463,B,B,B,B,B,B,A,B
UNC30774073,A,A,A,A,B,A,A,A
JAX00178468,A,A,A,A,A,B,B,A
UNC30774548,A,A,A,B,A,A,A,A
JAX00710890,A,A,A,A,A,A,B,A
UNC200389762,B,B,B,B,A,A,A,A
JAX00710894,A,A,A,A,A,A,B,A
JAX00710914,A,A,A,A,A,A,B,A
UNC200389979,B,B,B,B,A,A,A,A
UNC30776885,A,A,A,A,A,B,B,A
JAX00178520,A,A,A,A,A,A,B,A
UNC30777756,B,B,B,B,A,A,A,A
JAX00178525,A,A,A,A,A,A,B,A
JAX00710939,B,B,B,B,B,B,A,B
JAX00178532,A,A,A,A,A,A,B,A
JAX00710944,A,A,A,A,A,B,B,A
JAX00178543,A,A,A,A,A,A,B,A
UNC30778904,A,A,A,A,B,B,A,A
UNC200390801,B,B,B,B,A,A,A,B
backupUNC200391017,A,A,A,A,B,B,B,A
JAX00178560,A,A,A,A,A,A,B,A
JAX00710959,B,B,B,B,B,A,B,B
JAX00178562,A,A,A,A,A,A,B,A
UNC30781136,A,A,A,A,A,B,A,A
UNC30781834,A,A,A,A,B,B,B,B
JAX00178595,B,B,B,B,B,B,A,B
backupUNC200391881,B,B,B,B,A,A,A,B
JAX00178610,B,B,B,B,A,B,A,A
UNC30783995,A,A,A,A,B,A,A,B
UNC30784224,B,B,B,B,A,B,A,A
JAX00178623,B,B,B,B,B,B,A,B
UNC30784917,A,A,A,A,B,B,B,B
UNC30785187,B,B,B,B,B,A,A,A
UNC30786130,A,A,A,A,B,B,B,B
UNC200392323,B,B,B,B,B,A,A,A
JAX00711031,A,A,A,A,A,A,B,A
UNC30786585,B,B,B,B,A,A,A,A
UNC200008702,B,B,B,B,A,A,A,A
UNC30787521,B,B,B,B,A,A,A,A
UNC30787866,B,B,B,B,A,B,B,A
UNC30788545,B,B,B,B,A,B,B,B
UNC30788846,B,B,B,B,A,A,B,A
backupUNC200393064,B,B,B,B,-,-,A,-
UNC30789157,A,A,A,A,B,B,B,B
UNC30789410,B,B,B,B,B,A,B,B
JAX00178691,A,A,A,A,A,A,B,A
UNC30789906,A,A,A,A,B,B,B,B
UNC30790865,A,A,A,A,B,B,B,B
UNC30791395,A,A,A,A,B,A,B,B
UNC30791526,B,B,B,B,A,A,A,A
JAX00178720,A,A,A,A,A,A,B,B
JAX00711109,B,B,B,B,B,B,A,B
UNC30792038,A,A,A,A,A,A,B,B
UNC30792419,A,A,A,A,A,A,B,A
JAX00711118,A,A,A,A,A,A,B,A
UNC30793138,A,A,A,A,A,B,A,A
JAX00178746,B,B,B,B,B,B,A,B
UNC30793694,A,A,A,A,B,A,A,A
JAX00238980,B,B,B,B,B,B,A,B
UNC200393845,B,B,B,B,B,A,A,A
UNC30794281,A,A,A,A,A,B,B,A
JAX00178756,B,B,B,B,B,A,A,B
UNC30794480,B,B,B,B,B,A,A,B
UNC30794561,B,B,B,B,B,A,B,B
UNC30794863,B,B,B,B,A,A,A,A
JAX00178769,B,B,B,B,B,B,A,B
UNC30795292,B,B,B,B,B,B,A,B
UNC30795630,B,B,B,B,B,B,B,A
UNC200008932,A,B,A,A,B,B,A,B
UNC30795895,B,A,B,B,A,A,A,A
JAX00178790,B,A,B,B,A,A,A,A
UNC30796430,B,A,B,B,A,A,B,A
UNC30796800,A,A,A,A,A,B,B,A
JAX00711184,A,A,A,A,A,B,A,A
JAX00178802,A,A,A,A,A,A,B,B
UNC30797073,A,A,A,A,A,A,B,B
JAX00711187,B,B,B,B,B,A,A,B
JAX00711192,B,B,B,B,B,A,B,B
JAX00711201,B,B,B,B,B,A,A,B
JAX00178812,B,B,B,B,B,A,A,A
UNC30798054,B,B,B,B,A,A,A,A
JAX00711208,B,B,B,B,B,B,A,B
JAX00711211,A,A,A,A,A,B,A,A
JAX00711218,A,A,A,A,A,A,A,B
UNC30798651,B,A,B,B,A,A,B,B
UNC200071840,B,A,B,B,A,A,B,B
JAX00711224,B,B,B,B,B,A,A,B
UNC30799289,B,B,B,B,B,A,-,B
JAX00711240,B,B,B,B,B,A,A,A
JAX00711243,A,A,A,A,A,A,A,B
UNC30800635,B,B,B,B,B,A,A,A
UNC30801046,A,B,A,A,B,A,A,B
UNC30801560,A,B,A,A,B,A,B,B
UNC30801779,B,A,B,B,A,A,A,A
UNC30802291,A,B,A,A,A,B,B,B
UNC30802998,A,B,A,A,A,A,A,A
UNC30803751,B,B,B,B,B,A,A,B
JAX00711290,B,B,B,B,B,A,A,B
UNC30804612,B,B,B,B,B,A,A,B
JAX00178874,B,B,B,B,B,A,A,B
UNC30804910,A,B,A,A,A,B,B,B
JAX00711307,A,A,A,A,A,B,A,A
UNC200009854,A,B,A,A,A,-,A,B
UNC30805672,B,A,B,B,B,A,A,B
UNC30806046,B,A,B,B,B,A,A,A
JAX00711318,A,A,A,A,A,A,B,A
UNC30807434,A,A,A,A,A,B,B,B
JAX00711337,A,A,A,A,A,A,A,B
JAX00711339,B,B,B,B,B,A,A,B
UNC30808072,B,A,A,A,A,A,A,A
JAX00178908,A,B,A,A,A,A,A,A
UNC30808641,B,B,B,B,B,A,A,B
JAX00711354,B,B,B,B,B,A,B,B
UNC30809138,B,B,B,B,B,A,B,B
backupUNC200010273,A,B,A,A,A,B,B,A
JAX00178919,B,B,B,B,B,A,A,B
UNC30809917,A,A,A,A,A,A,A,B
UNC30810621,B,A,B,B,B,A,A,B
JAX00711397,A,A,A,A,A,B,B,A
UNC30811362,B,A,B,B,B,A,A,B
UNC30812126,A,A,A,A,A,B,B,A
UNC30812524,B,B,B,B,B,A,A,A
UNC30812740,B,B,B,B,B,A,B,B
UNC30813296,B,A,B,B,B,A,A,A
JAX00711424,A,A,A,A,A,A,A,B
backupJAX00239017,B,B,B,B,B,A,A,A
JAX00711431,A,A,A,A,A,B,B,B
UNC30814265,A,A,A,A,A,B,A,A
UNC30814939,A,A,A,A,A,B,B,A
JAX00178992,B,A,B,B,B,A,A,B
UNC30815589,A,A,A,A,A,B,B,B
UNC30816229,B,B,B,B,B,A,A,B
UNC30816922,B,A,B,B,B,B,B,A
UNC30817406,B,B,B,B,B,B,A,B
JAX00711475,A,A,A,A,A,B,A,A
backupUNC200011184,B,A,B,B,B,B,B,A
JAX00179014,A,B,A,A,A,B,B,B
UNC30817780,A,B,A,A,A,B,B,B
UNC30818325,A,A,A,A,A,B,B,B
UNC30818714,B,A,B,B,B,A,A,A
JAX00711481,A,A,A,A,A,A,B,A
UNC30818893,B,B,B,B,B,A,B,B
UNC30818979,B,A,B,B,B,A,A,B
JAX00711495,B,B,B,B,B,A,B,B
UNC30819468,A,A,A,A,A,B,B,A
UNC30819822,B,A,B,B,B,B,B,B
UNC30819833,A,A,A,A,A,B,A,A
UNC30819860,B,A,B,B,B,B,A,B
UNC30819984,B,B,B,A,B,B,B,B
UNC30820338,A,A,A,A,A,A,A,B
UNC30820520,A,A,A,A,A,A,B,A
UNC30820593,B,B,B,B,B,B,A,B
UNC30820816,B,B,B,B,B,B,A,B
UNC30821096,A,A,A,A,A,A,A,B
UNC30821425,B,B,B,B,B,B,A,B
UNC30821709,B,A,B,B,B,A,A,A
UNC30822118,A,A,A,A,A,A,B,A
UNC30822343,A,B,A,A,A,A,A,A
UNC30822679,B,B,B,B,B,A,B,B
UNC30822917,B,A,B,B,B,B,B,B
UNC30823100,B,B,B,B,B,A,A,B
backupUNC200011470,A,B,A,A,B,B,B,B
JAX00711570,A,B,A,A,A,B,B,B
UNC30824054,A,B,A,A,B,A,B,B
UNC30824327,B,A,A,A,B,A,B,A
JAX00179106,A,B,B,B,A,B,B,A
UNC30824784,B,B,B,B,B,A,A,A
UNC30825302,B,A,A,A,B,B,A,A
UNC30825576,B,A,A,A,B,B,B,A
JAX00711608,B,A,A,A,B,A,A,A
JAX00179119,B,A,A,A,B,B,B,B
UNC30825992,B,A,B,B,B,A,A,B
JAX00711615,B,B,B,B,B,B,A,B
UNC30826267,A,B,B,B,B,B,B,A
UNC30826946,B,B,B,B,B,B,A,B
UNC200011964,A,A,B,B,A,A,B,B
JAX00711640,B,B,B,B,B,B,B,A
UNC30827705,A,A,B,B,A,B,B,B
JAX00179137,B,B,A,A,B,A,A,A
UNC30827993,A,B,A,A,B,A,A,A
UNC30828471,B,B,A,A,B,A,A,B
JAX00179146,A,A,B,B,A,B,B,B
UNC30828898,A,A,A,A,A,B,B,A
UNC30829237,B,B,A,A,B,B,A,A
UNC30829501,A,A,A,B,A,A,A,B
UNC30829846,B,B,B,B,B,B,B,A
UNC30829909,A,A,A,A,A,B,A,A
UNC30830018,B,B,B,B,B,A,A,A
UNC30830149,B,B,B,B,B,B,A,A
UNC30830250,A,A,A,A,A,B,B,A
UNC30830381,A,A,A,A,A,B,B,B
backupUNC200012354,A,B,A,B,B,A,A,B
UNC30830777,A,A,A,A,A,B,A,A
UNC30830939,B,A,A,A,A,B,B,B
UNC30831040,B,A,A,A,A,A,A,A
UNC30831221,B,B,B,B,B,A,A,B
UNC30831551,B,B,B,B,B,A,B,B
UNC30831919,B,B,B,B,B,A,A,B
UNC30832027,A,A,A,A,A,B,B,B
UNC30832247,B,B,B,B,B,A,A,A
UNC30832315,B,B,B,B,B,A,B,B
UNC200012440,B,B,A,A,A,B,B,A
UNC30832495,B,B,A,A,A,B,B,B
UNC30832879,B,B,B,B,B,A,A,B
UNC30832957,A,A,A,A,A,B,B,B
JAX00711731,B,B,B,B,B,A,A,A
UNC30833163,B,B,B,B,B,A,B,B
UNC30833446,B,B,A,A,B,A,A,A
UNC30833519,A,A,A,A,A,A,A,B
backupUNC200012541,A,A,B,B,A,B,A,A
UNC30833735,A,B,A,A,A,B,B,B
UNC30833830,A,A,A,A,A,B,A,A
UNC30833889,A,A,B,B,A,A,A,A
UNC30834080,A,A,A,A,A,B,B,A
UNC30834242,B,A,B,B,B,B,B,A
JAX00711757,A,B,A,A,A,B,B,B
UNC30834438,B,B,B,B,B,A,A,A
UNC30834544,A,A,A,A,A,B,A,A
UNC30835089,A,B,B,B,A,B,B,A
JAX00179203,A,B,B,B,A,A,A,A
backupUNC200418225,B,B,B,B,B,A,A,A
backupUNC200092333,A,B,B,B,B,A,A,A
UNC30837631,B,B,B,B,B,B,B,A
JAX00239067,B,B,B,B,B,A,A,B
UNC200092423,B,A,A,A,A,B,B,B
UNC200092647,A,B,B,B,B,B,A,A
UNC30841258,A,A,A,A,A,B,B,A
JAX00711943,A,A,A,A,A,A,B,A
UNC30843062,A,A,A,A,A,B,A,B
UNC200092758,B,A,A,A,A,B,A,B
JAX00711971,B,B,B,B,B,A,B,B
UNC30844954,A,B,B,B,B,A,A,A
UNC30846202,B,B,A,B,B,B,B,B
UNC30847273,B,B,B,A,B,A,B,B
JAX00712006,B,B,B,B,B,A,A,B
JAX00179367,A,A,A,B,A,B,B,B
UNC30847755,B,B,B,A,B,A,A,A
JAX00179369,B,B,B,A,B,A,A,B
UNC30848250,B,B,B,A,B,A,A,B
UNC_rs47654132,B,B,A,A,A,A,A,B
JAX00712023,A,A,A,A,A,B,B,B
JAX00712035,A,A,A,A,A,B,B,B
JAX00179382,A,A,A,A,A,B,B,A
UNC30849332,A,A,A,A,A,B,B,B
JAX00712044,B,B,B,B,B,B,B,A
JAX00179390,A,A,A,A,A,A,B,A
UNC30850457,B,B,A,A,B,A,A,B
UNC30850883,A,A,A,A,A,A,B,A
JAX00712068,A,A,A,A,A,B,B,A
JAX00179402,B,B,B,B,B,A,A,B
JAX00712073,A,A,A,A,A,B,A,A
UNC30851745,A,A,B,B,A,B,B,B
JAX00179412,A,A,A,A,A,A,B,A
UNC30852286,A,A,A,A,A,B,B,B
JAX00179414,B,B,B,B,B,A,A,B
UNC30853012,A,A,B,B,A,B,B,B
JAX00179421,A,A,A,A,A,B,B,A
UNC30853537,A,A,B,B,A,B,A,A
backupUNC200013645,A,A,B,B,A,B,-,B
UNC30854480,B,B,A,A,B,B,B,A
B6_rs6368704,B,A,B,B,B,B,B,B
JAX00179431,B,B,A,A,B,A,A,A
JAX00712118,A,A,A,A,A,B,A,A
JAX00179433,B,B,A,A,B,A,A,A
JAX00179434,A,A,B,B,A,B,B,B
JAX00179435,A,A,B,B,A,A,A,A
UNC30855045,A,A,A,A,A,B,B,B
UNC30855847,A,A,B,B,A,B,B,B
UNC30856474,A,A,B,B,B,A,B,A
JAX00179450,A,A,B,B,B,A,A,A
JAX00712149,A,A,A,A,A,A,B,A
UNC30857253,A,A,B,B,B,B,B,A
JAX00712167,A,A,A,A,A,B,B,A
JAX00179462,A,A,A,A,A,B,A,A
JAX00712179,B,B,B,B,B,A,B,A
UNC30858426,B,B,B,B,B,A,-,A
JAX00239128,B,B,B,B,B,A,A,A
UNC30859275,A,A,A,A,A,A,B,B
UNC30859684,B,B,B,B,B,A,A,A
JAX00712204,B,B,B,B,B,A,A,B
JAX00179495,A,A,A,A,A,B,B,A
JAX00179496,A,A,A,A,A,B,B,A
UNC30861005,A,A,A,A,A,B,B,A
JAX00712223,A,A,A,A,A,B,B,B
UNC30861836,B,B,A,A,A,A,B,A
UNC200014226,B,B,A,A,A,B,B,A
UNC30862394,A,A,B,B,B,A,A,B
JAX00712239,B,B,A,A,A,A,A,A
UNC30863448,B,B,B,B,B,A,A,A
JAX00712261,B,B,B,B,B,A,A,B
JAX00712263,B,B,B,B,B,A,B,B
UNC30864378,B,B,B,B,B,A,B,B
UNC30865157,A,A,B,B,B,A,A,A
JAX00712272,B,B,B,B,B,A,A,A
JAX00712276,A,A,A,A,A,B,A,A
JAX00712278,B,B,B,B,B,A,A,B
UNC30865647,A,B,B,B,B,B,B,A
backupUNC200093060,A,B,B,B,B,B,A,A
JAX00712290,B,B,B,B,B,A,B,B
JAX00712291,A,B,B,B,B,B,B,A
JAX00179563,B,B,B,B,B,B,A,B
UNC30868052,B,B,B,B,B,A,B,B
UNC30868575,A,A,A,A,A,A,A,B
UNC30868998,A,B,B,B,B,B,B,B
UNC30869775,A,A,A,A,A,B,B,A
UNC30870374,A,A,A,A,A,B,A,A
JAX00712350,B,B,B,B,B,A,A,B
UNC200093280,A,B,B,B,B,A,A,A
JAX00712352,A,A,A,A,A,A,B,A
UNC30870967,B,B,B,B,B,A,A,A
UNC30871676,B,B,B,B,B,A,A,A
JAX00179609,B,B,B,B,B,A,A,B
UNC30872863,A,B,B,B,B,B,B,B
UNC30874133,B,B,B,B,B,A,B,A
JAX00179625,B,B,B,B,B,A,A,A
UNC30875720,B,B,B,B,B,A,A,A
JAX00239166,A,A,A,A,A,A,B,A
backupJAX00712427,A,A,A,A,A,B,B,B
UNC30878546,A,A,B,A,A,A,A,A
JAX00179675,A,A,A,A,A,B,B,A
UNC30879842,B,B,B,B,B,A,A,B
JAX00179690,B,B,B,B,B,A,A,B
UNC30881185,B,A,A,A,A,B,B,B
JAX00179704,B,A,A,A,A,A,A,A
JAX00179708,B,B,B,B,B,A,A,B
JAX00179713,A,A,A,A,A,B,B,A
JAX00712507,B,B,B,B,B,A,A,B
JAX00179727,A,A,A,A,A,B,A,A
UNC30885012,A,B,B,B,B,B,B,B
JAX00712522,A,A,A,A,A,B,B,A
JAX00712533,B,B,B,B,B,B,A,B
JAX00179753,B,B,B,B,B,A,A,B
JAX00712535,A,A,A,A,A,B,B,A
UNC30886193,B,B,B,B,B,A,A,B
JAX00712544,B,B,B,B,B,A,A,A
JAX00179758,B,B,B,B,B,A,A,B
JAX00712558,A,A,A,A,A,B,B,A
UNC30887703,A,B,B,B,A,A,A,A
JAX00179778,B,B,B,B,B,A,A,B
JAX00712568,A,A,A,A,A,A,B,A
JAX00712570,B,B,B,B,B,A,B,A
JAX00712577,B,B,B,B,B,B,A,B
UNC30889651,B,B,B,B,A,B,B,B
UNC200093757,A,B,B,B,A,A,A,A
UNC30890406,A,A,A,A,A,A,B,B
JAX00712601,A,A,A,A,A,B,B,A
JAX00712617,B,B,B,B,B,A,B,B
JAX00712619,A,A,A,A,A,B,B,A
JAX00179815,B,B,B,B,B,A,A,B
JAX00712623,B,B,B,B,B,B,B,A
JAX00712625,B,B,B,B,B,A,A,A
UNC200228540,B,A,A,A,B,B,B,B
JAX00712629,B,B,B,B,B,B,A,B
JAX00712633,B,B,B,B,B,A,A,A
JAX00712637,A,A,A,A,A,B,A,A
JAX00712643,B,B,B,B,B,A,A,A
JAX00712650,A,A,A,A,A,B,B,A
JAX00179849,B,B,B,B,B,B,B,A
backupJAX00179850,A,A,A,A,A,B,B,B
UNC30895882,B,B,B,B,B,A,A,B
JAX00712667,B,B,B,B,B,A,A,B
backupUNC200093900,A,B,B,B,A,A,A,A
JAX00712677,B,B,B,B,B,A,B,B
UNC30897066,A,B,B,B,A,B,B,B
JAX00179891,B,B,B,B,B,A,B,B
JAX00712714,B,B,B,B,B,A,B,B
JAX00712721,B,B,B,B,B,B,B,A
UNC200094013,A,B,B,B,A,A,-,A
JAX00179923,A,A,A,A,A,A,B,A
UNC30904273,A,A,A,A,A,A,B,B
JAX00179978,B,B,B,B,B,A,A,B
JAX00179979,B,A,A,A,B,B,B,B
UNC30908489,B,B,B,B,B,A,B,A
JAX00712854,B,B,B,B,B,A,A,A
UNC200094855,A,B,B,B,A,A,A,A
UNC30910245,A,B,B,B,A,A,A,B
JAX00712894,A,A,A,A,A,B,B,A
JAX00180030,B,B,B,B,B,A,A,A
JAX00712907,A,A,A,A,A,B,B,A
UNC30914051,A,B,B,B,A,B,B,A
JAX00180058,B,A,A,A,B,A,A,B
JAX00180067,A,B,B,B,A,B,B,B
UNC200475308,B,B,B,B,B,A,A,A
UNC30915810,A,B,B,B,A,B,A,A
JAX00180081,B,A,A,A,B,A,A,B
UNC200095582,B,A,A,A,B,A,A,B
UNC30916968,B,A,A,A,B,B,B,B
backupUNC200095716,A,B,B,B,A,A,A,A
JAX00180114,B,A,A,A,B,B,B,B
UNC30919593,B,A,A,A,B,A,A,B
UNC30921482,B,B,B,B,B,A,B,B
JAX00180161,B,A,A,A,B,B,B,A
UNC30922678,A,B,B,B,A,A,A,B
UNC30924461,A,B,B,B,A,A,A,A
JAX00180185,A,B,B,B,A,B,B,B
JAX00713094,A,A,A,A,A,A,B,A
JAX00180191,A,B,B,B,A,B,B,B
UNC30926143,A,B,A,A,A,B,B,B
JAX00180226,B,B,B,B,B,B,A,B
UNC200097427,B,A,A,B,B,B,B,B
UNC30929072,B,A,A,B,B,A,B,A
backupUNC200229256,B,A,A,B,B,B,B,A
UNC30930499,B,A,A,B,B,B,A,A
backupUNC200098152,B,A,A,B,B,A,A,B
JAX00180274,A,A,B,A,A,A,A,A
JAX00713231,A,A,A,A,A,A,A,B
JAX00713242,A,A,B,A,A,B,A,B
UNC30934795,B,B,A,B,B,A,A,A
JAX00713267,A,A,A,A,A,B,B,B
JAX00713292,A,B,A,A,A,B,B,B
JAX00713298,B,A,B,B,B,B,B,A
JAX00713301,B,B,B,B,B,A,B,B
UNC30936821,B,A,B,B,B,A,A,A
UNC30937681,A,B,A,A,A,A,A,A
JAX00713333,A,A,A,A,A,B,B,A
UNC30939001,B,B,B,B,B,A,A,B
UNC30939431,A,A,A,A,A,B,A,A
UNC30939509,B,B,B,B,B,A,A,B
UNC30939735,A,A,A,A,A,B,B,A
backupJAX00713355,A,A,A,A,A,B,B,B
UNC30940286,A,A,A,A,A,B,B,A
UNC30940542,B,B,B,B,B,A,B,B
UNC30940628,A,A,A,A,A,B,B,B
UNC30940781,A,A,A,A,A,B,B,B
UNC30940874,B,B,B,B,B,A,A,B
UNC30940986,A,A,A,A,A,B,B,A
UNC30941179,A,A,A,A,A,B,B,B
UNC30941283,A,B,A,A,A,A,A,A
UNC30941537,B,B,B,B,B,A,B,B
UNC30941617,A,A,A,A,A,B,B,B
UNC30941922,A,A,A,A,A,B,B,A
UNC30942189,B,B,B,B,B,A,A,A
UNC30942313,B,B,B,B,B,A,B,B
UNC30942652,B,A,B,B,B,A,A,A
UNC30942825,A,B,A,A,A,B,B,B
JAX00713414,A,A,A,A,A,B,B,B
UNC30943134,A,A,A,A,A,B,B,A
JAX00713417,B,B,B,B,B,A,B,B
UNC30943294,B,A,B,B,B,A,A,B
UNC30943517,B,B,B,B,B,A,B,B
UNC30943705,B,A,B,B,B,A,A,A
UNC30943983,A,B,A,A,A,B,B,B
UNC30944566,B,A,B,B,B,A,B,A
UNC30945019,B,A,B,B,B,A,A,A
JAX00239316,A,A,A,A,A,A,B,A
JAX00180419,B,B,B,B,B,B,A,B
UNC30945826,A,B,A,A,A,B,B,B
JAX00713474,A,B,A,A,A,A,A,A
UNC30946488,B,B,B,B,B,A,A,A
UNC30947358,B,A,B,B,B,A,A,B
UNC200018029,A,B,A,A,A,B,B,B
UNC30949179,A,A,A,A,A,B,B,B
JAX00713522,B,B,B,B,B,A,A,A
UNC30949806,A,B,A,A,A,B,B,B
UNC30950453,B,B,B,B,B,A,B,B
UNC30950903,B,A,B,B,B,A,A,B
UNC30951697,A,A,A,A,B,A,A,A
UNC30952155,A,A,A,A,A,B,B,B
JAX00713567,B,A,B,B,B,B,B,B
UNC30952702,A,B,A,A,A,B,B,B
UNC30953314,B,B,B,B,B,A,B,B
JAX00180489,B,A,B,B,B,B,B,B
UNC30953788,A,B,A,A,A,B,B,A
UNC30954508,B,B,B,B,B,A,A,A
UNC30954777,A,B,A,A,A,B,B,B
UNC30955632,B,A,A,B,A,B,B,A
UNC30956088,A,B,B,A,B,B,A,A
UNC30956504,A,A,A,A,A,B,A,A
UNC30956934,A,B,B,A,B,B,B,B
UNC30957878,B,B,B,B,B,A,A,A
UNC30958388,A,A,A,A,A,B,B,B
UNC200503488,B,A,A,B,A,B,B,B
UNC30959041,A,B,B,A,B,B,A,A
JAX00713689,A,B,B,A,B,A,B,A
JAX00713693,A,B,B,A,B,B,B,B
UNC30959905,B,A,A,B,A,B,B,A
JAX00713706,B,A,A,B,A,A,A,A
UNC30960300,A,B,B,A,B,A,A,A
UNC30960559,B,B,B,B,B,A,A,A
UNC30960605,A,A,A,A,A,B,A,A
UNC30960707,B,B,B,B,B,A,A,A
UNC30960786,A,A,A,A,A,A,B,A
UNC30960825,B,B,B,B,B,A,B,B
UNC30961096,B,A,A,B,A,A,A,B
UNC30961280,A,A,A,A,A,B,B,B
backupUNC200099119,B,A,A,B,A,B,B,B
UNC30961851,B,B,B,B,B,A,A,B
UNC30962165,A,A,A,A,A,B,A,A
UNC30962304,A,B,B,A,B,B,B,A
UNC30962594,A,A,A,A,A,B,B,B
UNC30962851,B,B,A,B,A,A,A,B
UNC30963259,A,B,B,A,B,B,B,B
UNC30963445,B,B,B,B,B,A,B,B
JAX00713768,A,A,B,A,B,B,B,B
UNC30963679,B,B,A,B,A,A,A,A
JAX00713774,B,B,B,B,B,B,B,A
UNC_rs8251020,A,A,B,A,B,B,A,B
UNC30964026,B,B,A,B,A,B,B,B
UNC30964296,A,A,A,A,A,B,B,A
UNC30964571,A,B,B,A,B,B,B,B
UNC30964860,A,A,A,A,A,B,A,A
UNC30965671,A,A,B,A,B,B,B,A
UNC30965963,B,B,B,B,B,A,B,B
UNC30966154,A,A,A,A,A,B,B,A
UNC30966454,A,B,A,A,A,A,A,A
JAX00713815,A,A,A,A,A,B,A,A
UNC30966646,A,B,A,A,A,B,A,A
UNC200019054,B,A,B,B,B,A,A,B
JAX00713818,A,B,A,A,A,A,A,A
JAX00713821,B,B,B,B,B,A,A,B
JAX00180634,B,A,A,B,A,B,B,B
UNC30967137,A,B,B,A,B,A,A,A
UNC30967380,B,B,B,B,B,A,B,B
JAX00713830,B,A,A,B,A,B,B,B
UNC30967495,A,B,B,A,B,B,B,B
JAX00180644,A,B,B,A,B,B,B,A
JAX00713843,B,B,B,B,B,B,A,B
UNC30967864,B,A,A,B,A,A,A,B
UNC30967984,A,B,B,A,B,B,A,B
UNC30968290,A,A,B,A,B,A,A,B
JAX00713857,B,B,B,B,B,A,A,B
JAX00713872,A,A,B,A,A,B,B,B
JAX00713873,B,B,B,B,B,A,B,B
UNC30969779,B,B,B,B,B,A,B,B
JAX00713909,A,A,A,A,A,B,B,A
JAX00713919,B,B,B,B,B,A,A,A
JAX00713933,A,A,A,A,A,B,A,A
JAX00180713,A,A,A,A,A,B,A,A
JAX00713937,B,B,B,B,B,B,B,A
UNC200019483,B,B,A,B,B,B,A,A
JAX00713939,B,B,A,B,B,A,A,B
UNC30972648,A,A,B,A,A,A,A,B
JAX00713948,A,A,B,A,A,A,A,A
JAX00713954,B,B,B,B,B,A,A,A
UNC30974899,B,B,A,A,B,A,A,B
UNC200020256,A,A,B,B,A,B,B,A
UNC30975368,B,B,A,A,B,A,B,A
JAX00180766,A,A,A,A,A,A,B,A
UNC200099708,B,A,B,B,B,-,B,B
JAX00714030,B,B,A,A,B,A,A,B
JAX00180772,B,A,A,A,B,A,A,B
UNC30977554,B,A,A,A,B,B,A,B
UNC30978984,B,A,A,A,B,A,B,B
backupJAX00180788,B,A,A,A,B,B,B,B
JAX00714074,B,B,A,A,B,B,B,B
JAX00180800,A,B,B,B,A,A,A,A
JAX00180805,B,B,A,A,B,B,B,B
UNC30981577,B,A,A,A,B,A,A,B
JAX00180810,B,A,A,A,B,B,B,B
JAX00180817,A,A,A,A,A,B,B,A
UNC30982425,A,A,B,B,A,B,B,A
JAX00714126,B,A,B,B,B,A,A,B
JAX00180827,A,A,B,B,A,A,A,A
JAX00180831,B,A,A,A,B,B,B,B
JAX00180834,A,B,B,B,A,A,A,A
JAX00180841,B,A,A,A,B,A,A,A
UNC30984480,A,B,B,B,A,B,B,B
UNC30985713,A,A,A,A,A,B,A,A
JAX00180860,B,B,B,B,B,A,A,A
JAX00180862,A,A,A,A,A,B,B,A
JAX00714177,A,A,A,A,A,A,A,B
JAX00714178,B,B,B,B,B,B,A,B
JAX00714179,B,B,B,B,B,A,A,A
JAX00239391,A,A,A,A,A,A,B,A
JAX00714194,B,B,B,B,B,A,B,B
JAX00180876,B,A,B,B,B,A,A,A
JAX00714199,A,A,A,A,A,A,B,A
UNC30987049,B,A,B,B,B,A,A,A
JAX00714207,B,B,B,B,B,B,B,A
UNC30987826,A,B,B,B,A,A,A,A
JAX00714218,B,B,B,B,B,A,A,A
JAX00714249,A,A,A,A,A,B,B,B
JAX00180916,A,A,A,A,A,B,A,A
JAX00180917,A,A,A,A,A,B,B,A
UNC200101442,B,A,A,A,B,A,B,A
JAX00714268,A,A,A,A,A,B,B,A
UNC30992857,A,A,A,A,A,B,B,B
JAX00714272,A,A,A,A,A,B,B,A
JAX00239397,A,A,A,A,A,B,B,A
JAX00180940,B,B,B,B,B,A,A,B
JAX00180944,B,B,B,B,B,B,B,A
JAX00714309,B,B,B,B,B,A,A,B
JAX00714320,A,A,A,A,A,B,B,A
JAX00180972,B,B,B,B,B,A,A,B
JAX00180973,B,B,B,B,B,A,A,B
JAX00180985,B,B,B,B,B,A,A,B
UNC200214807,B,A,A,A,B,B,B,B
JAX00714333,A,A,A,A,A,B,A,A
JAX00180999,B,B,B,B,B,A,A,B
JAX00181000,B,B,B,B,B,A,A,B
UNC30998830,A,A,A,A,A,B,B,A
JAX00181009,A,A,A,A,A,B,B,A
UNC200101643,B,A,A,A,B,B,B,B
JAX00714372,B,B,B,B,B,A,B,B
UNC31000006,B,B,B,B,A,B,B,B
JAX00714384,B,B,B,B,B,B,B,A
JAX00714392,A,A,A,A,A,A,A,B
UNC31001485,A,A,A,A,A,A,B,B
backupJAX00181040,B,B,B,B,B,A,A,A
JAX00714407,A,A,A,A,A,B,A,A
UNC31002611,B,A,A,A,A,A,A,A
JAX00181054,B,A,A,A,B,A,A,B
JAX00181056,A,B,B,B,A,A,A,A
JAX00181069,B,A,A,A,B,A,A,B
JAX00181071,B,B,B,B,B,A,A,B
backupUNC200102751,B,A,A,A,B,B,-,B
JAX00239422,A,A,A,A,A,B,B,A
JAX00181091,-,A,A,A,-,B,A,-
JAX00714463,A,A,A,A,A,A,B,A
JAX00714466,B,A,A,A,B,B,B,B
JAX00181102,A,B,B,B,A,A,A,A
JAX00714475,A,A,A,A,A,B,B,A
JAX00181105,B,A,A,A,B,B,B,B
UNC31008016,A,B,B,B,A,B,B,A
JAX00181107,B,B,B,B,B,A,A,B
JAX00181117,B,B,B,B,B,A,A,B
JAX00181118,A,A,A,A,A,B,B,A
JAX00714498,A,A,A,A,A,B,A,A
JAX00714499,B,B,B,B,B,B,A,B
JAX00181136,A,B,B,B,B,B,B,A
UNC200538734,A,B,B,A,B,A,A,A
JAX00181149,B,A,A,A,A,A,A,B
JAX00181152,A,B,B,B,B,A,A,A
JAX00714528,B,B,B,B,B,A,A,B
JAX00714538,B,B,B,B,B,A,A,B
JAX00714541,B,B,B,B,B,A,A,B
UNC31014372,B,A,A,A,A,A,A,A
JAX00714558,A,A,A,A,A,A,B,A
JAX00714569,B,B,B,B,B,A,A,B
backupUNC200105073,A,B,B,B,B,A,A,A
JAX00714582,B,B,B,B,B,A,A,B
JAX00181213,B,A,A,A,A,B,B,B
JAX00714602,A,A,A,A,A,B,A,A
UNC200105170,B,A,A,A,A,B,-,B
JAX00181234,B,A,A,A,A,B,B,B
JAX00181235,A,B,B,B,B,A,A,A
backupUNC200105516,B,A,A,A,A,B,B,A
JAX00181241,B,A,A,A,A,B,B,B
UNC31021777,B,B,B,B,B,-,A,-
UNC200023244,B,B,B,B,B,A,A,A
JAX00714654,B,B,B,B,B,A,B,B
UNC31022733,A,B,B,B,B,A,A,B
JAX00181261,B,A,A,A,A,B,B,A
JAX00239452,B,B,B,B,B,A,A,B
JAX00181273,A,B,B,B,B,A,A,B
UNC31024458,A,B,B,B,B,A,A,A
JAX00714692,A,A,A,A,A,B,B,A
JAX00181283,B,B,B,B,B,A,A,B
UNC31025726,A,A,A,B,A,A,A,A
JAX00181304,A,B,B,B,B,A,A,A
UNC31028467,A,A,A,A,A,A,B,A
UNC200106183,B,A,A,A,A,B,A,B
JAX00181314,A,A,A,A,A,B,B,A
JAX00181316,B,B,B,B,B,A,A,B
UNC31029569,A,B,B,B,B,B,B,A
JAX00714739,A,A,A,A,A,B,B,B
JAX00714741,B,B,B,B,B,A,B,B
JAX00714747,B,B,B,B,B,A,A,B
JAX00181329,B,B,B,B,B,A,A,B
UNC31031895,A,A,A,A,A,B,B,B
UNC200106288,A,B,B,B,B,A,A,A
JAX00714773,B,B,B,B,B,B,A,B
JAX00714774,A,A,A,A,A,A,B,A
JAX00714779,A,A,A,A,A,B,B,B
JAX00714790,A,A,A,A,A,A,B,A
UNC31034121,A,A,A,B,A,A,A,A
JAX00714798,A,A,A,A,A,B,A,A
UNC31035844,A,A,A,A,A,B,A,A
JAX00714817,B,B,B,B,B,A,B,B
JAX00714818,A,A,A,A,A,A,B,A
JAX00181387,A,A,A,A,A,A,B,A
JAX00714828,A,A,A,A,A,B,B,B
JAX00181389,A,A,A,A,A,B,B,A
JAX00181390,A,A,A,A,A,B,B,A
UNC31037362,B,B,B,B,B,A,A,B
JAX00181413,A,A,A,A,A,B,B,A
UNC31038752,B,A,A,A,A,B,B,B
UNC200023468,A,B,A,B,B,B,A,A
JAX00181418,A,A,A,A,A,B,A,A
UNC200557231,A,A,A,A,A,B,B,B
UNC31040242,B,A,B,A,A,A,B,A
JAX00181433,A,B,A,B,B,A,A,B
JAX00714904,B,B,B,B,B,A,A,B
UNC31042920,A,B,A,B,B,B,A,A
JAX00714930,B,B,B,B,B,A,B,B
JAX00181460,B,B,B,B,B,A,A,B
JAX00181465,A,B,A,B,B,A,A,A
JAX00714940,A,B,A,B,B,B,B,B
UNC31044488,B,A,B,A,A,A,A,B
JAX00239495,B,B,B,B,B,A,A,B
JAX00714948,A,A,A,A,A,A,B,A
JAX00181485,B,A,B,A,A,B,B,A
JAX00181486,B,A,B,A,A,A,A,A
JAX00714977,B,B,B,B,B,A,A,B
JAX00181489,B,B,B,B,B,A,A,B
UNC200024642,B,A,B,B,B,-,B,B
JAX00714985,B,B,B,B,B,B,A,B
JAX00181502,A,A,A,A,A,B,B,A
JAX00181504,B,B,B,B,B,A,A,B
UNC31049617,B,A,B,A,A,B,B,A
UNC200564474,B,B,B,B,B,A,A,A
JAX00715025,A,A,A,A,A,B,B,A
JAX00181524,B,A,B,A,A,A,A,A
JAX00181536,B,A,B,A,A,B,B,B
JAX00715070,A,B,A,B,B,A,A,A
JAX00181557,A,A,A,A,A,A,A,B
backupUNC200026178,B,A,B,A,A,B,B,A
UNC31056619,A,B,A,B,B,A,A,A
UNC31057902,B,A,B,A,A,A,A,A
UNC31060536,A,A,A,B,B,A,B,B
JAX00181602,B,B,B,A,A,A,A,A
JAX00715158,B,B,B,A,A,B,B,B
JAX00715161,B,B,B,A,A,B,B,B
UNC200571580,A,A,A,B,B,B,B,A
JAX00181615,B,B,B,A,A,A,A,A
JAX00239539,B,B,B,B,B,B,A,B
JAX00715181,A,A,A,A,A,B,A,A
JAX00715182,A,A,A,A,A,B,B,A
JAX00715188,B,B,B,B,B,A,B,B
JAX00181627,B,B,B,A,A,B,B,A
JAX00715197,A,A,A,A,A,B,A,A
JAX00181634,A,A,A,A,A,B,B,A
JAX00181636,B,B,B,B,B,A,A,B
JAX00715214,A,A,A,A,A,B,B,A
JAX00715217,B,B,B,B,B,A,A,B
UNC31066682,A,A,A,B,B,B,B,A
JAX00715237,B,B,B,B,B,A,A,B
UNC31067160,A,A,B,A,A,A,A,A
JAX00715245,A,A,A,A,A,B,B,A
JAX00181677,B,B,B,B,B,B,A,B
UNC31069340,A,A,A,A,A,B,B,A
JAX00715283,B,B,B,B,B,A,A,A
UNC200883696,B,B,B,A,A,B,A,A
JAX00181705,B,B,B,B,B,A,A,B
JAX00181707,A,A,A,A,A,B,-,A
JAX00181708,A,A,A,A,A,B,B,A
JAX00715304,B,B,B,B,B,A,A,B
JAX00181719,A,A,A,A,A,A,B,A
JAX00715308,A,A,A,A,A,A,B,A
UNC31073060,A,A,A,A,A,A,B,B
JAX00181732,A,A,A,A,A,B,B,A
JAX00181734,B,B,B,B,B,A,A,B
JAX00715324,A,A,A,A,A,B,A,A
UNC31074330,B,A,B,B,B,B,B,B
JAX00181746,A,A,A,A,A,B,B,A
UNC200580975,B,B,B,A,A,-,-,B
JAX00181755,A,A,A,A,A,A,B,A
JAX00181758,A,A,A,A,A,B,B,A
JAX00715359,B,B,B,B,B,A,B,B
JAX00239572,A,A,A,A,A,A,B,A
UNC200581861,A,A,A,A,A,B,B,B
backupUNC200583887,B,B,B,A,A,A,A,A
UNC31079732,B,B,B,B,B,A,B,A
UNC31081645,B,B,B,A,A,B,-,B
JAX00715448,A,A,A,A,A,A,B,A
backupUNC200586059,A,A,A,A,A,B,B,B
JAX00181857,A,A,A,A,A,A,B,A
UNC31085849,B,B,B,B,B,B,B,A
UNC31088309,A,B,B,B,B,B,B,B
backupJAX00715624,A,A,A,A,A,B,B,B
UNC200593068,B,B,B,B,B,-,A,A
UNC31092817,A,A,A,B,B,B,B,B
UNC31094010,B,B,A,A,A,A,B,A
UNC31096544,B,B,B,B,B,A,-,A
JAX00182041,B,B,A,A,A,B,B,B
UNC31097694,A,A,B,B,B,B,B,B
UNC31099284,B,A,A,A,A,B,B,B
UNC31100807,A,A,A,A,B,A,A,A
UNC31101177,B,B,B,B,B,A,A,B
UNC31101701,B,A,A,A,A,B,A,A
UNC31103451,A,B,B,B,A,A,A,A
UNC31104003,A,A,A,A,A,B,B,A
UNC31104930,B,B,B,B,A,B,B,B
UNC200107854,B,A,A,A,B,B,A,B
UNC31106439,A,B,B,B,A,A,A,A
UNC31107180,A,A,A,A,A,B,B,B
UNC31107440,A,A,A,A,A,B,-,A
UNC31107638,A,A,A,A,A,B,B,B
UNC31107872,A,B,B,B,A,A,A,A
UNC31107929,B,B,B,B,B,A,A,B
UNC31108045,B,B,B,B,B,A,A,B
UNC31108060,A,A,A,A,A,B,B,A
UNC31108073,B,B,B,B,B,B,B,A
UNC31108113,A,A,A,A,A,B,A,A
UNC31108133,B,B,B,B,B,A,A,A
UNC31108147,B,B,B,B,B,A,A,A
UNC31108174,B,A,A,A,B,B,B,B
UNC31108187,A,B,B,B,A,B,B,A
UNC31108208,B,B,B,B,B,A,B,B
UNC31108219,B,B,B,B,B,A,B,B
UNC31108243,A,A,A,A,A,B,B,A
UNC31108297,A,B,B,B,A,A,A,A
UNC31108311,B,B,B,B,B,A,B,B
UNC31108323,A,B,B,B,A,A,A,A
UNC31108334,A,A,A,A,A,B,A,A
UNC31108343,B,B,B,B,B,A,A,B
UNC31108363,B,A,A,A,B,A,A,B
UNC31108371,B,B,B,B,B,A,A,B
UNC31108402,A,B,B,B,A,A,A,A
UNC31108408,A,A,A,A,A,A,B,A
UNC31108560,B,B,B,B,B,A,A,A
UNC31108834,B,B,B,B,A,A,A,B
UNC31108986,A,A,A,A,A,A,B,B
UNC31109221,B,A,A,A,A,B,B,B
JAX00182178,A,B,B,B,B,A,A,B
JAX00182179,B,B,B,B,B,A,A,B
UNC31109663,A,A,A,A,A,A,A,B
UNC31109937,B,B,B,B,B,A,B,B
UNC31110948,B,B,B,B,A,A,A,A
UNC31111216,B,B,B,B,B,B,A,A
UNC31111300,B,A,A,A,A,A,A,A
UNC31112286,A,A,A,A,A,B,A,A
UNC31112491,A,A,A,A,A,B,B,A
UNC31112715,A,A,A,A,A,A,A,B
UNC31113100,A,A,A,A,A,B,B,A
UNC31113437,B,A,A,A,A,A,B,B
UNC31113771,B,B,B,B,B,A,A,A
UNC31113860,B,A,A,A,A,A,A,A
backupUNC200609379,B,B,B,B,B,A,A,A
UNC31114284,A,A,A,A,A,B,B,A
UNC31114552,A,A,A,A,A,B,B,B
UNC31114941,B,B,B,B,B,A,B,B
UNC31115448,A,B,B,B,B,B,B,B
UNC31115957,B,B,B,A,B,B,B,B
UNC200108569,A,B,B,B,B,A,A,A
UNC31116526,B,B,B,B,B,A,A,B
backupJAX00182262,B,B,B,B,B,A,A,A
UNC31117076,B,A,A,A,A,B,B,B
JAX00716080,A,A,A,A,A,B,B,A
UNC31118182,B,B,B,B,B,A,A,A
JAX00182286,B,A,A,A,A,B,B,B
UNC31119182,B,A,A,A,A,B,B,B
UNC31120242,A,B,B,B,B,A,A,A
UNC31120967,B,B,B,B,B,A,B,B
UNC31121491,B,B,B,B,B,A,A,A
UNC31122205,A,A,A,A,A,B,B,B
backupUNC200614817,B,B,B,B,B,A,A,A
UNC31123848,A,B,B,B,B,A,A,A
UNC31125158,A,B,B,B,B,A,A,A
UNC31125541,B,B,B,B,B,A,A,A
UNC31125947,B,B,B,B,B,A,A,B
UNC31126295,A,B,B,B,B,A,A,A
UNC31127108,B,B,B,B,B,A,B,B
backupUNC200618095,B,B,B,B,B,A,A,A
UNC31127534,A,B,B,B,B,A,A,A
UNC31128312,B,B,B,B,B,A,A,A
UNC31129334,A,B,B,B,B,B,B,A
UNC31130804,B,A,A,A,A,B,A,A
JAX00182437,B,A,A,A,A,B,B,A
JAX00182442,A,B,B,B,B,A,A,B
UNC200028187,A,A,B,A,B,B,B,B
UNC31132654,B,A,A,A,B,B,B,B
UNC200110307,A,B,B,A,A,A,B,B
UNC31133592,A,B,B,A,B,B,B,B
UNC31133650,B,B,B,B,B,B,B,A
UNC31133696,B,A,A,B,A,B,B,A
UNC31133752,B,B,B,B,A,A,A,A
UNC31133861,B,B,B,B,B,A,B,B
UNC31133929,A,A,A,A,A,B,B,A
UNC31134005,A,B,B,A,B,A,A,A
UNC31134093,B,B,B,B,B,A,A,A
UNC31134162,B,B,B,B,A,B,B,B
UNC31134271,A,A,A,A,B,B,A,A
UNC31134326,B,B,B,B,A,A,A,B
UNC31134485,A,B,B,A,A,A,A,B
UNC31134563,A,B,B,A,A,A,A,B
JAX00182462,A,B,B,A,A,B,B,B
UNC31134619,A,B,B,A,A,B,B,B
UNC31134741,A,A,A,A,A,B,A,A
UNC31134783,A,B,B,A,B,B,B,B
UNC31134856,B,A,A,B,A,B,B,A
JAX00182464,B,A,A,B,B,A,A,A
UNC31134948,A,A,A,A,A,B,B,A
UNC31135032,B,B,B,B,B,A,A,B
UNC31135129,B,B,B,B,B,A,B,B
UNC31135325,A,B,B,A,A,A,A,B
UNC31135735,B,A,A,B,A,B,B,B
UNC31136405,B,A,A,B,B,A,A,B
UNC31137375,B,B,B,A,B,B,B,B
UNC31138001,B,B,B,B,B,A,B,B
UNC31138563,A,B,B,A,A,A,A,B
JAX00716414,A,A,A,A,B,A,A,A
UNC31138883,A,B,B,A,B,A,A,A
UNC31140023,B,B,B,B,A,A,A,A
backupUNC200111260,B,A,A,B,B,B,B,B
UNC31140559,A,A,A,A,A,A,B,A
UNC31141010,A,B,B,A,B,B,B,B
UNC31141781,A,A,A,A,A,B,A,A
UNC31143042,A,A,A,A,B,B,B,B
UNC31143736,A,B,B,A,A,B,B,A
UNC31144766,B,A,A,A,A,A,B,B
UNC31145265,A,B,B,B,B,A,A,A
UNC31146591,B,B,B,B,A,A,A,A
JAX00182600,A,B,B,B,A,B,A,A
UNC200112087,B,A,A,A,B,B,B,B
JAX00716589,A,A,A,A,A,B,B,A
UNC31148921,A,A,A,A,B,A,A,B
UNC31149365,B,B,B,B,A,A,A,A
UNC31149689,B,B,B,B,A,B,B,A
UNC31150929,B,B,B,B,A,A,A,A
UNC31151289,B,B,B,B,A,A,A,A
UNC31151589,A,A,A,A,A,B,B,A
UNC31151741,A,A,A,A,A,B,A,A
UNC31152023,B,B,B,B,A,A,A,A
UNC31152217,A,A,A,A,B,A,A,A
backupUNC200217389,B,B,B,B,A,A,A,A
UNC31152711,B,B,B,B,A,A,A,B
UNC31153246,B,B,B,B,A,A,A,B
UNC31153686,A,A,A,A,A,B,A,A
UNC31154045,A,A,A,A,B,B,B,A
UNC31154429,B,B,B,B,B,A,A,B
JAX00716664,A,A,A,A,B,B,B,A
UNC31154914,A,A,A,A,B,B,B,B
UNC31155388,A,A,A,A,B,B,B,A
UNC31155789,A,A,A,A,B,B,A,A
UNC31156076,B,B,B,B,A,A,A,B
UNC31156340,A,A,A,A,B,A,B,A
UNC31156667,B,B,B,B,A,A,A,A
UNC31157341,B,B,B,B,B,A,A,B
UNC31157680,A,A,A,A,A,B,B,B
UNC31158037,A,A,A,A,A,B,A,A
UNC200217527,A,A,A,B,B,B,B,B
UNC31158751,B,B,B,B,A,B,B,B
UNC31159403,B,B,B,B,B,A,B,B
UNC31159628,A,B,A,B,B,B,B,B
UNC31159865,B,B,B,B,B,A,A,B
UNC31159982,A,A,A,A,A,B,B,A
UNC31160153,B,B,B,B,B,A,B,B
UNC31160547,A,A,A,B,A,B,B,A
UNC31160796,B,B,B,B,B,B,B,A
UNC31161392,A,A,A,A,A,A,B,A
UNC31162073,A,B,A,A,B,B,B,B
UNC31162387,B,B,B,B,B,A,A,A
UNC31162800,A,B,A,A,B,B,B,B
UNC31163151,B,B,B,B,B,A,A,B
UNC31163487,B,B,B,B,B,A,B,B
UNC31163894,B,A,B,B,B,A,A,B
UNC31164092,B,A,B,A,A,A,A,A
backupUNC200029276,A,B,A,A,A,B,A,A
UNC31164771,A,A,A,A,A,B,B,A
UNC31165250,A,A,A,A,B,B,A,B
UNC31166226,A,A,A,A,B,B,B,B
backupUNC200218095,B,B,B,A,A,A,A,A
UNC31167042,A,A,A,A,A,B,A,A
UNC31167322,A,A,A,A,B,B,B,B
UNC31167591,A,A,A,A,B,A,A,B
backupUNC200644933,B,B,B,B,A,A,-,A
UNC31167934,A,A,A,A,B,B,B,B
UNC31168517,A,A,A,A,A,B,A,A
UNC31169206,A,A,A,A,A,B,B,A
UNC31169535,A,A,A,A,B,A,A,B
UNC31169745,A,A,A,A,A,B,B,A
UNC31170058,A,A,A,A,A,B,A,A
UNC31170230,B,B,B,B,B,A,A,B
UNC31170510,A,A,A,A,B,A,A,B
UNC31170954,B,B,B,B,B,A,A,B
UNC31171594,B,B,B,B,B,A,A,B
UNC31171777,A,A,A,A,A,B,B,A
UNC31172248,B,B,B,B,B,A,A,B
UNC31173559,B,B,B,B,A,A,A,A
UNC31173965,B,B,B,B,B,B,B,A
UNC31174260,A,A,A,A,A,B,B,B
UNC31174852,B,B,B,B,B,A,A,B
UNC31175383,A,A,A,A,A,B,B,B
UNC31175704,A,A,A,A,A,B,A,A
UNC31176390,B,B,B,B,A,A,B,B
UNC31176688,A,A,A,A,A,A,A,B
JAX00717028,A,A,A,A,B,B,B,A
UNC31178929,A,B,A,B,B,A,A,B
UNC200029837,A,B,A,B,B,A,B,B
UNC31183175,A,A,B,B,B,B,B,B
UNC31185725,A,A,A,A,B,B,B,A
JAX00183045,B,B,A,B,A,B,A,B
JAX00183066,A,A,B,A,B,B,B,A
JAX00717214,A,A,A,A,A,B,B,A
UNC200030621,B,B,A,B,A,A,A,A
JAX00183110,B,B,B,B,A,A,A,B
UNC31193448,B,B,B,A,B,B,B,B
UNC_rs52510521,B,B,A,B,A,B,A,A
UNC31194297,B,B,B,B,B,A,A,B
UNC31194840,A,A,B,A,B,B,B,B
backupUNC200112735,B,A,A,A,B,B,B,B
JAX00183170,A,A,A,A,B,B,B,A
UNC31197726,A,A,A,A,B,A,B,A
backupUNC200112872,B,A,A,A,B,A,B,A
UNC31198730,A,B,B,B,A,B,B,B
UNC31200847,B,B,B,B,B,A,B,B
UNC31202354,B,B,B,B,A,B,B,B
UNC31203457,A,B,B,B,A,A,A,A
JAX00239815,A,A,A,A,B,B,B,A
UNC200113247,A,B,B,B,A,A,B,B
UNC31206217,B,A,A,A,A,A,A,A
JAX00239819,B,B,B,B,B,B,A,B
UNC31208675,B,B,B,B,A,A,B,B
UNC31211506,A,A,A,A,B,B,B,A
UNC31212473,B,A,A,A,B,A,A,A
UNC200676245,A,A,A,A,B,B,B,B
UNC31214147,B,A,A,A,B,B,B,B
backupUNC200114004,A,B,B,B,B,A,A,B
JAX00183375,A,B,B,B,B,B,A,B
UNC31215302,B,B,A,B,B,B,B,B
backuprs29099122,A,B,B,B,B,B,A,A
UNC31217431,A,B,B,B,B,B,B,B
UNC31218527,B,A,A,A,B,A,B,A
UNC200117800,A,B,B,B,A,A,A,A
UNC31219667,A,B,B,B,A,A,A,A
UNC31221166,B,A,A,A,B,B,B,A
UNC200120361,A,B,B,B,A,A,A,A
UNC200121449,A,B,B,B,B,A,A,B
JAX00717709,B,A,A,A,A,A,A,A
UNC31222616,A,B,B,B,B,A,A,A
UNC31223773,B,A,A,A,A,A,A,A
UNC31224636,A,B,B,B,A,B,A,B
JAX00183522,A,B,B,B,A,B,A,B
UNC200219382,B,A,A,A,B,B,B,B
UNC31227929,B,A,A,A,B,B,B,B
JAX00183553,B,A,A,A,A,A,B,A
JAX00183580,B,B,A,A,A,B,B,B
UNC200031673,A,B,A,A,B,B,A,B
UNC200032623,B,A,B,B,B,B,B,B
UNC31243837,B,A,B,B,B,A,B,B
JAX00183749,A,A,B,B,B,A,A,B
UNC31248809,A,B,B,B,B,B,B,B
JAX00718093,B,B,B,B,B,B,A,B
backupJAX00718095,A,B,B,B,B,B,A,A
backupUNC200153103,A,B,B,B,B,B,A,A
JAX00183894,A,B,B,B,B,A,A,B
UNC31262291,A,B,B,B,B,A,A,B
JAX00718249,B,A,A,A,A,A,B,A
UNC31266428,B,A,B,B,B,B,B,B
backupJAX00183987,A,B,B,B,B,B,A,A
UNC200167426,B,A,A,A,A,B,B,A
JAX00184060,B,A,A,A,A,A,B,A
UNC31278531,A,B,B,B,B,B,A,A
UNC200034300,A,A,B,B,B,A,A,A
UNC200176905,B,A,A,A,A,B,B,B
JAX00184153,A,B,B,B,B,B,A,B
UNC200034449,B,A,B,B,B,B,B,B
backupUNC200189557,B,A,A,A,A,B,B,A
UNC31298992,B,A,B,B,B,B,B,B
UNC200192385,B,A,A,A,A,A,B,B
JAX00184302,A,B,B,B,B,A,A,A
UNC200240290,B,A,A,A,A,B,B,B
backupUNC200195198,A,B,B,B,B,A,A,B
UNC31303071,A,B,B,B,B,B,A,A
backupJAX00718691,B,A,A,A,A,B,B,A
UNC200198049,A,B,B,B,B,A,A,A
UNC31306104,B,A,A,A,A,B,B,B
JAX00184389,A,A,A,A,A,A,B,A
backupJAX00718738,A,A,A,A,A,B,B,B
UNC200687011,B,B,B,B,B,A,A,A
UNC31310260,B,B,B,B,B,A,A,B
backupUNC200687147,A,A,A,A,A,B,B,B
UNC31313197,A,A,A,A,A,A,B,A
UNC31313525,B,B,B,B,B,A,A,A
UNC31313938,A,A,A,A,A,B,B,B
UNC31314306,A,A,A,A,A,A,B,B
JAX00718824,A,A,A,A,A,B,B,B
UNC31315609,B,B,B,B,B,A,A,B
UNC31315830,A,A,A,A,A,B,B,B
UNC31316617,B,A,B,B,B,A,B,B
UNC31316877,A,B,A,A,A,B,B,A
UNC31317602,A,B,A,A,A,B,B,B
UNC31317759,B,B,A,B,B,B,B,B
UNC31318364,B,A,B,B,B,B,A,B
UNC31318680,A,B,A,A,A,A,A,B
UNC31319314,A,B,B,B,B,B,A,A
UNC31320320,B,A,A,A,A,A,A,A
UNC200036579,A,A,B,B,B,A,B,B
UNC31320732,A,A,B,B,B,A,A,A
UNC31321212,A,A,B,B,B,A,A,B
UNC31321705,B,B,A,A,A,A,A,B
UNC31322217,A,A,B,B,B,B,A,A
UNC31322564,A,A,B,B,B,B,A,A
UNC31323268,A,A,B,B,B,A,A,A
backupUNC200687966,A,A,A,A,A,B,B,B
UNC31323547,B,B,B,B,B,A,A,A
UNC31324105,A,A,B,B,B,A,B,A
UNC31324570,B,B,A,A,A,A,B,B
JAX00184621,A,A,B,B,B,B,B,A
UNC31325334,A,B,A,B,A,A,A,A
backupUNC200198763,A,B,B,B,A,A,-,B
UNC31325940,A,B,B,B,A,A,A,B
UNC31326365,B,B,B,B,A,A,A,A
UNC31327084,B,B,B,B,B,A,B,A
UNC31327749,B,A,B,A,B,B,A,A
UNC31328188,A,A,B,A,B,B,B,A
UNC31328770,A,A,A,A,B,A,A,B
UNC31329435,B,B,B,B,A,B,A,A
JAX00719109,B,B,B,B,A,B,A,A
UNC31330294,B,A,B,A,A,A,A,A
UNC31331373,B,B,B,B,A,B,B,A
UNC31331654,B,B,B,B,A,B,A,A
UNC31332413,B,A,B,A,B,A,B,A
UNC31333344,B,B,B,B,B,A,B,B
JAX00184725,B,A,B,A,B,A,-,A
UNC31334485,A,A,A,A,A,A,A,B
UNC31334791,A,B,A,B,A,B,B,B
UNC31335027,B,A,B,A,B,B,B,B
JAX00719184,A,B,A,A,A,A,A,A
UNC31335710,A,A,A,A,B,A,B,B
UNC31336049,A,B,A,B,B,B,B,B
UNC31336684,B,A,B,A,A,A,B,A
UNC31338144,B,A,B,A,B,B,A,A
UNC31338336,A,B,A,B,A,B,A,B
UNC31338777,B,B,B,B,A,A,A,A
UNC31338842,A,A,A,A,B,A,B,B
UNC31339032,B,B,B,B,A,B,A,B
UNC31339290,A,B,A,B,B,B,A,A
UNC31339434,B,A,B,A,B,A,A,B
UNC31339570,A,A,A,A,B,A,B,B
UNC31339736,A,B,A,B,A,B,-,B
UNC31339978,B,A,B,A,A,B,B,B
UNC31340189,A,B,A,B,B,A,A,A
UNC31340377,B,A,B,A,A,A,A,A
UNC200039490,A,B,A,B,A,B,A,B
UNC31340649,B,A,B,A,B,B,A,B
UNC31340786,B,B,B,B,B,A,B,B
UNC31340969,B,B,B,B,B,A,A,B
UNC31341170,A,B,A,B,B,B,B,B
UNC31341367,B,A,B,A,A,A,B,B
UNC31341639,B,B,B,B,B,A,A,A
UNC31341767,B,B,B,B,B,A,A,B
UNC31341959,B,B,B,B,B,A,A,A
UNC31342105,A,A,A,A,A,B,A,A
UNC31342301,A,B,A,B,B,A,B,A
UNC31342416,A,A,A,A,A,B,B,B
UNC31342666,B,A,B,A,A,A,B,A
UNC31342897,B,A,B,A,B,B,A,A
UNC31343084,A,A,A,A,A,A,B,A
UNC31343118,B,A,B,A,B,B,A,A
UNC31343200,A,B,A,B,A,A,B,A
UNC31343240,A,B,A,B,A,A,B,B
UNC31343301,A,B,A,B,A,A,B,B
UNC31343546,A,A,A,A,A,A,B,A
UNC31343583,B,B,B,B,B,B,A,A
UNC31343639,B,B,B,B,A,A,A,A
UNC31343707,B,B,B,B,B,B,A,A
UNC31343765,B,B,B,B,B,B,A,B
UNC31343817,B,B,B,B,B,B,A,A
UNC31343850,A,A,A,A,A,B,B,B
UNC31343913,A,B,A,B,B,B,B,B
UNC31344030,B,B,B,B,B,A,B,B
UNC31344134,A,B,A,B,B,A,A,B
UNC31345734,B,A,B,A,B,A,A,B
JAX00719373,A,B,A,B,A,A,A,A
UNC31346472,B,A,B,A,B,B,B,A
UNC31347593,A,A,A,A,A,B,A,B
UNC31348015,B,B,B,B,A,A,A,A
backupUNC200692256,A,A,A,A,B,B,B,A
UNC31349098,A,A,A,A,B,B,B,A
UNC31352991,A,A,A,A,A,B,A,B
backupJAX00184922,B,B,A,A,A,B,B,A
UNC31355549,A,A,A,A,B,B,B,A
UNC200040867,B,B,A,A,A,A,A,A
JAX00184943,B,B,A,A,A,A,A,A
UNC31357843,A,A,A,B,A,A,A,B
UNC31359741,A,A,A,B,B,B,B,A
UNC200263540,A,A,A,B,B,A,A,B
UNC31360393,B,B,B,A,A,A,A,A
UNC31361383,A,A,A,A,A,B,B,A
UNC31362412,A,A,A,A,B,B,A,B
UNC31364669,B,B,B,B,A,A,-,A
UNC31365094,A,A,A,A,A,B,B,B
UNC31365866,A,A,A,A,B,A,B,B
JAX00719739,B,B,B,B,B,B,A,B
UNC31367691,B,B,B,B,A,A,A,A
UNC31368351,A,A,A,A,B,B,B,B
UNC31369362,B,B,B,B,B,A,A,A
UNC31371673,B,B,B,B,A,A,A,A
UNC31373045,B,B,B,B,A,A,A,A
UNC31373512,B,B,B,B,B,A,A,B
UNC31374330,B,B,B,B,B,A,B,A
UNC31375370,B,B,B,B,A,A,A,A
UNC31376638,B,B,B,B,B,A,A,A
JAX00185134,B,B,B,B,A,A,A,B
UNC31378058,A,A,A,A,B,B,A,B
UNC31378371,A,A,A,A,B,B,B,B
UNC31378632,B,B,B,B,A,A,A,A
UNC31378783,A,A,A,A,A,B,B,A
UNC31378932,A,A,A,A,A,B,B,B
UNC31379070,B,B,B,B,B,A,B,B
UNC31379125,A,A,A,A,B,B,B,B
UNC31379181,A,A,A,A,B,B,B,B
UNC31379392,B,B,B,B,B,A,A,B
UNC31379517,A,A,A,A,B,A,A,A
UNC31379720,B,B,B,B,B,A,B,B
UNC31380155,B,B,B,B,A,B,B,A
UNC31380282,A,A,A,A,A,B,B,A
UNC31380471,B,B,B,B,B,B,B,A
UNC31380720,A,A,A,A,A,A,B,A
UNC31380997,B,B,B,B,A,A,A,A
backupUNC200714769,B,B,B,B,B,A,A,A
UNC31381370,B,B,B,B,B,A,A,A
UNC31381832,B,B,B,B,A,A,A,A
UNC31381998,A,A,A,A,A,B,B,B
UNC31382150,A,A,A,A,B,B,B,B
UNC31382404,B,B,B,B,A,A,A,B
UNC31382566,B,B,B,B,A,A,B,A
UNC31382848,A,A,A,A,B,B,B,B
UNC31383008,B,B,B,B,A,B,B,A
UNC31383300,A,A,A,A,B,B,B,B
UNC31383800,B,B,B,B,B,A,A,A
UNC31383955,B,B,B,B,A,A,A,A
UNC31384274,B,B,B,B,B,A,B,B
UNC31384435,B,A,B,B,A,A,A,A
UNC31384599,B,A,B,B,A,B,B,A
UNC31384907,B,B,B,B,B,A,A,A
UNC31385036,A,A,A,A,B,B,B,B
UNC31385348,A,B,A,A,B,B,A,B
UNC31385491,A,B,A,A,B,A,A,A
UNC31385641,A,B,A,A,B,B,B,A
UNC31385860,A,A,A,A,B,B,A,A
UNC31385919,A,B,A,A,B,B,B,B
UNC31386085,A,A,A,A,B,B,B,B
UNC31386211,A,B,A,A,A,B,B,A
UNC31386390,A,A,A,A,B,A,A,A
UNC31386546,A,B,A,A,B,B,A,B
UNC31386645,A,A,A,A,B,B,A,B
UNC31386750,A,A,A,A,B,B,B,B
UNC31387014,A,A,A,A,A,B,A,A
UNC31387173,A,A,A,A,B,B,B,A
UNC31387496,A,A,A,A,B,B,B,B
UNC31387765,A,A,A,A,B,B,B,B
UNC31387903,A,A,A,A,A,B,A,A
UNC31388446,A,A,A,A,A,B,B,B
UNC31388836,B,A,A,B,A,A,A,A
JAX00720117,B,B,B,B,A,A,A,A
UNC31390186,A,B,A,A,A,B,B,A
UNC31391395,A,B,A,A,A,A,B,B
UNC31391530,A,B,A,A,B,B,A,B
backupUNC200041972,A,B,A,A,A,A,B,B
backupUNC200199758,A,B,B,A,B,B,A,B
UNC31393542,A,A,A,A,A,A,B,A
UNC31393552,A,A,A,A,A,B,B,A
UNC31393609,B,B,B,B,B,A,A,B
UNC31393691,B,B,B,B,B,A,A,B
UNC31393867,A,B,B,A,B,A,A,A
UNC31393947,B,B,B,B,B,A,B,B
UNC31394076,B,A,A,B,A,A,A,B
UNC31394133,B,A,A,B,A,A,A,B
UNC31394272,A,A,A,A,A,A,A,B
UNC31394357,A,A,A,A,A,A,B,A
UNC31394714,A,A,A,A,A,B,B,B
UNC31394818,A,A,A,A,A,B,B,B
UNC31394950,B,B,B,B,B,A,B,B
UNC31395516,A,B,B,B,B,B,B,A
backupUNC200199933,B,A,A,A,A,B,B,B
UNC31397638,B,B,B,A,B,A,A,A
JAX00185322,B,B,B,A,B,A,A,B
UNC31398113,B,A,A,A,A,A,A,A
UNC31398757,A,A,A,A,A,B,B,B
UNC31399453,A,A,A,A,A,B,A,A
UNC31400006,A,A,A,A,A,B,B,A
UNC31400930,A,B,B,B,B,A,A,A
UNC31401539,A,A,B,B,A,B,B,B
UNC31402360,B,B,A,A,B,B,B,A
UNC31403222,A,B,A,A,B,B,A,B
UNC200042788,B,B,A,A,B,A,B,A
UNC31404720,B,A,A,A,A,B,B,B
UNC31405059,B,B,B,B,B,A,B,A
UNC200043090,A,B,A,A,B,B,A,B
UNC31405894,A,A,A,A,A,B,B,B
UNC31406574,B,B,B,B,B,A,A,B
UNC31407291,B,A,B,B,A,A,A,A
UNC200043244,A,B,A,A,B,B,A,A
UNC31408056,B,A,A,A,A,B,B,B
UNC31408194,B,A,A,A,A,A,B,A
UNC31408369,A,A,B,B,A,B,B,B
UNC31408585,A,B,B,B,B,B,B,A
UNC31408937,A,A,A,B,A,A,A,A
B6_X-139425208-S,B,A,B,B,B,B,B,B
UNC31409134,A,B,B,B,B,A,A,B
UNC31409692,A,A,A,B,A,B,B,B
UNC200200879,A,B,B,A,B,A,B,B
UNC31409919,A,A,A,B,A,A,A,A
UNC31410187,B,B,B,B,B,B,B,A
UNC31410305,B,A,A,B,A,B,B,B
UNC31410553,A,A,A,A,A,B,A,A
UNC31410829,A,B,B,A,B,B,B,A
UNC31411259,A,B,B,A,B,B,B,A
UNC31411499,B,B,B,B,B,B,B,A
UNC31411806,A,B,B,A,B,A,A,A
UNC31412105,B,A,A,B,A,B,A,B
UNC31412308,B,A,A,B,A,A,A,B
UNC31412770,A,A,A,A,A,B,B,B
UNC31413071,B,B,B,B,B,A,B,B
UNC31413378,B,A,A,B,A,B,B,B
UNC31414073,B,A,A,B,A,A,A,A
UNC31414389,A,B,B,A,B,A,A,B
UNC31414650,B,B,B,B,B,A,B,B
UNC31414970,A,B,B,B,B,A,A,A
UNC31415090,B,A,B,A,B,B,B,A
JAX00185476,A,B,A,B,A,B,B,B
UNC31415394,A,A,A,B,A,B,B,A
UNC200201505,A,B,B,A,B,A,A,B
UNC31415905,B,A,B,A,A,A,A,B
UNC31416134,B,B,B,B,B,A,B,A
UNC31416343,A,A,A,A,A,A,B,A
UNC31416517,B,A,B,B,B,A,A,A
UNC31416811,A,B,A,A,A,A,A,B
UNC31417141,A,B,A,B,A,A,A,A
UNC31417457,B,A,B,A,B,A,A,A
UNC31417978,A,A,A,A,A,B,B,A
UNC31418531,B,B,B,B,B,A,A,B
UNC31419660,A,A,A,A,A,B,B,B
UNC31419990,B,A,B,B,A,A,A,B
UNC200043724,B,A,B,B,A,A,B,B
UNC31420222,B,B,B,A,A,A,A,B
UNC31420600,B,B,B,B,B,A,A,B
UNC31420834,B,B,B,B,B,B,B,A
UNC31421121,A,A,A,A,A,B,A,A
UNC31421546,B,A,B,B,A,B,B,A
UNC31422934,B,A,A,B,B,A,A,B
UNC31429562,B,B,B,A,B,A,A,A
UNC200885683,B,B,B,A,A,B,B,A
JAX00185609,B,B,B,A,B,B,B,A
UNC31431373,B,B,B,B,A,A,B,B
UNC31432968,A,B,B,A,B,A,A,B
UNC31437303,B,B,B,A,A,B,B,A
UNC31439927,B,B,B,A,A,A,A,B
UNC200886512,A,A,A,B,B,B,B,A
UNC200044271,A,A,B,A,B,B,B,B
UNC31445154,A,A,A,A,B,B,A,B
UNC31447028,B,B,B,A,B,B,B,B
JAX00720993,A,A,A,A,A,B,B,B
UNC31449547,A,B,B,A,A,B,B,B
JAX00240233,A,B,B,A,A,A,A,-
backupUNC200759367,A,A,A,A,A,B,B,B
UNC31452796,A,A,A,A,A,B,-,-
JAX00721092,A,B,B,A,B,A,B,B
JAX00721093,A,A,A,A,A,B,B,A
UNC31456355,A,B,B,A,B,A,A,B
UNC31456944,A,A,A,A,A,B,A,A
UNC31457383,A,A,A,A,A,B,B,B
UNC200203655,B,A,A,A,A,B,B,B
UNC31457874,A,A,A,A,A,B,B,B
UNC31458930,A,B,B,A,B,B,B,A
UNC31459340,B,A,A,B,A,A,B,B
UNC31460136,B,A,A,B,A,A,B,B
UNC31460803,B,A,A,B,A,B,A,B
B6_X-147904667-S,B,A,B,B,B,B,B,B
backupUNC200204428,A,B,B,A,B,B,A,A
UNC31461503,A,B,B,A,B,B,B,A
UNC31461703,A,B,B,A,B,B,B,B
UNC31462169,B,A,A,B,A,B,B,B
UNC31462806,A,B,B,A,B,A,A,A
UNC31463170,B,A,A,B,A,A,A,B
UNC31463409,B,A,A,B,A,A,A,A
UNC31463752,A,B,B,A,B,B,B,A
UNC31464091,B,A,A,B,A,A,B,B
UNC31464655,B,B,B,B,B,A,B,B
UNC31465217,B,A,A,B,A,A,B,B
UNC31466064,A,A,A,A,A,B,B,A
backupUNC200045123,A,B,A,A,A,A,A,B
UNC31466548,A,B,A,A,A,B,B,B
UNC31466848,A,A,A,A,A,B,A,A
UNC31467262,B,A,B,B,B,A,A,B
UNC31467123,B,A,B,B,B,A,A,B
UNC31468050,A,A,A,A,A,B,A,B
UNC31469024,A,A,A,A,B,A,A,A
UNC31469374,A,A,B,A,A,A,A,A
UNC31470943,B,B,A,B,B,A,A,A
backupUNC200223037,A,A,A,A,A,B,B,B
UNC31473495,B,B,B,A,B,B,B,B
UNC200046565,A,B,A,A,A,B,A,A
UNC31475554,A,B,A,A,B,B,B,B
JAX00721456,B,B,B,B,B,A,A,B
UNC31477701,A,A,A,A,B,B,-,A
backupUNC200205394,B,A,A,B,B,B,-,B
backupJAX00186102,B,B,B,B,A,A,A,B
UNC31480566,B,A,A,B,A,A,A,A
UNC31482246,A,B,B,B,B,B,B,B
UNC200205568,B,A,A,B,B,B,B,B
UNC31485598,A,A,A,A,B,A,A,B
UNC31485880,B,A,A,B,A,A,A,A
UNC31486781,B,B,B,B,A,A,A,B
UNC31487803,A,B,B,A,B,B,A,B
UNC31488603,A,A,A,A,B,A,A,B
UNC31489227,B,B,B,B,A,B,B,B
UNC31489945,A,B,B,A,A,A,A,A
UNC31491598,B,A,A,B,A,B,B,A
JAX00721699,A,B,B,A,B,B,A,B
UNC31492131,B,B,B,B,B,B,B,A
UNC31492610,A,A,A,A,B,A,A,A
UNC31493524,B,A,A,B,A,A,A,A
UNC200207043,B,A,A,B,A,B,B,A
UNC31494096,A,A,A,A,A,B,A,A
UNC31494603,A,B,B,A,B,A,A,B
UNC31495131,A,A,A,A,A,B,B,B
UNC31495724,A,A,A,A,B,B,B,A
UNC31496095,B,A,A,B,A,A,A,B
UNC31496651,A,A,A,A,B,A,B,B
backupUNC200243544,B,B,B,B,B,A,A,A
UNC31498203,A,A,A,A,B,B,B,B
UNC31499226,A,B,B,A,B,B,A,A
UNC31499614,B,A,A,B,B,A,A,A
UNC31501229,B,B,B,A,B,B,B,A
UNC31501345,A,A,A,B,B,B,B,B
UNC31502377,A,A,A,B,A,B,B,A
UNC31502889,A,A,A,A,A,B,A,A
UNC200244258,A,A,A,B,B,B,-,B
UNC31503677,B,B,B,A,A,A,A,B
UNC31504401,A,A,A,A,B,B,B,B
UNC200207852,B,A,A,A,B,B,B,B
UNC31504684,B,B,B,A,A,A,A,A
UNC31505303,B,B,B,A,B,A,A,B
JAX00186379,B,B,B,A,A,A,A,B
JAX00721922,A,A,A,B,B,B,B,A
UNC31507127,B,B,B,B,B,A,A,A
backupJAX00721933,A,A,A,B,A,B,B,B
UNC31507657,A,A,A,B,A,B,B,A
UNC31508535,A,A,A,A,A,B,A,A
UNC31508881,B,B,B,A,B,A,A,A
UNC31510591,B,B,B,A,B,A,A,B
UNC200245326,B,B,B,A,B,A,-,A
UNC31511780,A,A,A,B,A,B,B,B
UNC31512152,B,B,B,A,B,A,A,A
UNC31512943,B,B,B,B,B,A,A,A
backupJAX00722044,B,B,B,A,B,A,A,B
UNC31514370,A,A,A,B,A,B,A,A
UNC31514736,B,B,B,A,B,A,A,B
UNC31515842,A,A,B,A,A,A,A,A
UNC200800390,B,B,B,B,B,A,A,A
JAX00722071,A,A,A,A,A,A,B,A
UNC31517152,B,B,B,A,B,B,A,B
UNC31517925,B,B,B,A,B,A,A,A
UNC31518863,B,B,B,A,B,A,A,B
UNC31519270,B,B,B,A,B,B,A,A
backupUNC200246213,A,A,A,B,A,B,A,B
UNC31520276,B,B,B,A,B,A,B,A
UNC31520841,A,A,A,B,A,B,B,B
UNC200803134,A,A,A,A,A,B,B,B
UNC31521517,B,B,B,A,B,A,A,A
UNC31522543,B,B,B,A,B,A,A,B
UNC200246879,B,B,B,A,B,-,A,A
UNC31523055,A,A,A,A,A,B,A,A
UNC31523718,B,B,B,B,B,A,A,B
UNC31524298,A,A,A,B,A,B,B,B
UNC31524753,B,B,B,A,B,A,A,A
UNC31525307,B,B,B,A,B,B,B,B
UNC31525888,A,A,A,A,A,B,A,A
JAX00186579,A,A,A,B,A,B,B,B
UNC31526250,B,B,B,B,B,A,A,B
UNC31526845,A,A,A,A,A,B,B,B
UNC31527426,A,A,A,A,A,B,B,B
UNC31527829,A,A,A,B,A,B,B,B
JAX00186608,A,A,A,B,A,B,B,A
UNC31528426,B,B,B,B,B,A,B,B
JAX00722305,B,B,B,B,B,B,A,B
UNC31529265,B,B,B,A,B,A,A,B
UNC31529785,A,A,A,B,A,B,B,B
UNC31530550,B,B,B,B,B,A,A,A
UNC31531049,B,B,B,B,B,A,B,B
UNC31531605,B,B,B,B,B,A,A,B
UNC31532013,A,A,A,A,A,B,B,B
backupJAX00722366,A,A,A,A,A,B,B,B
UNC31533263,A,A,A,A,A,B,B,B
JAX00722401,A,A,A,A,A,B,B,B
UNC31534026,A,A,A,A,A,A,B,B
UNC31534437,A,A,A,A,A,B,B,A
UNC31535785,A,A,A,A,A,B,B,B
UNC31536170,A,A,A,A,A,B,B,B
UNC31536988,B,B,B,B,B,A,B,B
UNC31537649,A,A,A,A,A,B,B,A
JAX00186717,B,B,B,B,B,A,A,B
UNC31538825,A,A,A,A,A,B,B,B
UNC31539648,B,B,B,B,B,A,A,B
backupJAX00722521,B,B,B,B,B,A,A,A
UNC31540599,B,B,B,B,B,A,B,A
UNC31541581,A,A,A,A,A,B,B,B
UNC31542792,A,A,A,A,A,B,B,B
JAX00186758,B,B,B,B,B,A,A,A
UNC31544061,B,B,B,B,B,A,B,B
UNC31545232,B,B,B,B,B,A,A,A
UNC31545940,B,B,B,B,B,A,A,A
UNC200066422,A,A,A,A,A,B,A,A
UNC31546420,B,B,B,B,B,A,A,B
UNC31546983,B,B,B,B,B,A,B,B
UNC31547541,A,A,A,A,A,B,B,B
UNC31548798,A,B,A,A,A,B,B,B
UNC200048303,A,B,A,A,A,A,B,B
UNC31549745,A,A,A,A,B,B,B,A
UNC31550037,A,A,A,A,B,B,B,B
UNC31551147,B,B,B,B,B,B,A,A
UNC31551989,A,A,A,A,A,B,B,B
UNC31552939,B,A,B,B,B,A,A,B
UNC31553261,B,A,B,B,B,A,A,A
UNC31554206,A,B,A,A,A,B,B,B
UNC31555193,B,A,B,B,B,A,B,A
UNC31555745,B,B,B,B,B,A,B,B
UNC31556429,A,A,A,A,A,B,B,B
UNC31556951,B,B,B,A,B,B,B,B
JAX00186885,B,A,B,B,B,B,A,A
UNC31558530,A,B,A,A,A,B,B,B
UNC31559862,B,A,B,B,A,B,B,A
UNC31560729,A,A,A,A,A,A,B,A
UNC31561843,A,B,A,A,A,A,A,A
UNC31562702,B,B,B,B,B,A,B,B
UNC31564310,A,B,A,A,B,B,B,B
UNC31564908,B,A,B,B,A,B,B,A
UNC31566941,B,B,B,B,A,B,B,B
UNC31568433,B,B,B,B,B,B,A,A
UNC31570179,B,A,B,A,A,A,A,A
UNC31571136,B,B,B,A,B,A,A,B
UNC31572906,A,A,A,A,A,B,A,B
UNC31575070,B,B,B,A,A,B,B,B
backupUNC200838158,A,A,A,B,B,B,B,A
JAX00723000,A,A,A,A,A,B,B,A
UNC31576173,B,B,B,B,A,A,A,A
JAX00187059,B,A,B,A,A,B,B,A
UNC31578355,B,B,B,A,A,B,A,A
UNC31578999,B,B,B,B,A,B,B,A
B6_X-164113817-S,A,B,A,A,A,A,A,A
UNC31581130,B,B,B,B,B,B,A,A
UNC31582051,B,B,B,B,B,A,A,B
backupUNC200889296,A,A,A,B,B,A,A,B
UNC31583197,A,A,A,B,B,B,B,A
UNC31584027,A,A,A,A,B,B,B,B
UNC31584804,B,B,B,B,A,A,B,B
JAX00187127,B,B,B,B,A,A,A,B
UNC31586491,A,A,A,A,A,B,B,A
UNC31587648,A,A,A,A,A,B,B,B
JAX00187167,B,A,B,B,A,A,A,A
JAX00187177,A,A,A,A,B,B,A,B
UNC31590581,A,A,A,A,A,A,A,B
UNC31590719,B,B,B,B,A,B,B,B
UNC31590957,B,B,B,B,A,A,B,A
UNC31591176,A,A,A,A,B,A,A,B
UNC31591264,B,B,B,A,B,B,B,B
UNC31591516,A,A,A,A,B,B,A,B
UNC31591894,B,B,A,B,B,B,B,B
UNC31592078,B,B,B,B,B,A,B,B
UNC31592360,A,A,A,A,B,A,A,B
UNC31592588,B,B,A,B,B,B,B,B
UNC31592717,A,A,A,A,B,A,A,A
UNC31592836,A,A,A,A,A,B,A,A
UNC200051678,B,A,B,B,B,A,A,A
UNC31593277,B,B,B,B,B,A,B,A
UNC31593544,B,B,B,B,B,A,B,B
UNC31593763,B,B,B,B,B,B,A,B
UNC31594098,B,B,B,B,A,B,B,B
UNC31594161,A,A,A,A,A,A,A,B
UNC31594461,B,B,B,B,B,A,B,A
UNC31594704,A,A,A,A,A,B,A,B
UNC31594892,A,A,A,A,A,A,A,B
UNC31595072,B,B,B,B,B,A,B,B
UNC31595302,A,A,A,A,A,B,A,A
UNC31595411,A,A,A,A,A,A,A,B
UNC31595576,A,A,A,A,A,B,A,B
JAX00723372,A,A,B,A,A,-,A,A
