# Founder genotypes (A/B/-) for MegaMUGA chromosome 14
# nrow 3039
# ncol  9 
marker,A,B,C,D,E,F,G,H
JAX00049793,A,A,B,B,B,B,B,A
JAX00049803,B,B,A,A,A,A,A,A
JAX00372138,A,A,A,A,A,B,A,A
JAX00372147,B,B,A,B,B,B,B,B
JAX00049811,A,A,A,B,B,A,A,A
JAX00372157,A,A,B,B,B,B,B,A
JAX00372194,A,A,A,A,A,A,A,B
JAX00049828,B,B,A,B,B,B,A,B
JAX00372220,B,B,A,B,B,B,A,B
JAX00049833,A,A,A,B,A,A,A,A
JAX00372251,A,A,A,A,A,B,A,A
JAX00372254,A,A,B,A,B,B,B,A
JAX00372314,B,B,A,B,B,A,A,B
JAX00372322,A,A,A,B,B,A,A,B
JAX00372344,A,A,A,A,A,B,A,A
JAX00049884,B,B,A,B,B,A,A,B
backupUNC140686121,B,B,B,A,A,A,A,B
JAX00372423,A,A,B,A,A,A,A,A
JAX00372441,A,A,A,A,A,B,A,A
JAX00372450,B,B,B,B,A,B,B,A
JAX00372464,A,A,B,A,A,B,B,B
UNC140017435,A,A,B,A,B,A,B,A
JAX00049927,B,B,A,B,A,A,A,A
JAX00372508,A,A,A,A,B,A,A,B
JAX00049935,B,B,A,B,B,B,A,B
UNC140019920,A,B,A,A,A,-,A,A
JAX00372574,B,B,B,B,A,A,B,A
JAX00372610,A,A,A,A,A,B,A,A
JAX00372622,A,A,A,A,A,A,A,B
JAX00372675,A,A,B,A,A,B,B,A
UNC140025084,B,B,A,B,B,A,B,A
JAX00372726,B,B,A,B,A,A,A,B
JAX00372768,A,A,A,A,A,B,A,A
JAX00050015,B,B,A,B,B,A,A,A
JAX00372781,B,B,B,A,A,B,B,A
JAX00050026,B,B,A,A,A,A,A,B
JAX00050046,A,A,B,B,A,B,B,A
JAX00372887,B,B,A,B,B,B,A,B
UNC140035077,B,A,B,B,B,A,B,A
UNC140731695,A,A,A,A,B,B,B,B
JAX00373032,B,B,B,B,B,A,B,B
JAX00373062,A,A,A,B,B,A,A,B
UNC140042044,B,B,A,B,B,B,A,A
JAX00373129,A,A,A,A,A,B,A,A
JAX00050146,A,A,B,B,B,B,B,A
JAX00373163,B,B,A,A,B,A,A,B
UNC140044177,A,A,B,B,B,A,B,B
JAX00373204,B,B,B,B,B,B,B,A
JAX00050178,A,A,B,A,A,A,B,A
JAX00373329,A,B,A,B,B,B,A,B
UNC140055212,A,B,A,B,B,B,A,B
JAX00373417,B,B,B,B,B,B,A,B
JAX00373449,B,A,A,A,B,A,A,B
JAX00050270,B,A,A,A,B,A,A,B
backupUNC140436365,A,B,B,B,A,B,B,A
JAX00050298,B,A,A,A,B,A,A,A
JAX00373520,B,B,B,B,B,A,B,B
JAX00050309,A,B,B,B,A,B,B,A
UNC140436816,B,A,A,B,B,A,A,B
JAX00050321,B,B,A,B,B,A,A,B
backupUNC140062991,A,B,A,B,B,B,A,A
JAX00373620,A,A,A,A,A,A,A,B
JAX00373626,B,B,B,B,B,A,B,B
JAX00050361,A,A,B,A,A,B,B,A
JAX00373647,A,A,B,A,A,A,B,A
UNC140070024,A,B,A,A,A,A,A,B
JAX00187931,B,A,B,B,A,B,B,B
JAX00373672,B,A,A,B,A,A,A,B
JAX00373679,B,A,B,B,A,A,A,B
JAX00050388,B,B,A,B,B,A,A,B
UNC23615997,A,B,B,A,B,B,A,A
JAX00373750,A,B,B,A,A,B,B,B
JAX00373763,A,B,A,A,A,A,A,B
JAX00050435,A,A,B,A,A,B,B,A
JAX00373788,B,B,B,B,B,A,B,B
JAX00373835,B,B,B,B,B,B,B,A
JAX00050453,A,A,B,A,A,A,B,A
JAX00373865,A,A,A,A,A,B,A,A
JAX00373888,B,B,B,B,B,B,B,A
JAX00373939,B,B,A,B,A,A,A,B
JAX00373970,A,A,A,A,A,A,A,B
UNC140438846,B,A,B,B,B,B,B,A
JAX00374010,A,B,B,A,A,B,B,B
JAX00374030,B,A,B,B,A,B,B,B
UNC23643611,B,B,A,B,A,B,A,A
JAX00374132,A,A,B,A,B,-,B,A
UNC140092639,A,A,B,A,B,B,B,A
backupUNC140094755,A,A,B,A,B,B,B,B
UNC23654341,A,A,-,A,A,-,B,A
UNC23654392,A,A,A,A,A,A,A,B
UNC23654446,A,A,B,B,B,B,A,B
UNC23654491,A,A,B,B,B,A,A,A
backupUNC140098146,B,B,A,A,A,B,B,B
UNC23654589,A,A,B,B,B,A,A,B
UNC23654644,A,A,B,B,B,A,A,B
UNC23654829,B,B,A,A,B,B,B,A
UNC23655107,B,B,A,A,B,A,B,B
UNC23655264,B,B,A,A,B,B,B,B
UNC23655457,B,B,A,A,A,A,B,A
UNC23655538,A,A,A,A,B,A,A,A
UNC23655738,B,B,A,A,B,B,A,A
UNC23656406,B,B,A,A,A,B,B,A
UNC23656948,A,A,B,B,A,B,B,B
UNC23657127,A,A,A,A,B,B,A,B
UNC23657910,B,B,B,B,A,B,A,A
UNC23658368,B,B,B,B,A,A,A,A
UNC23659321,A,A,A,A,B,B,A,B
backupJAX00050708,A,A,A,A,B,A,B,B
UNC23659908,A,A,A,A,B,B,B,B
UNC23661020,A,A,B,B,B,B,B,B
UNC23661490,A,A,B,B,B,A,A,A
UNC23661740,B,B,A,A,A,A,A,B
UNC23662352,B,B,B,B,A,A,A,A
UNC23662656,B,B,B,B,A,A,B,B
UNC23663369,B,B,B,B,B,A,A,B
backupJAX00050727,A,A,B,B,B,B,B,A
UNC23663703,B,B,A,A,A,A,A,A
UNC23664062,B,B,B,B,A,A,A,B
UNC23664511,B,B,A,A,A,B,B,B
UNC23665083,A,A,A,A,B,B,A,B
UNC23665402,A,A,B,B,B,B,B,B
UNC23665516,B,B,B,B,A,A,A,B
UNC23665803,A,A,B,B,B,B,B,A
UNC23666004,B,B,B,B,A,B,A,B
UNC23666261,B,B,B,B,B,A,A,B
UNC23666580,B,B,B,B,A,A,A,B
UNC23666960,A,A,B,B,B,B,B,A
UNC141357427,B,B,B,A,A,B,B,A
UNC23667052,B,B,B,B,B,B,B,A
UNC23667369,B,B,B,B,B,A,B,B
UNC23668279,A,A,A,A,B,A,A,A
UNC23668700,A,A,B,B,A,A,A,B
UNC23668865,B,B,A,A,B,B,A,A
UNC23669266,A,A,B,B,A,A,A,A
UNC23669613,B,B,A,A,A,A,A,A
UNC23670410,A,A,B,B,B,A,A,B
UNC23670820,A,A,A,A,B,B,B,A
backupUNC140099960,B,B,A,A,B,A,B,B
UNC23672337,A,A,B,B,A,B,B,A
UNC23672654,B,B,A,A,B,A,A,B
UNC23673298,A,A,B,B,B,A,A,B
UNC23673701,A,A,A,A,A,B,B,B
UNC23674339,A,A,B,B,B,B,A,A
B6_rs31151615,A,B,A,A,A,A,A,A
UNC23674868,A,A,A,A,B,B,B,B
UNC23675166,A,A,A,A,B,B,B,B
UNC23675570,A,A,B,B,B,A,B,A
UNC23676126,B,B,B,B,B,A,A,A
UNC23676333,B,B,A,A,B,B,B,A
UNC23676668,A,A,B,B,B,A,B,A
UNC23677579,A,A,B,B,B,A,A,A
UNC23677944,B,B,B,B,B,A,A,A
UNC23678312,A,A,B,B,A,B,B,B
UNC140101120,B,B,A,A,B,A,A,A
UNC23679461,B,B,A,A,A,B,B,A
UNC23680310,A,A,B,B,A,A,A,A
UNC140101805,B,A,B,B,-,B,A,B
UNC23680753,B,B,A,A,A,B,A,B
UNC23681697,A,A,B,B,A,B,A,B
UNC23681924,B,B,A,A,B,A,A,A
UNC23682331,B,B,A,A,A,B,B,A
UNC23682990,A,A,B,B,B,B,B,A
JAX00374766,B,B,A,A,A,B,A,B
UNC23683302,A,A,B,B,A,B,B,A
UNC23683937,B,B,A,A,B,B,A,A
UNC23684408,B,B,B,B,A,A,A,A
UNC23684935,B,B,A,A,B,A,A,B
UNC23685230,B,B,A,A,B,A,B,A
UNC23686089,B,B,A,A,A,A,B,B
UNC23686494,A,A,A,A,B,B,B,B
UNC23686788,B,B,B,B,A,A,A,A
UNC23687285,B,B,A,A,B,A,A,B
UNC23687470,B,B,A,A,A,B,A,A
UNC23688028,B,B,A,A,A,A,A,B
UNC23688114,A,A,B,B,A,A,A,B
UNC23688174,B,B,A,A,B,A,A,A
UNC23688248,B,B,A,A,A,B,B,A
UNC23688307,B,B,B,B,B,A,B,B
UNC23688349,A,A,B,B,A,A,A,A
UNC23688398,B,B,B,B,B,A,A,B
UNC23688454,B,B,A,A,B,A,A,A
UNC23688552,B,B,B,B,A,A,A,B
UNC23688644,B,B,B,B,B,A,B,B
UNC23688729,B,B,A,A,B,B,B,B
UNC23688811,B,B,A,A,B,A,A,B
UNC23688908,A,A,B,B,A,B,B,A
UNC23689052,B,B,B,B,B,A,B,B
UNC23689180,A,A,A,A,B,A,A,B
UNC23689310,A,A,B,B,A,A,A,A
UNC23689392,B,B,A,A,B,A,A,B
UNC23689462,A,A,A,A,B,A,A,B
UNC23689659,A,A,A,A,B,B,B,B
UNC23689788,A,A,A,A,B,B,B,B
UNC23689908,B,B,B,B,A,B,B,B
UNC23689982,B,B,B,B,A,B,B,A
UNC23690129,A,A,A,A,A,B,A,A
UNC23690344,B,B,B,B,A,A,A,B
UNC23690434,B,B,B,B,A,A,A,A
UNC23690562,B,B,B,B,A,A,A,A
UNC23690655,B,B,B,B,A,B,B,B
UNC23690769,A,A,A,A,A,B,A,A
UNC23690943,A,A,A,A,A,B,B,A
UNC23691003,B,B,B,B,B,A,A,B
UNC23691080,A,A,A,A,B,B,B,B
UNC23691150,B,B,B,B,B,A,A,A
UNC23691318,A,A,A,A,A,B,A,A
UNC23691418,A,A,B,B,B,B,B,B
UNC23691532,B,B,A,A,A,B,B,A
UNC23691669,A,A,A,A,A,B,B,A
UNC23691779,A,A,A,A,A,B,B,B
UNC23691903,A,A,A,A,A,B,A,A
UNC23692141,B,B,B,B,A,A,A,B
UNC23692240,A,A,A,A,A,B,B,B
UNC23692432,B,B,B,B,A,A,A,A
UNC23692580,B,B,B,B,B,B,A,A
UNC23692652,B,B,B,B,B,A,A,A
UNC23692872,A,A,A,A,B,B,B,A
UNC23693060,A,A,A,A,B,B,B,B
UNC23693235,A,A,A,A,B,B,B,B
backupJAX00374979,B,B,B,B,B,A,A,A
UNC23693511,A,A,A,A,B,B,A,A
UNC23693850,B,B,B,B,B,A,B,A
UNC23694056,A,A,A,B,A,B,B,A
UNC23694515,B,B,B,A,B,A,A,B
UNC23694857,B,B,B,A,B,A,B,B
UNC23695154,A,A,A,B,A,B,B,A
UNC23695382,A,A,A,B,B,A,B,A
JAX00375019,A,A,A,B,B,B,B,A
JAX00375023,A,A,A,B,A,A,A,A
UNC23695971,B,B,B,B,A,A,B,A
UNC23696471,A,A,A,A,B,B,B,A
JAX00375038,B,B,B,B,A,B,A,A
UNC23697250,A,A,A,B,B,A,A,A
UNC23697922,A,A,A,A,A,B,A,A
UNC23698019,A,A,A,A,A,A,A,B
UNC23698452,B,B,B,A,A,A,A,A
UNC23698724,A,A,A,A,B,A,A,A
UNC23699275,A,A,A,B,B,B,A,B
UNC23699589,B,B,B,A,A,-,B,B
UNC23699926,B,B,B,A,A,A,A,B
UNC23700620,B,B,B,B,A,A,A,A
UNC23701020,B,B,B,A,A,B,A,A
UNC23701378,B,B,B,B,B,A,B,A
UNC23702367,B,B,A,A,B,A,B,A
UNC23702801,A,A,B,B,B,B,B,B
UNC140103676,B,B,A,A,A,B,B,B
UNC23703393,B,B,B,B,A,A,B,B
UNC140103700,A,A,B,B,A,B,B,B
UNC23703834,B,B,A,A,A,A,A,A
UNC23704437,A,A,B,B,A,B,B,A
UNC23705053,A,A,B,B,B,A,A,B
UNC23705444,B,B,B,B,B,A,B,B
UNC23705855,B,B,B,B,A,A,A,B
UNC23706322,B,B,B,A,A,A,B,B
UNC23706608,A,A,A,B,B,B,B,B
UNC23706787,A,A,A,B,B,A,A,B
UNC23707567,B,B,B,B,A,A,A,A
UNC23707790,B,B,B,A,A,A,B,A
UNC23707983,A,A,A,A,B,A,A,A
UNC23708559,B,B,B,A,A,A,A,A
UNC23708794,B,B,B,A,A,B,A,A
UNC140784413,A,A,A,B,B,B,B,A
UNC23709563,B,B,B,B,B,A,A,A
UNC23709933,B,B,B,B,B,A,B,A
UNC23710261,B,B,B,A,B,A,A,B
UNC23710487,A,A,A,B,A,B,B,B
UNC23710971,A,A,A,A,A,B,B,A
UNC23711249,B,B,B,B,B,A,A,A
UNC23711342,A,A,A,B,A,A,B,A
UNC23711942,A,A,A,B,A,A,A,B
UNC23712568,A,A,A,B,A,B,B,B
UNC23713100,B,B,B,A,B,A,A,A
backupUNC141490485,A,A,A,B,A,A,B,B
UNC23713533,B,B,B,B,B,A,B,A
UNC23713876,A,A,A,A,A,B,B,A
UNC23714305,B,B,B,B,B,A,A,A
UNC23714933,B,B,B,B,B,A,A,A
UNC23715389,A,A,A,B,A,B,B,B
UNC23715612,B,B,B,B,B,A,B,B
UNC23715623,A,A,A,A,A,B,B,A
UNC23715890,A,A,A,B,A,B,B,B
UNC23716666,A,A,A,A,A,B,B,A
UNC140104069,A,B,A,A,B,B,B,B
UNC23717383,B,B,B,B,B,A,A,B
UNC23717799,A,A,A,A,A,B,B,A
UNC23718266,B,B,B,B,B,A,B,B
UNC23718683,B,B,B,B,B,A,A,B
UNC23718948,B,A,B,B,A,B,B,B
UNC23719474,A,A,A,A,A,B,B,A
UNC23719880,B,B,B,A,B,B,B,B
UNC23720269,A,A,A,A,A,A,B,A
UNC23720863,B,B,B,A,B,A,A,B
UNC23721193,A,B,B,B,B,A,A,B
JAX00375426,B,B,B,B,B,B,A,B
JAX00051088,A,B,B,A,B,B,B,B
UNC23721725,B,A,A,B,A,B,B,B
UNC23722016,B,B,B,B,B,A,B,B
JAX00375435,B,B,B,B,B,A,A,B
UNC23722412,B,A,A,B,A,B,B,A
JAX00051094,A,B,B,A,B,A,A,B
JAX00375439,B,B,B,B,B,A,B,B
UNC23722781,B,B,B,B,B,A,A,B
UNC23723052,B,A,B,A,A,B,B,A
UNC23723485,A,B,A,A,B,A,A,A
JAX00051100,A,A,A,A,A,B,B,A
UNC23723814,B,B,B,B,B,A,B,B
JAX00051102,A,B,A,B,B,A,A,A
UNC23724198,B,A,B,A,A,A,A,B
UNC23725032,B,B,B,A,B,B,A,A
JAX00051109,A,B,A,A,B,A,A,B
UNC23725300,B,B,B,A,B,A,A,B
JAX00375474,A,A,A,B,A,B,B,A
UNC23725359,A,A,A,B,A,A,B,A
UNC23725369,A,B,A,B,B,B,B,B
UNC23725485,B,B,B,A,B,B,A,A
UNC23725688,A,B,A,A,B,A,A,B
UNC23725916,B,A,B,B,A,A,B,A
JAX00375504,B,B,B,B,B,A,A,B
UNC23726207,A,A,A,A,A,B,B,A
backupUNC140104438,A,B,A,B,B,B,A,B
UNC23726524,B,A,B,A,A,B,B,A
JAX00375520,B,B,B,B,B,A,B,B
UNC23726899,B,B,B,B,B,A,B,A
UNC23727335,B,B,B,B,B,A,A,A
UNC23727663,B,A,B,B,A,B,B,B
UNC23728005,B,B,B,B,B,A,A,B
JAX00375539,B,B,B,B,B,A,A,A
JAX00375540,B,B,B,B,B,B,A,A
UNC23728279,B,B,B,A,B,B,B,B
UNC23728894,A,A,A,A,A,B,A,B
UNC23729201,A,B,A,B,B,B,B,B
UNC23729541,B,B,B,B,B,A,B,B
UNC23729559,A,A,A,A,A,B,B,A
JAX00375581,B,B,B,B,B,A,B,B
JAX00204495,A,A,A,A,A,B,B,A
UNC140104593,B,A,B,B,A,B,A,A
UNC23731840,B,B,B,B,B,A,A,B
UNC140104606,A,B,A,A,B,-,A,B
JAX00051163,A,A,A,A,A,B,B,A
JAX00051164,B,B,B,B,B,A,A,B
UNC23732548,A,B,A,A,B,B,B,B
JAX00375594,A,A,A,A,A,B,B,A
JAX00051173,A,A,A,A,A,A,B,A
UNC23733930,B,B,B,B,B,A,B,B
UNC23734821,A,A,A,A,A,B,B,B
UNC23735711,B,B,B,B,B,A,A,A
JAX00375626,A,A,A,A,A,A,A,B
UNC23736481,A,B,A,A,B,B,B,A
UNC23737403,B,A,B,B,A,A,B,B
JAX00375647,B,B,B,B,B,A,B,B
UNC23737885,A,A,A,A,A,A,A,B
JAX00051201,A,B,A,A,B,B,B,A
JAX00375665,B,A,B,B,A,B,B,B
UNC23739442,B,A,B,B,A,B,A,B
JAX00051215,B,B,B,B,B,A,B,B
UNC23741098,A,B,A,A,B,B,B,A
UNC140105795,A,B,A,A,B,B,A,B
JAX00375694,A,A,A,A,A,A,A,B
UNC23742255,A,B,B,A,B,B,B,B
UNC23742653,A,B,B,A,B,B,A,A
JAX00375737,A,B,B,A,B,B,B,B
JAX00051237,A,B,B,A,B,B,B,B
UNC23744181,A,B,B,A,B,B,A,B
UNC140440161,A,B,B,A,B,A,A,A
JAX00375771,A,A,A,A,A,A,B,A
UNC23745896,A,B,B,A,B,A,A,B
UNC23747128,B,B,B,B,B,A,A,B
JAX00375785,A,B,B,A,B,B,B,B
JAX00375804,A,B,B,A,B,A,A,B
JAX00051258,A,B,B,A,B,B,B,B
UNC23748442,A,B,B,A,B,B,A,B
UNC23749945,A,B,B,A,B,B,A,A
JAX00375849,A,B,B,A,A,B,B,A
UNC23752456,B,A,B,A,B,B,B,B
JAX00051284,B,A,B,B,B,B,B,A
UNC23753243,A,B,A,A,A,B,B,B
backupUNC140106398,B,A,B,A,B,A,A,B
UNC23753830,A,A,A,A,A,B,A,B
JAX00375931,B,B,B,B,B,A,A,B
JAX00051291,A,A,A,A,A,A,A,B
JAX00375957,A,B,A,B,A,A,A,A
UNC23754979,B,A,B,A,B,A,A,B
UNC23755603,A,B,A,B,A,B,B,B
JAX00375985,A,B,A,B,A,B,B,B
UNC140106698,A,B,A,A,A,A,A,A
UNC23756735,A,B,A,A,A,B,A,B
UNC23757704,B,B,B,B,B,A,A,B
UNC23758770,A,B,A,A,A,B,B,B
JAX00051328,A,B,A,A,A,A,A,B
JAX00376057,B,B,B,B,B,A,B,B
UNC23760156,A,B,A,A,A,A,A,A
UNC23760939,A,B,A,A,A,A,B,B
JAX00051339,B,A,B,B,B,A,A,A
UNC23761900,A,B,A,A,A,B,A,B
JAX00204553,A,A,A,A,A,B,B,A
JAX00204555,A,A,A,A,A,A,B,A
UNC23763442,A,B,A,A,A,B,B,B
JAX00376115,B,B,B,B,B,B,B,A
UNC23764406,A,B,A,A,A,B,B,B
UNC23765091,B,B,B,B,B,A,A,A
UNC23766366,A,B,A,A,A,B,A,A
JAX00051369,A,B,A,A,A,B,B,A
JAX00051371,A,B,A,A,A,B,B,A
UNC23767364,B,A,B,B,B,A,A,B
UNC23768564,B,A,B,B,B,A,A,A
JAX00051386,A,B,A,A,A,B,B,A
UNC23770110,B,A,B,B,B,A,A,A
JAX00204570,B,B,B,B,B,A,A,A
UNC23771301,A,A,A,A,A,B,B,A
UNC23772550,A,B,A,A,A,B,A,B
JAX00376252,A,A,A,A,A,A,A,B
UNC23773728,A,A,A,A,A,B,B,B
JAX00376264,B,B,B,B,B,B,B,A
UNC23774723,B,A,B,B,B,B,B,B
UNC23776184,B,A,A,B,B,B,A,A
backupUNC140442244,B,A,A,B,B,A,B,A
UNC23778095,B,A,A,B,B,A,A,B
JAX00376337,A,A,A,A,A,A,A,B
UNC23779373,A,B,B,A,A,A,B,B
JAX00204586,B,B,B,B,B,A,B,B
UNC23780150,B,A,A,B,B,A,A,B
UNC23780628,A,A,A,A,A,B,B,B
UNC140110351,A,A,A,A,A,B,A,A
UNC23781540,A,B,B,A,A,B,B,B
JAX00204593,B,B,B,B,B,A,A,B
UNC23782743,A,B,B,A,A,B,B,B
UNC23783875,A,B,B,A,A,B,A,B
UNC23784698,A,B,B,A,A,B,B,A
JAX00051478,A,B,B,A,A,B,B,A
UNC23785730,A,B,B,A,A,A,A,A
UNC140443515,B,A,A,B,B,A,A,B
UNC23786271,B,A,A,B,B,A,A,B
JAX00051491,A,B,B,A,A,B,B,A
UNC23787191,B,A,A,B,B,A,B,B
JAX00376480,B,A,A,B,B,A,A,B
UNC23787703,A,A,A,A,A,A,A,B
UNC23787821,B,A,A,B,B,A,A,B
UNC23788140,B,B,B,B,B,A,B,B
UNC23788399,A,A,B,A,A,B,B,A
UNC23788473,A,A,A,A,A,B,B,A
UNC23788634,A,A,A,A,A,B,A,A
UNC23788657,B,B,A,B,B,A,A,B
UNC23788774,B,B,B,B,B,A,A,B
UNC23788871,B,B,B,B,B,A,A,B
UNC23788990,B,B,B,B,B,A,A,B
JAX00376504,A,A,A,A,A,A,A,B
UNC23789216,A,A,B,A,A,B,B,B
UNC23789430,A,A,A,A,A,A,A,B
JAX00376509,B,B,B,B,B,A,B,B
UNC23789679,A,A,A,A,A,B,B,B
UNC23789797,A,A,B,A,A,A,A,B
UNC23789935,B,B,A,B,B,B,A,A
UNC23790044,A,A,B,A,A,B,B,B
backupUNC140110571,B,B,A,B,B,A,B,A
UNC23790191,A,A,B,A,A,B,B,B
JAX00376536,B,B,B,B,B,A,A,B
UNC23790460,B,B,B,B,B,A,B,A
UNC23790580,B,B,B,B,B,A,A,B
UNC23790683,B,B,B,B,B,A,A,A
UNC23791027,A,A,B,A,A,B,B,A
JAX00376552,B,B,B,B,B,B,A,B
UNC23791091,B,B,B,B,B,A,A,A
JAX00051523,A,A,B,A,A,B,B,B
UNC23791535,A,A,B,A,A,A,B,B
UNC23791744,A,A,B,A,A,B,B,B
UNC23791845,A,A,B,A,A,B,B,B
UNC23792279,B,B,A,B,B,A,A,B
UNC23792318,A,A,B,A,A,B,A,B
UNC23792603,B,B,B,B,B,A,B,A
JAX00376591,A,A,A,A,A,B,B,B
UNC23793483,A,A,B,A,A,B,B,B
UNC23793598,A,A,A,A,A,B,A,A
UNC23793777,A,A,A,A,A,B,B,B
UNC23794044,A,A,A,A,A,B,B,B
UNC23794297,B,B,A,B,B,A,A,B
UNC23794768,A,A,B,A,A,B,B,B
UNC23796164,B,B,B,B,B,A,B,B
UNC23796613,A,A,A,A,A,B,B,A
UNC23797099,A,A,A,A,A,B,B,A
UNC140839595,A,A,A,A,A,B,B,A
UNC23798374,A,A,A,A,A,B,B,B
UNC23798735,B,B,A,B,B,A,B,A
UNC23800695,B,B,A,B,B,A,A,B
UNC23802871,B,B,A,B,B,A,A,A
UNC23803488,B,B,A,B,B,B,B,B
UNC23804378,A,A,B,A,A,B,A,B
JAX00376744,B,B,A,B,B,B,B,A
UNC23805810,B,B,A,B,B,B,A,A
JAX00051611,A,A,B,A,A,A,A,B
UNC23806080,B,B,A,B,B,A,A,A
UNC23807372,A,A,B,A,A,B,B,B
JAX00051618,B,B,A,B,B,A,A,A
UNC23807940,B,B,A,B,B,A,A,B
JAX00051629,A,A,B,A,A,B,B,A
UNC23809139,A,A,B,A,A,B,A,B
UNC23810825,B,B,B,B,B,A,A,A
JAX00376834,A,A,A,A,A,B,B,A
UNC23811717,A,A,A,A,A,B,B,B
UNC23812618,B,B,A,B,B,A,A,A
UNC23813728,B,B,A,B,B,A,A,B
JAX00376896,A,A,B,A,A,A,A,A
UNC23815057,A,A,B,A,A,A,B,A
UNC23816161,B,B,A,B,B,A,B,B
UNC23817929,B,B,A,B,B,A,A,A
JAX00051670,A,A,B,A,A,B,B,B
JAX00376968,A,A,A,A,A,A,A,B
UNC140849361,A,A,A,A,A,B,B,B
JAX00376976,B,B,B,B,B,B,B,A
UNC23819013,B,B,A,B,B,A,A,A
JAX00376981,B,B,A,B,B,A,A,B
JAX00376985,B,B,A,B,B,A,A,B
JAX00376992,A,A,A,A,A,A,B,A
UNC23820362,B,B,A,B,B,A,A,B
UNC23820927,B,B,B,B,B,A,A,B
JAX00377022,A,A,A,A,A,B,A,A
UNC23822328,B,B,A,B,B,B,A,B
JAX00377044,A,A,B,A,A,A,B,A
JAX00377062,B,B,A,B,B,A,A,A
UNC23823272,B,B,A,B,B,A,A,A
UNC23824974,A,A,A,A,B,A,A,A
UNC23825187,A,A,B,B,A,B,B,A
UNC23825504,A,A,B,A,A,A,A,A
UNC23825923,B,B,B,A,A,A,B,A
UNC23826071,A,A,B,B,B,A,B,B
UNC23826331,A,A,A,A,A,A,A,B
JAX00051711,B,B,A,A,A,A,A,A
UNC23826785,B,B,B,A,B,A,A,B
UNC23826890,A,A,B,A,B,A,B,B
backupUNC140121600,B,B,A,A,A,B,B,A
JAX00377148,A,A,A,A,B,A,A,A
UNC23827423,B,B,B,B,A,A,B,B
UNC23827609,B,B,A,B,B,A,B,B
UNC23827906,B,B,B,A,B,B,B,A
UNC23828535,B,B,B,B,A,B,B,A
UNC23828671,B,B,A,A,B,B,A,B
UNC23828990,A,A,B,A,A,B,B,A
UNC23829210,B,B,B,B,B,B,A,B
UNC23829429,B,B,A,A,B,A,-,A
UNC23829787,B,B,A,B,B,B,B,B
UNC23829922,B,B,B,B,B,B,B,A
backupUNC140123201,A,A,B,B,A,B,B,B
UNC23830108,A,A,B,A,A,B,B,B
UNC23830379,B,B,A,B,B,B,A,B
UNC23830657,B,B,B,A,B,B,B,B
UNC23830931,A,A,B,A,A,B,A,A
UNC23831150,A,A,B,A,A,B,B,A
UNC23831316,A,A,B,A,A,B,B,B
UNC23831510,B,B,A,B,B,B,A,B
JAX00377239,A,A,A,A,A,A,B,A
UNC23831905,A,A,B,A,A,B,A,A
JAX00377246,A,A,B,A,A,B,A,A
UNC23832288,B,B,A,B,B,A,A,B
UNC23832577,B,B,A,B,B,A,A,B
UNC23832779,B,B,A,B,B,B,A,B
UNC23833456,B,B,A,B,B,A,A,B
UNC23833730,A,A,B,A,A,B,B,A
UNC23834090,A,A,A,A,A,B,A,B
UNC23834303,B,B,A,B,B,B,B,B
UNC23834616,A,A,B,A,A,A,B,B
UNC23835018,B,B,A,B,B,A,A,A
UNC23835048,B,B,A,B,B,A,A,A
UNC23835308,B,B,A,B,B,A,A,B
UNC23835456,B,B,A,B,B,B,B,B
UNC23835632,B,B,A,B,B,B,A,B
UNC23835921,A,A,B,B,A,B,B,B
UNC23836198,A,A,A,B,A,A,A,A
backupUNC140854347,B,B,B,A,B,A,B,A
UNC23836358,B,B,B,A,B,B,B,A
UNC23836652,A,A,B,A,A,A,A,A
UNC23837056,B,B,A,B,B,B,A,B
UNC23837438,B,B,A,B,B,A,A,A
JAX00377343,B,B,B,B,B,A,B,B
UNC23837916,B,B,A,B,B,A,A,B
UNC23838685,A,A,B,A,A,B,B,B
UNC23839024,A,A,B,A,A,A,A,A
UNC23839801,B,B,A,B,B,B,A,B
UNC140129199,B,B,A,B,B,A,A,A
UNC23840382,B,B,A,B,B,A,A,B
JAX00377377,A,A,B,A,A,A,B,A
UNC23840567,A,A,B,A,A,B,B,B
UNC23841034,A,A,B,A,A,B,A,A
UNC23841662,B,B,A,B,B,B,A,B
UNC23842306,B,B,A,B,B,A,A,A
UNC23842913,A,A,B,A,A,B,B,A
UNC23843497,A,A,B,A,A,B,B,A
UNC23844094,A,A,B,A,A,A,A,A
JAX00377451,B,B,B,B,B,B,B,A
UNC140132008,B,B,A,B,B,B,A,A
UNC23844920,A,A,B,A,A,B,B,B
UNC23845240,A,A,B,A,A,B,B,B
UNC23845952,A,A,B,A,A,B,B,A
UNC23846549,A,A,B,A,A,B,A,A
UNC23847083,A,A,B,A,A,A,A,A
UNC23847458,A,A,B,A,A,B,B,A
UNC23847951,A,A,B,A,A,B,B,B
JAX00377512,B,B,A,B,B,A,A,B
JAX00377515,B,B,A,B,B,A,A,B
UNC23848327,A,A,B,A,A,B,B,B
JAX00377531,A,A,B,A,A,A,B,B
UNC23848711,B,B,A,B,B,B,A,A
JAX00377550,A,A,A,A,A,A,A,B
UNC23849216,A,A,B,A,A,A,A,A
UNC23849453,A,A,B,A,A,B,B,A
UNC23850026,B,B,B,B,B,B,B,A
UNC23850498,A,A,B,A,A,B,B,A
UNC23850884,B,B,A,B,B,B,A,B
UNC23851145,B,B,A,B,B,A,B,B
UNC23851742,A,A,B,A,A,B,B,A
UNC23852241,A,A,B,A,A,B,B,A
backupUNC140137407,A,A,B,A,A,B,B,B
UNC23852716,A,A,B,A,A,B,B,A
UNC23853222,B,B,A,B,B,B,A,B
UNC23853876,B,B,A,B,B,A,B,B
UNC23854062,B,B,B,B,B,B,B,A
UNC23854591,B,B,A,B,B,A,A,A
UNC23854886,A,A,B,A,A,B,B,B
backupUNC140859505,A,A,A,A,A,B,B,B
UNC23856774,A,A,B,A,A,B,B,A
UNC23857226,A,A,B,A,A,B,B,B
UNC23857888,B,B,A,B,B,B,A,A
UNC23859144,A,A,B,A,A,B,B,A
UNC23859504,A,A,B,A,A,B,B,B
JAX00377744,A,A,B,A,A,A,B,A
UNC_rs49949249,B,B,A,B,B,B,A,A
UNC23859926,B,B,A,B,B,A,A,A
UNC23860334,B,B,A,B,B,B,B,B
UNC23860822,B,B,A,B,B,B,A,B
UNC23861026,A,A,B,A,A,B,B,A
UNC23861387,B,B,A,B,B,A,A,B
UNC23861847,A,A,B,A,A,A,A,A
UNC23862498,B,B,A,B,B,A,A,A
UNC23862824,B,B,A,B,B,B,A,B
JAX00051916,A,A,B,A,A,B,B,A
UNC23863377,A,A,B,A,A,B,B,A
UNC23863540,B,B,A,B,B,A,A,A
JAX00377773,A,A,A,A,A,A,A,B
backupJAX00377781,B,B,A,B,B,A,A,B
UNC23864040,B,B,A,B,B,B,B,B
UNC23864472,A,A,B,A,A,A,B,B
UNC23865380,B,B,A,B,B,A,A,B
UNC23866024,B,B,A,A,A,A,B,B
UNC23866115,A,A,A,B,A,B,A,B
UNC23866673,B,B,A,A,A,A,A,A
JAX00377820,A,A,A,A,A,A,A,B
backupUNC140862843,B,B,-,A,-,A,B,A
UNC23867526,B,B,A,B,A,A,B,B
UNC23867887,A,A,B,B,B,A,A,B
UNC23868425,B,B,A,B,A,A,B,A
JAX00377852,B,B,A,B,A,A,B,A
UNC23870122,B,B,A,A,A,B,A,B
UNC23871011,B,B,A,B,A,B,A,A
UNC23871307,A,A,B,A,B,B,B,A
UNC23872015,A,A,B,A,B,B,B,B
UNC23872251,B,B,A,B,A,A,B,A
UNC140150038,A,A,B,A,B,B,B,B
UNC23872785,A,A,B,B,B,B,B,A
UNC23873321,A,A,A,B,A,B,B,B
JAX00377945,A,A,A,A,A,A,B,B
UNC23873947,A,A,B,A,B,B,B,B
UNC140151056,A,A,B,A,B,A,A,B
UNC23877013,A,A,A,A,B,B,A,B
JAX00051990,A,A,A,B,B,B,-,B
UNC141417762,B,B,B,A,A,A,A,A
UNC23882694,B,B,B,A,B,A,B,A
backupUNC140871634,B,B,B,A,A,A,A,B
JAX00378160,B,B,B,A,B,B,B,B
JAX00378166,B,B,B,B,A,B,A,B
UNC23894858,B,B,B,A,A,A,A,A
UNC23895216,B,B,B,A,A,A,A,B
UNC23895715,B,B,B,A,A,A,B,A
backupJAX00378240,B,B,B,A,B,A,B,A
JAX00052078,A,A,A,B,B,B,B,B
UNC23896393,B,B,B,B,A,A,A,B
UNC23896726,B,B,B,B,A,B,B,B
UNC23896959,B,B,B,A,A,A,A,A
JAX00378264,B,B,B,B,B,A,B,B
UNC23898444,B,B,B,B,A,B,A,B
UNC23898688,A,A,A,B,B,B,A,B
JAX00378270,A,A,A,A,B,A,A,A
UNC23899258,A,A,A,A,B,B,B,A
UNC23899818,A,A,A,A,A,A,A,B
UNC23900133,A,A,A,B,A,A,A,A
UNC23900544,B,B,B,B,A,B,A,B
UNC23900970,B,B,B,B,A,B,B,B
UNC23901347,A,A,A,A,B,B,B,A
UNC23901806,B,B,B,B,A,A,A,B
UNC23902256,B,B,B,B,A,A,A,B
UNC23902619,A,A,A,A,B,A,B,A
UNC23903172,A,A,A,A,B,B,A,A
UNC23903452,B,B,B,B,A,A,A,B
JAX00378315,A,A,A,A,A,A,A,B
UNC23904037,A,A,A,B,A,A,A,A
UNC23904391,B,B,B,B,A,B,B,B
UNC23904794,B,B,B,B,A,B,A,B
UNC23905155,A,A,A,A,B,B,B,A
UNC23905346,A,A,A,B,B,B,B,B
UNC141358505,B,B,B,A,B,B,A,A
JAX00204749,B,B,B,B,A,A,A,B
UNC23905623,B,B,B,A,B,B,B,B
UNC23907176,B,B,B,A,B,A,B,A
JAX00052140,A,A,A,B,B,B,B,B
JAX00052141,B,B,B,A,B,B,B,A
backupUNC141359118,A,A,A,B,B,-,B,B
UNC23910918,A,B,B,B,B,B,B,B
UNC23912630,A,A,A,B,A,B,A,A
UNC23916069,A,A,A,A,A,B,B,A
JAX00204766,B,B,B,B,B,A,B,B
UNC23917456,A,A,A,B,A,A,A,B
JAX00378472,A,A,A,A,A,A,B,A
UNC23919780,A,A,A,B,B,B,B,A
UNC140891992,B,B,B,A,B,A,A,B
UNC23921854,A,A,A,A,B,B,A,A
UNC23923444,B,B,B,A,A,A,A,B
JAX00378561,B,B,B,B,B,A,B,B
UNC23925698,A,A,A,B,B,A,B,B
JAX00378607,B,B,B,B,A,B,A,B
JAX00378659,A,A,A,A,A,A,A,B
UNC23928049,B,B,B,B,A,A,A,A
JAX00052252,B,B,B,A,A,A,A,B
UNC23930119,A,A,A,B,B,B,B,A
UNC23930285,A,A,A,A,B,B,A,A
JAX00204805,B,B,B,B,A,A,A,B
JAX00378844,A,A,A,A,A,A,A,B
backupUNC140902860,A,A,A,B,B,B,A,B
JAX00052438,A,A,A,B,A,A,A,B
UNC23934544,A,A,A,B,A,A,A,A
JAX00204806,A,A,A,A,B,B,A,A
JAX00052443,B,B,B,B,A,A,A,A
UNC23934908,A,A,A,B,B,B,A,B
JAX00052445,A,A,A,B,B,B,B,B
JAX00052446,A,A,A,B,B,B,B,B
UNC23935774,A,A,A,B,B,B,B,A
JAX00052450,A,A,A,B,B,B,B,A
UNC23936349,A,A,A,A,B,A,B,A
JAX00378891,A,A,A,A,A,B,A,A
UNC23936763,B,B,B,B,A,A,A,A
UNC23937131,B,B,B,B,B,A,A,B
JAX00378905,B,B,B,B,B,A,A,B
UNC23937890,A,A,A,A,A,B,B,B
UNC23938279,A,A,A,A,A,B,A,A
UNC23938691,B,B,B,B,A,A,A,A
UNC23938990,B,B,B,B,A,B,B,A
UNC23939236,B,B,B,B,A,B,A,B
JAX00052479,B,B,B,B,A,B,A,B
UNC23939825,A,A,A,A,B,B,B,B
JAX00378937,A,A,A,A,A,A,A,B
UNC23940259,A,B,A,A,A,B,B,B
UNC23940666,A,B,A,A,A,B,B,B
JAX00052490,B,A,B,B,B,B,B,B
UNC23941030,B,A,B,B,B,A,B,B
UNC140152983,B,A,B,B,B,A,A,B
UNC23941926,A,B,A,A,B,B,B,A
UNC23942442,A,A,A,A,A,B,B,A
JAX00378974,B,A,B,B,B,A,A,A
UNC23942894,B,A,B,B,B,A,A,A
JAX00378977,B,B,B,B,B,B,B,A
UNC23943632,B,A,B,B,A,A,A,B
UNC23944037,B,A,B,B,B,B,A,B
UNC23944255,B,A,B,B,A,A,A,B
UNC23944837,B,A,B,B,B,A,B,B
UNC23945248,B,A,B,B,B,A,A,A
UNC23945716,A,B,A,A,A,B,B,A
UNC23946459,B,A,B,B,A,B,A,B
UNC23946877,A,A,A,A,B,B,A,B
UNC23947310,A,B,A,A,A,A,A,A
UNC23947641,A,B,A,A,B,B,B,A
UNC23948279,B,A,B,B,B,A,A,B
UNC23948534,A,B,A,A,A,B,B,B
UNC23949074,A,B,A,A,B,A,B,B
UNC23949324,A,B,A,A,A,A,A,A
UNC23949514,B,A,B,B,A,A,A,A
UNC23949541,A,B,A,A,A,B,B,A
UNC23949581,A,B,A,A,B,B,B,A
UNC23949645,B,B,B,B,B,A,B,B
UNC23949725,B,A,B,B,B,A,B,B
UNC23949772,B,A,B,B,B,A,A,A
UNC23949891,A,B,A,A,B,B,B,B
UNC23949936,A,B,A,A,A,A,A,A
UNC23949984,B,B,B,B,B,B,A,B
UNC23950098,B,B,B,B,B,B,B,A
UNC23950142,B,B,B,B,B,A,B,B
UNC23950198,B,A,B,B,A,A,A,A
UNC23950241,B,B,B,B,A,B,B,A
UNC23950280,A,B,A,A,A,A,A,A
UNC23950358,B,A,B,B,B,A,A,A
UNC23950481,B,B,B,B,A,A,B,B
UNC23950516,B,A,B,B,B,B,B,B
UNC23950608,A,A,A,A,A,A,A,B
UNC23950688,B,B,B,B,A,B,B,B
UNC23950718,B,A,B,B,B,B,A,B
UNC23950741,A,B,A,A,B,B,B,B
UNC23950745,A,A,A,A,A,B,A,A
UNC23950757,B,A,B,B,B,B,A,B
UNC23950787,A,A,A,A,A,B,A,A
UNC23950790,A,A,A,A,A,A,A,B
UNC23950796,A,A,A,A,A,A,A,B
UNC23950810,B,B,B,B,B,B,B,A
UNC23950828,B,A,B,B,B,B,A,B
UNC23950841,B,A,B,B,B,A,A,B
UNC23950845,A,B,A,A,A,A,A,A
UNC23950868,A,A,A,A,A,A,B,A
UNC23950891,A,B,A,A,A,B,B,B
UNC23950912,A,A,A,A,A,A,A,B
UNC23950920,A,B,A,A,A,B,B,B
UNC23950952,B,B,B,B,B,A,B,B
UNC23950961,B,B,B,B,B,A,B,B
UNC23950980,B,A,B,B,B,B,A,B
UNC23950995,B,A,B,B,B,A,A,A
UNC140158782,A,B,A,A,A,A,B,B
UNC23951017,B,A,B,B,A,A,A,A
UNC23951028,B,B,B,B,A,B,B,B
JAX00379104,A,A,A,A,A,A,A,B
UNC23951038,A,A,A,A,A,B,A,A
UNC23951057,A,A,A,A,A,A,A,B
UNC23951067,A,A,A,A,B,A,A,B
UNC23951081,B,B,B,B,A,A,B,A
UNC23951090,B,B,B,B,A,A,B,A
UNC23951124,B,B,B,B,A,A,B,A
UNC23951126,B,A,B,B,B,B,B,B
UNC23951133,B,B,B,B,A,B,B,A
UNC23951149,A,A,A,A,A,B,A,A
UNC23951160,B,A,B,B,B,B,A,B
UNC23951173,B,B,B,B,B,B,B,A
UNC23951246,A,B,A,B,B,B,B,B
UNC23951402,B,B,B,A,B,B,B,B
UNC23951563,B,B,B,B,B,A,A,B
UNC23951669,A,B,A,A,A,A,B,A
UNC23951774,B,B,B,B,A,B,B,B
UNC23952027,A,A,A,B,A,A,A,A
UNC23952275,B,B,B,A,A,A,A,B
UNC23952418,B,A,B,B,B,A,B,B
UNC23952719,A,A,A,A,A,A,A,B
UNC23952820,A,B,A,B,A,B,B,B
UNC23953166,A,B,A,A,B,B,B,A
UNC23953262,A,B,A,A,A,A,A,A
UNC23953329,B,B,B,A,A,A,B,A
UNC23953513,B,A,B,B,A,A,A,B
UNC23953670,A,B,A,B,A,B,B,B
UNC23953755,B,A,B,A,A,A,A,A
UNC23953896,B,A,B,B,B,B,B,B
UNC23954020,B,A,B,B,B,B,A,B
UNC23954188,B,A,B,B,B,A,A,B
UNC23954320,A,B,A,B,A,B,B,B
UNC23954378,B,A,B,B,B,B,B,B
UNC23954465,B,B,B,A,B,B,B,A
UNC23954575,B,A,B,B,B,B,A,B
UNC140417972,A,B,A,A,A,A,B,A
UNC23954686,A,B,A,A,A,B,B,B
UNC23954916,B,A,B,B,B,B,B,B
UNC23955065,B,A,B,B,B,B,A,B
UNC23955192,A,B,A,A,A,B,B,A
UNC23955229,A,B,A,A,A,A,A,A
UNC23955347,A,B,A,B,B,B,B,A
UNC23955480,A,B,A,A,A,A,B,A
UNC23955531,B,B,B,B,B,B,B,A
UNC23955628,A,B,A,A,A,B,B,A
UNC23955755,A,B,A,A,A,A,A,A
UNC23955968,A,A,A,B,B,A,-,A
UNC23956025,A,B,A,A,A,A,B,A
UNC23956269,A,A,A,A,B,A,A,B
UNC23956563,A,B,A,A,B,B,B,A
UNC23956753,A,B,A,A,A,B,A,A
JAX00379181,B,A,B,B,A,A,A,A
UNC141383930,A,A,A,B,B,A,B,B
UNC23957796,B,B,B,A,B,B,B,B
UNC23958168,A,B,A,B,B,A,A,A
UNC23959020,B,A,B,B,B,A,A,A
UNC23959551,A,A,A,A,A,A,B,B
JAX00379234,A,B,A,A,A,B,B,A
UNC23959801,B,B,B,A,B,B,B,A
UNC23960120,A,B,A,A,A,A,A,A
UNC23960556,B,B,B,B,A,B,B,A
UNC23961029,B,A,B,B,A,A,A,B
UNC23961757,B,B,B,B,B,A,B,A
backupUNC140165312,A,B,A,A,A,A,B,B
UNC23962308,B,B,B,B,B,A,A,B
UNC23962698,A,B,A,A,A,B,A,A
UNC23963112,B,B,B,B,A,B,B,B
UNC23963314,A,B,A,A,B,B,B,B
UNC23963985,A,A,A,B,A,A,A,B
UNC23964491,B,A,B,B,B,B,A,B
UNC23964595,B,A,B,B,B,A,B,B
backupUNC140167042,A,B,A,A,A,B,B,A
UNC23965175,A,B,A,B,B,B,B,B
UNC23965526,B,B,B,A,A,A,A,B
UNC23965945,B,B,B,B,A,B,B,B
UNC23966416,B,A,B,B,B,B,A,B
UNC23966880,B,A,B,B,B,A,A,A
UNC23967191,A,B,A,A,A,B,A,A
UNC23967523,B,A,B,A,B,A,A,B
JAX00379335,B,B,B,B,B,A,B,B
JAX00379336,A,A,A,B,A,A,A,A
JAX00379339,A,B,A,B,A,B,B,B
JAX00379362,B,A,B,B,A,A,A,A
UNC23968555,B,B,B,A,A,A,B,B
UNC23968684,B,A,B,A,A,B,A,A
UNC23969355,A,B,A,A,A,A,B,A
UNC23969624,A,B,A,A,B,B,A,A
UNC23970089,A,A,A,A,B,A,A,A
UNC23970682,B,B,B,B,B,B,B,A
UNC23971252,A,B,A,B,A,A,A,A
UNC23971951,A,A,A,B,B,B,B,B
UNC23972348,B,B,B,B,B,A,B,B
UNC23972545,B,A,B,B,B,A,B,A
UNC23973081,B,B,B,B,A,B,B,A
UNC23973371,B,B,B,B,B,B,A,A
UNC23973854,B,B,B,A,B,B,B,B
UNC23974300,B,A,B,B,A,B,B,B
UNC23974697,B,A,B,B,B,A,B,B
UNC140172727,A,B,A,A,A,B,A,A
UNC23975044,A,B,A,A,B,B,A,B
JAX00379459,A,B,A,A,B,B,A,A
UNC23975499,A,B,A,A,B,B,B,A
UNC23976112,B,A,B,A,A,A,B,A
UNC23976354,A,B,A,B,B,A,A,A
backupUNC141498528,B,B,B,A,A,B,B,A
UNC23976779,A,A,A,B,A,A,A,A
UNC23977204,B,A,B,B,A,A,B,B
UNC23977511,B,A,B,B,B,A,B,B
UNC23977896,A,B,A,B,B,A,A,A
UNC23978220,A,B,A,B,B,B,A,B
UNC140175312,B,A,B,A,A,A,B,B
UNC23978836,A,B,A,A,B,B,A,B
UNC23979048,A,B,A,A,A,A,A,A
UNC23979305,A,B,A,A,A,B,A,A
UNC23979521,B,B,B,A,B,B,B,B
UNC23979673,B,B,B,A,B,B,B,A
UNC23979890,B,A,B,B,B,B,B,B
UNC23980325,B,A,B,A,B,A,B,A
UNC23980737,A,A,A,B,A,A,B,A
UNC23981059,A,A,A,A,A,A,A,B
UNC23981303,B,B,B,B,B,A,B,B
UNC23981562,A,B,A,B,A,B,B,B
UNC23982070,B,A,B,A,B,A,B,A
UNC140178161,A,B,A,A,A,A,A,A
UNC23983527,B,B,B,A,B,A,B,A
JAX00379612,A,A,A,A,A,B,A,A
UNC23984819,A,B,A,B,A,B,A,A
backupUNC140418896,B,A,B,A,B,A,B,B
UNC23985736,A,B,A,A,A,B,A,A
UNC23986665,A,B,A,B,A,B,A,B
UNC23987848,B,A,B,B,B,B,B,B
UNC23988528,A,A,A,A,A,A,B,A
UNC23990985,A,A,A,A,B,A,A,A
UNC23991991,A,A,A,B,A,B,A,B
UNC23993021,A,B,A,B,A,B,A,A
UNC23993769,B,A,B,A,B,A,B,A
UNC23994875,A,B,A,A,A,B,A,A
UNC23996559,A,B,A,B,A,B,A,B
UNC23998161,A,B,A,B,A,A,A,B
UNC23998790,A,B,A,A,A,B,A,B
UNC23999902,B,A,B,A,B,A,B,A
UNC24000553,B,B,B,A,B,A,B,A
UNC140923270,B,A,B,B,B,B,B,B
UNC24004095,B,A,B,A,B,A,B,B
UNC24004843,A,B,A,B,A,B,A,B
UNC24006031,A,A,A,B,A,B,A,B
UNC24007625,B,A,B,A,B,A,B,B
UNC24009661,B,A,B,B,B,A,B,A
JAX00380130,A,A,A,A,A,A,A,B
UNC140197182,B,A,B,B,B,A,B,B
UNC24010608,B,A,B,A,B,A,B,A
JAX00380151,A,B,A,A,A,B,A,B
JAX00052974,A,B,A,B,A,B,A,A
UNC24011597,A,B,A,B,A,B,A,B
JAX00052981,B,B,B,A,B,B,B,A
UNC24012219,A,B,A,B,A,A,A,B
UNC24014224,B,A,B,B,B,B,B,B
JAX00380214,B,A,B,A,B,A,B,A
JAX00380221,A,A,A,A,A,B,A,A
UNC24016029,A,B,A,B,A,B,A,B
UNC24016413,B,A,B,A,B,A,B,A
backupUNC140201105,B,A,B,B,B,B,B,B
UNC24017068,A,B,A,A,A,A,A,-
UNC24017328,A,B,A,-,A,B,A,A
UNC24017878,B,A,B,B,B,A,B,A
UNC24019411,B,A,B,B,B,B,B,B
UNC24020421,B,A,B,A,B,A,B,B
UNC24021125,B,A,B,A,B,A,B,A
JAX00380312,A,B,A,A,A,B,A,A
UNC24023007,A,B,A,A,A,B,A,A
JAX00380329,A,B,A,A,A,B,A,B
UNC24024558,A,B,A,B,A,B,A,B
JAX00380330,A,B,A,A,A,A,A,A
UNC140208618,A,B,A,A,A,B,A,A
UNC24025320,B,A,B,B,B,B,B,A
UNC24025412,A,B,A,A,A,B,A,B
UNC24025481,A,B,A,A,A,B,A,A
UNC24025544,B,A,B,B,B,A,B,B
UNC24025558,B,A,B,B,B,A,B,A
UNC24025621,A,B,A,A,A,A,A,A
UNC24025671,A,A,A,A,A,B,A,A
UNC24025775,A,B,A,A,A,B,A,B
UNC24025823,B,A,B,B,B,A,B,A
UNC24025889,B,A,B,B,B,A,B,A
UNC24025957,B,A,B,B,B,B,B,B
UNC24026007,A,B,A,A,A,B,A,A
UNC24026039,B,A,B,B,B,A,B,A
UNC24026115,A,B,A,A,A,B,A,B
UNC24026181,B,A,B,B,B,A,B,A
UNC24026284,B,A,B,B,B,B,B,B
UNC24026356,B,A,B,B,B,A,B,B
UNC24026437,A,B,A,A,A,B,A,A
UNC24026492,B,A,B,B,B,A,B,B
UNC24026616,B,A,B,B,B,A,B,B
UNC24026686,A,B,A,A,A,A,A,A
UNC24026709,A,B,A,A,A,B,A,A
UNC24026794,A,B,A,A,A,B,A,A
UNC24026852,A,B,A,B,A,B,A,A
JAX00053103,A,B,A,A,A,A,A,A
UNC24026947,A,B,A,A,A,B,A,A
JAX00380365,B,A,B,B,B,A,B,B
UNC24026978,A,B,A,A,A,A,A,A
backupUNC140210413,B,A,B,A,B,A,B,A
JAX00380385,B,B,B,B,B,A,B,B
JAX00053115,A,B,A,B,A,B,A,A
UNC24028720,A,B,A,A,A,B,A,A
JAX00053135,A,A,A,B,A,A,A,B
UNC24031693,A,B,A,B,A,A,A,A
JAX00380421,B,B,B,B,B,B,B,A
JAX00380437,B,B,B,B,B,A,B,B
UNC140421057,B,A,B,B,B,B,B,B
JAX00053154,B,A,B,A,B,A,B,A
UNC24035355,A,B,A,B,A,B,A,A
JAX00380497,A,B,A,B,A,B,A,A
UNC24036171,B,A,B,A,B,A,B,A
JAX00380530,A,A,A,A,A,B,A,A
UNC24037827,A,A,A,B,A,A,A,B
UNC24038528,A,A,A,A,A,B,A,B
UNC24038704,B,B,B,B,B,A,B,A
UNC24039415,A,A,A,B,A,B,A,B
JAX00380577,B,B,B,A,B,B,B,B
JAX00053189,B,B,B,A,B,A,B,A
UNC24039754,B,B,B,A,B,B,B,A
UNC24040120,A,A,A,B,A,B,A,B
UNC24040504,B,B,B,A,B,A,B,B
JAX00380599,A,A,A,B,A,B,A,B
UNC24040936,B,B,B,A,B,A,B,A
UNC24041159,A,A,A,B,A,A,A,B
JAX00380613,B,B,B,B,B,B,B,A
UNC24041294,A,A,A,B,A,B,A,B
UNC24041606,A,A,A,A,A,B,A,B
UNC24041736,A,A,A,A,B,A,A,A
JAX00053213,A,A,A,A,A,A,A,B
UNC24042062,A,A,A,A,A,B,A,B
UNC24042293,B,B,B,B,B,A,B,B
UNC24042443,A,A,A,B,A,A,A,A
backupJAX00053217,A,A,A,B,A,B,A,B
UNC24043047,B,B,B,A,B,A,B,A
JAX00053225,B,B,B,B,B,A,B,B
UNC24043351,B,B,B,A,B,A,B,A
UNC24043530,A,A,A,A,A,B,A,A
UNC24043963,A,A,A,A,A,B,A,B
UNC24044258,B,B,B,B,B,A,B,A
UNC24044444,A,A,A,A,A,B,A,B
UNC24044652,B,B,B,B,B,A,B,B
UNC24044863,B,B,B,A,B,A,B,A
backupUNC140942387,A,A,A,B,A,B,A,B
UNC24045485,B,B,B,B,B,A,B,A
UNC24045724,A,A,A,A,A,B,A,B
UNC24046008,A,A,A,A,A,B,A,A
JAX00053250,B,B,B,B,B,A,B,B
UNC24046136,B,B,B,B,B,A,B,B
UNC24046348,B,B,B,B,B,A,B,A
UNC24046561,A,A,A,A,A,B,A,B
UNC24047072,A,A,A,A,A,B,A,B
UNC24047376,A,A,A,A,A,B,A,B
JAX00380739,A,A,A,A,A,B,A,A
UNC24047768,B,B,B,B,B,A,B,B
UNC24048025,B,B,B,B,B,A,B,A
UNC24048237,A,A,A,A,A,B,A,B
UNC24048417,A,A,A,A,A,B,A,B
UNC24048608,A,A,A,A,A,B,A,B
UNC24048898,B,B,B,B,B,A,B,B
JAX00053279,A,A,A,A,A,B,B,B
UNC24049278,A,A,A,A,A,B,B,B
UNC24049682,A,A,A,A,A,B,B,B
JAX00380814,A,A,A,A,B,A,A,B
backupUNC140946612,B,B,B,B,A,A,B,A
UNC24050230,B,B,B,B,B,B,A,B
UNC24050468,A,A,A,A,A,B,A,A
JAX00380826,B,B,B,B,B,A,B,A
UNC24050618,A,A,A,A,B,B,A,B
UNC24050846,A,A,A,A,A,B,A,B
backupUNC141394134,B,B,B,B,A,B,A,A
UNC24051309,B,B,B,B,A,A,A,A
UNC24051489,A,A,A,A,A,B,A,A
UNC24051608,B,B,B,B,B,A,B,A
UNC24051804,B,B,B,B,B,A,B,A
UNC24052025,B,B,B,B,B,A,B,A
UNC24052324,B,B,B,B,B,A,B,A
UNC24052626,B,B,B,B,B,A,A,A
UNC24052938,A,A,A,A,A,B,B,B
UNC24053796,A,A,A,A,A,B,B,B
UNC24054008,A,A,A,A,A,B,B,A
UNC24054289,B,B,B,B,B,A,A,B
UNC24054586,A,A,A,A,A,A,A,B
backupUNC140950940,B,B,B,B,B,A,A,A
UNC24054917,B,B,B,B,B,A,B,B
UNC24055210,B,B,B,B,B,A,B,B
UNC24055638,A,A,A,A,A,B,A,A
UNC24055998,A,A,A,A,A,B,A,B
UNC24056559,B,B,B,B,B,A,B,B
UNC24056982,B,B,B,B,B,A,A,A
UNC24057254,A,A,A,A,A,B,A,B
UNC24057596,B,B,B,B,B,A,B,A
UNC24057894,B,B,B,B,B,A,-,A
UNC24058067,A,A,A,A,A,B,A,A
UNC24058567,A,A,A,A,A,B,A,B
UNC24058857,B,B,B,B,B,A,B,A
UNC24059108,A,A,A,A,A,B,B,B
UNC24059412,A,A,A,A,A,A,B,B
UNC24059657,B,B,B,B,B,A,A,B
JAX00380950,A,A,A,A,A,B,A,A
UNC24060074,A,A,A,A,A,B,B,B
UNC24060219,A,A,A,A,A,B,B,A
backupJAX00053378,A,A,A,A,A,B,B,B
UNC24060730,A,A,A,A,A,A,B,B
JAX00380963,A,A,A,A,A,B,A,A
UNC24061066,B,B,B,B,B,A,A,A
UNC24061154,B,B,B,B,B,A,A,A
UNC24061336,B,B,B,B,B,A,A,A
UNC24061640,B,B,B,B,B,B,A,B
UNC24061755,B,B,B,B,B,B,A,A
JAX00380982,A,A,A,A,A,B,A,A
UNC24062140,A,A,A,A,A,B,A,A
backupUNC140958199,A,A,A,A,A,B,B,B
UNC24062509,A,A,A,A,A,B,A,A
UNC24062795,A,A,A,A,A,B,A,B
UNC24062951,B,B,B,B,B,A,A,B
UNC24063610,A,A,A,A,A,B,A,B
UNC24063991,A,A,A,A,A,B,A,A
UNC24064293,B,B,B,B,B,A,B,A
UNC24064383,B,B,B,B,B,A,B,A
UNC24064741,A,A,A,A,A,B,B,B
UNC24064804,B,B,B,B,B,A,A,A
UNC24065075,B,B,B,B,B,B,A,A
backupUNC140693590,B,B,B,B,B,A,A,A
B6_rs30650651,B,A,B,B,B,B,B,B
JAX00381039,B,B,B,B,B,B,B,A
UNC24065365,A,A,A,A,A,B,A,B
UNC24065561,A,A,A,A,A,A,B,A
UNC24065710,A,A,A,A,A,B,A,B
JAX00381052,B,B,B,B,B,A,B,B
UNC24065847,A,A,A,A,A,B,A,A
UNC24066114,A,A,A,A,A,B,A,B
UNC24066374,B,A,A,A,A,A,A,A
UNC24066420,A,B,B,B,B,A,B,A
JAX00381080,B,B,B,B,B,A,B,A
UNC24066621,B,A,A,A,A,B,A,B
JAX00381082,B,A,A,A,A,B,A,B
UNC24066837,B,B,B,B,B,A,B,B
UNC24066986,B,A,A,A,A,B,A,B
UNC24067106,B,B,B,B,B,A,B,A
UNC24067236,A,A,A,A,A,B,A,B
UNC24067285,B,B,B,B,B,A,B,A
UNC24067307,B,B,B,B,B,A,B,B
UNC24067356,B,B,B,B,B,A,B,B
UNC24067380,B,B,B,B,B,A,B,B
UNC24067389,A,A,A,A,A,B,A,A
UNC24067397,A,A,A,A,A,B,A,A
UNC24067408,A,A,A,A,A,B,A,B
UNC24067417,B,B,B,B,B,A,B,A
UNC24067467,B,B,B,B,B,A,B,A
UNC24067478,B,B,B,B,B,A,B,B
UNC24067494,A,A,A,A,A,B,A,B
UNC24067502,B,B,B,B,B,A,B,A
UNC24067515,B,B,B,B,B,A,B,A
UNC24067525,A,A,A,A,A,B,A,B
UNC24067560,A,A,A,A,A,B,A,A
UNC24067598,B,B,B,B,B,A,B,A
UNC24067629,A,A,A,A,A,B,A,A
UNC24067673,B,B,B,B,B,A,B,A
UNC24067779,A,A,A,A,B,A,A,A
UNC24067871,A,A,A,A,A,B,A,B
backupUNC140961895,B,B,B,B,A,A,B,A
UNC24068098,B,B,B,B,B,B,B,A
UNC24068147,B,B,B,B,B,A,B,B
JAX00381123,B,B,B,B,B,A,B,B
UNC24068280,A,A,A,A,A,B,A,A
UNC24068315,B,B,B,B,B,A,B,B
UNC24068349,B,B,B,B,B,A,B,B
UNC24068607,B,B,B,B,B,A,B,B
JAX00381142,B,B,B,B,B,A,B,B
JAX00381143,B,B,B,B,B,A,B,B
UNC24068730,B,B,B,B,B,A,B,A
UNC24068976,A,A,A,A,A,B,A,A
UNC24069013,B,B,B,B,B,A,B,B
UNC24069099,B,B,B,B,B,A,B,A
JAX00381156,B,B,B,B,B,A,B,B
UNC24069214,B,B,B,B,B,A,B,B
JAX00381165,B,B,B,B,B,A,B,B
UNC24069293,B,B,B,B,B,A,B,B
UNC24069420,A,A,A,A,A,B,A,B
UNC24069559,A,A,A,A,A,B,A,A
UNC140216578,B,B,A,B,B,-,B,A
JAX00381184,A,A,A,A,A,A,A,B
UNC24069766,B,B,B,B,B,B,A,B
UNC24069900,B,A,A,A,A,A,A,A
JAX00381203,A,B,B,B,B,A,B,A
UNC24070278,B,A,A,A,A,B,A,B
UNC24070471,B,A,A,A,A,B,A,B
UNC24070559,A,B,B,B,B,B,B,A
UNC24070817,B,A,A,A,A,A,A,B
UNC24070978,A,A,A,A,A,B,A,B
UNC24071106,B,A,A,A,A,B,A,B
UNC24071445,B,B,B,B,B,A,B,A
JAX00381264,A,A,A,A,A,B,A,B
JAX00381273,B,A,A,A,A,B,A,B
UNC24072365,A,A,A,A,A,B,A,A
UNC24072587,B,B,B,B,B,A,B,B
UNC24072957,B,B,B,B,B,A,B,B
JAX00381295,B,B,B,B,B,A,B,B
UNC24073185,A,A,A,A,A,B,A,B
UNC24073504,B,A,A,A,A,B,A,B
UNC24073700,A,B,B,B,B,B,B,B
UNC24074009,B,A,A,A,A,B,A,A
UNC24074371,B,A,A,A,A,B,A,A
UNC24074697,B,A,A,A,A,B,A,A
UNC24075003,A,B,B,B,B,B,B,B
JAX00381336,B,A,A,A,A,B,A,B
UNC24075708,A,B,B,B,B,A,B,A
JAX00381337,A,A,A,A,A,B,A,A
UNC24076288,B,A,A,A,A,B,A,A
UNC24076720,A,A,B,A,A,A,A,A
UNC24077089,B,A,A,A,A,A,A,A
UNC24077594,B,A,A,A,A,B,A,A
UNC24078069,B,A,A,A,A,B,A,B
JAX00053588,A,B,B,B,B,A,B,A
UNC24079171,B,A,A,A,A,B,A,B
UNC24079511,B,B,B,B,B,A,B,B
JAX00381382,A,A,A,A,A,B,A,A
UNC24079752,A,B,B,B,B,B,B,B
UNC24080207,B,A,A,A,A,B,A,B
UNC24080688,B,A,A,A,A,B,A,B
UNC24080998,B,A,A,A,A,A,A,B
JAX00053603,A,B,B,B,B,A,B,A
UNC24081294,A,A,B,A,A,A,A,A
JAX00053604,A,B,A,B,B,A,B,B
backupUNC140216727,B,A,B,A,A,B,A,A
UNC24081561,A,B,B,B,B,B,B,B
UNC24082107,A,B,A,B,B,A,B,A
UNC24082410,A,B,A,B,B,A,B,A
UNC24082682,B,A,A,A,A,A,A,B
JAX00381429,A,B,B,B,B,A,B,A
UNC24083136,A,B,B,B,B,A,B,A
UNC24083736,B,B,B,B,B,B,B,A
UNC24084018,B,A,B,A,A,B,A,B
JAX00053624,B,A,B,A,A,A,A,B
UNC24084356,A,B,A,B,B,A,B,A
UNC24085788,A,A,B,A,A,B,A,A
UNC24086226,A,A,B,A,A,B,A,B
JAX00381483,B,B,B,B,B,A,B,B
UNC24086908,A,B,B,B,B,B,B,A
UNC24087134,B,B,B,B,B,A,B,A
UNC24088183,A,A,B,A,A,B,A,A
UNC24088405,A,A,B,A,A,B,A,B
UNC24088737,A,A,B,A,A,B,A,B
UNC24089014,A,A,A,A,A,B,A,B
UNC24089348,A,B,A,A,B,B,A,A
UNC24089641,B,A,A,B,A,A,B,A
UNC140421942,A,B,A,A,A,A,A,A
UNC24090138,A,B,A,A,A,A,A,A
UNC24090519,A,B,A,A,A,B,A,A
UNC24090838,B,B,A,B,B,B,B,B
UNC24090973,A,A,A,A,A,B,A,A
UNC24091258,A,B,B,A,B,B,A,A
UNC24091558,A,A,B,A,A,A,A,A
backupUNC140453246,A,B,B,A,B,A,A,B
UNC24092072,A,A,A,A,A,B,A,B
UNC24092707,B,B,B,B,B,A,B,B
UNC24093316,A,A,A,A,A,B,A,A
UNC24093641,A,A,B,A,A,A,A,A
UNC24094072,B,B,B,B,B,A,A,B
UNC24094668,B,B,B,B,B,A,B,B
UNC24095236,B,B,B,B,B,A,A,B
UNC24095667,B,B,B,B,B,A,A,B
UNC24096165,B,A,A,B,A,B,B,B
UNC24096858,A,A,A,A,A,A,A,B
JAX00053712,A,B,B,A,B,B,A,A
UNC24097140,A,B,B,A,B,B,A,A
UNC24097903,B,B,A,B,B,B,A,A
backupUNC140219411,A,A,B,A,A,B,B,B
UNC24099370,A,A,B,A,A,B,B,B
UNC24100102,-,A,B,-,A,B,B,A
UNC24100424,A,B,B,A,B,A,A,B
UNC24101056,B,B,B,B,B,A,B,A
UNC24101886,A,B,A,A,B,A,A,A
UNC24102567,B,A,B,B,B,A,A,A
UNC24103053,A,A,B,A,A,B,B,B
UNC24103216,B,B,B,B,B,A,A,B
UNC24103445,A,B,A,A,A,A,B,A
UNC24103899,B,B,A,B,B,B,B,A
UNC24104852,A,A,A,A,B,A,A,A
UNC24105632,B,B,B,B,B,A,A,B
UNC24106278,A,B,A,A,A,B,B,B
UNC24106408,B,B,B,B,B,B,B,A
UNC24106940,B,B,A,B,B,B,A,B
UNC140454530,B,A,A,B,B,B,-,A
UNC24108267,A,A,A,A,A,B,B,B
UNC24108741,A,A,A,A,A,B,B,B
JAX00381762,A,A,A,A,A,B,B,A
UNC24109061,A,A,A,A,A,B,B,A
UNC24109670,B,B,B,B,B,A,A,A
UNC24109881,B,B,B,B,B,A,B,A
UNC24110363,A,A,A,A,A,B,B,B
UNC24110836,A,A,A,A,A,B,B,B
UNC24111328,B,B,B,B,B,A,A,B
UNC24111806,B,B,B,B,B,A,A,A
UNC24112526,A,A,A,A,A,B,A,A
UNC24112827,B,A,B,B,B,B,B,B
UNC24113360,A,B,B,A,A,B,A,B
UNC24113871,A,A,A,A,A,B,B,A
UNC24114169,A,A,A,A,A,A,A,B
UNC24114949,A,A,A,A,A,B,A,A
UNC24115260,A,A,A,A,A,B,B,A
UNC140992813,B,B,B,B,B,A,A,A
UNC24116450,A,A,A,A,A,A,A,B
UNC24117134,A,A,A,A,A,B,A,A
UNC24117387,A,A,A,A,A,B,B,A
UNC24117994,A,A,B,A,A,B,B,B
UNC24118673,B,B,B,B,B,A,A,B
UNC24119048,B,B,B,B,B,A,A,B
UNC24120077,B,A,A,B,B,A,A,B
UNC140221618,B,A,B,B,B,B,B,B
UNC24120521,B,A,B,B,B,A,-,A
UNC24121867,B,A,A,B,B,A,B,A
UNC140222045,B,A,B,B,B,A,A,B
UNC24123981,A,B,A,A,A,B,B,A
UNC24124897,A,B,A,A,A,A,B,A
UNC24127435,A,A,B,A,A,A,A,B
JAX00053897,A,B,B,A,A,B,B,A
JAX00382048,A,A,A,A,A,B,A,A
UNC24128486,B,A,A,B,B,A,B,A
JAX00053903,A,B,B,A,A,A,A,B
backupJAX00053908,B,A,A,B,B,B,B,A
UNC24130714,A,B,B,A,A,B,A,B
UNC24132405,B,B,B,B,B,A,A,B
UNC140223024,B,A,B,B,B,A,B,B
UNC24133612,A,B,A,A,A,B,B,B
UNC24134630,B,A,B,B,B,B,A,B
JAX00382130,B,B,B,B,B,A,A,B
UNC140223295,B,A,B,B,B,B,B,B
JAX00187997,A,B,A,A,A,A,A,A
UNC24137114,A,B,A,A,A,B,A,B
UNC140223948,A,B,A,A,A,A,A,B
UNC24141257,A,A,A,A,A,B,B,A
UNC24144884,A,B,B,A,A,B,B,A
JAX00205122,B,B,B,B,B,A,A,B
UNC24146482,B,A,B,B,B,A,B,A
UNC24147801,A,A,B,A,A,B,B,B
UNC24150005,A,A,B,A,A,A,A,A
UNC24150927,A,B,A,A,A,A,B,A
UNC24151149,A,A,B,A,A,A,A,B
UNC24151896,A,B,A,A,A,B,B,A
UNC24152410,A,B,A,A,A,B,A,A
UNC24153148,A,B,A,A,A,A,B,A
UNC24154070,A,B,A,A,A,A,A,B
JAX00382352,A,A,A,A,A,A,B,A
UNC140225943,A,B,A,A,A,A,A,A
UNC24154965,A,B,B,A,A,B,B,A
UNC24155283,B,A,A,B,B,A,A,B
UNC24156133,B,A,A,B,B,B,A,A
UNC24156520,B,A,A,B,B,A,B,A
UNC24157249,A,B,A,A,A,A,B,A
UNC24157770,A,B,A,A,A,B,B,A
UNC24157984,A,A,A,A,A,A,A,B
UNC24158690,A,A,A,A,A,B,B,A
UNC24159128,A,B,A,A,A,B,A,A
JAX00054074,A,B,B,A,A,B,B,A
UNC24159925,B,A,A,B,B,A,A,B
UNC140226575,A,B,A,A,A,B,-,A
UNC24160514,A,B,A,A,A,B,B,B
UNC24161320,B,B,B,B,B,A,A,A
JAX00382426,B,B,B,B,B,B,A,B
UNC24162244,B,B,A,B,B,A,A,A
UNC24162481,B,B,A,B,B,A,B,A
UNC24163200,A,B,A,A,A,B,B,A
JAX00382457,B,B,B,B,B,A,B,B
UNC24163903,B,A,B,B,B,A,A,A
UNC24164708,A,B,A,A,A,A,A,B
UNC24164979,B,A,B,B,B,A,B,A
JAX00382480,B,B,B,B,B,A,A,A
JAX00382488,A,A,A,A,A,A,A,B
JAX00382492,B,A,B,B,B,B,B,A
JAX00382496,A,A,A,A,A,A,A,B
UNC24165924,B,A,B,B,B,A,B,B
UNC24166386,B,A,B,B,B,A,A,A
UNC24166651,A,B,A,A,A,B,B,B
UNC24167805,A,A,A,A,A,B,B,B
UNC24168410,B,A,B,B,B,A,A,B
UNC140228122,B,A,B,B,B,A,B,B
UNC24169095,B,A,B,B,B,A,B,B
UNC24169710,B,A,B,B,B,B,A,B
UNC24170250,B,A,B,B,B,A,A,B
UNC24171088,B,B,B,B,B,A,A,A
UNC24171938,A,B,B,A,A,B,B,B
UNC24172318,A,B,B,A,A,B,B,A
UNC24172828,B,A,A,B,B,A,B,B
UNC140458015,-,A,A,-,-,B,B,-
UNC24173459,B,A,A,B,B,B,A,B
UNC24174198,A,B,B,A,A,B,B,A
UNC24175186,A,B,B,A,A,B,B,B
UNC24175327,A,B,B,A,A,B,B,A
UNC24175833,B,A,A,B,B,A,B,B
UNC24176426,B,A,A,B,B,B,A,B
UNC24177476,A,A,B,A,A,B,A,A
UNC24178405,A,B,B,A,A,B,B,B
UNC24178901,B,B,A,B,B,A,B,A
UNC24179899,B,B,A,B,B,A,A,B
UNC24180391,A,A,B,A,A,A,A,A
UNC24181234,B,B,A,B,B,A,A,A
JAX00054182,B,B,A,B,B,A,B,A
UNC24181673,B,B,A,B,B,A,B,A
UNC24182633,B,B,A,B,B,A,A,A
UNC24183194,B,B,A,B,B,A,A,B
UNC140232396,A,B,A,A,A,B,A,A
JAX00382788,A,A,B,A,A,A,A,A
UNC24183773,A,A,B,A,A,A,B,B
UNC24183881,A,A,B,A,A,B,B,A
UNC24184030,B,B,A,B,B,B,B,B
UNC24184330,A,A,B,A,A,B,B,B
UNC24184469,B,B,A,B,B,A,A,A
UNC24184635,B,B,A,B,B,B,A,B
UNC24184910,B,B,A,B,B,A,A,B
UNC24185233,A,A,B,A,A,A,A,A
UNC24185442,B,B,A,B,B,A,A,A
UNC24185868,B,B,A,B,B,A,A,A
UNC24186186,A,A,B,A,A,A,B,A
UNC24186473,A,A,B,A,A,B,B,A
UNC24186677,B,B,A,B,B,B,B,B
UNC24186778,A,A,B,A,A,B,B,A
UNC24187142,B,B,A,B,B,A,A,A
UNC24187331,A,A,B,A,A,A,B,B
UNC24187543,A,A,B,A,A,B,B,A
UNC24187666,B,B,B,B,B,B,A,B
JAX00054219,B,B,A,B,B,A,A,B
UNC24188333,A,A,B,A,A,A,B,A
UNC24188719,B,B,A,B,B,A,A,A
UNC24188914,B,B,B,B,B,A,A,B
UNC24189285,A,A,B,A,A,B,B,A
UNC24189525,A,A,B,A,A,B,B,A
UNC24189794,B,B,A,B,B,B,A,B
UNC24190382,A,A,B,A,A,B,A,A
UNC24190679,A,A,B,A,A,B,B,A
UNC24191055,B,B,A,B,B,A,A,A
UNC24191395,B,B,A,B,B,B,B,A
UNC24191682,A,A,B,A,A,B,B,A
UNC24192133,A,A,B,A,A,A,B,A
UNC24192412,A,A,B,A,A,B,B,B
UNC24192866,A,A,B,A,A,B,B,B
UNC24193121,A,A,B,A,A,B,A,A
UNC24193479,A,A,B,A,A,B,B,A
backupUNC140239235,B,B,A,B,B,A,-,A
UNC24193650,B,B,A,B,B,B,A,B
UNC24193874,A,A,B,A,A,B,B,B
UNC24193968,A,A,B,A,A,B,B,B
UNC24194081,A,A,A,A,A,B,B,B
UNC24194395,A,A,B,A,A,B,B,A
UNC24194685,B,B,A,B,B,B,A,A
UNC24194960,A,A,B,A,A,B,B,B
UNC24195314,B,B,A,B,B,A,A,A
UNC24195930,B,B,A,B,B,A,A,B
UNC24196188,A,A,B,A,A,A,B,A
UNC24196362,A,A,A,A,A,A,A,B
UNC24196600,B,B,A,B,B,A,A,B
UNC24196892,B,B,A,B,B,A,A,B
UNC24197062,B,B,A,B,B,A,B,B
backupJAX00383007,B,B,A,B,B,A,A,A
UNC24197428,A,A,B,A,A,B,B,B
UNC24197569,B,B,A,B,B,B,B,B
UNC24197696,B,B,A,B,B,A,A,B
UNC24197864,B,B,A,B,B,A,B,B
UNC24197985,B,B,A,B,B,A,A,A
JAX00383038,B,B,A,B,B,A,A,B
UNC24198243,B,B,A,B,B,B,B,B
UNC24198443,A,A,B,A,A,B,B,A
UNC24198597,A,A,B,A,A,B,A,A
UNC24198725,B,B,A,B,B,A,A,A
UNC24198865,B,B,A,B,B,A,A,A
UNC24199098,A,A,A,A,A,B,A,A
UNC24199524,A,A,A,A,A,A,B,A
UNC24199730,A,A,B,A,A,B,B,B
UNC24199949,A,A,B,A,A,B,B,B
UNC24200402,B,B,A,B,B,B,B,B
UNC24200780,B,B,A,B,B,A,A,B
UNC24200998,B,B,A,B,B,A,A,A
UNC24201195,B,B,A,B,B,A,A,A
UNC24201400,B,B,A,B,B,B,A,A
UNC24201723,A,A,B,A,A,A,A,A
JAX00383110,B,B,A,B,B,B,B,B
UNC24201943,A,A,B,A,A,B,B,A
UNC24202144,B,B,A,B,B,A,A,A
UNC24202289,B,A,B,A,A,A,B,A
UNC140244744,B,A,B,A,A,A,B,B
UNC24202576,A,B,A,B,B,A,A,B
UNC24202816,A,B,A,B,B,A,B,B
UNC24203297,A,A,A,A,A,A,A,B
UNC24203510,B,A,B,A,A,A,B,A
UNC24203802,A,B,A,B,A,B,B,B
UNC24204312,A,A,A,B,A,A,A,A
UNC24204717,A,B,A,B,B,A,B,B
JAX00054337,A,B,A,B,B,B,B,B
UNC24205992,B,A,B,A,A,A,B,A
JAX00383234,A,B,A,B,B,A,A,B
UNC24206415,A,B,A,B,B,B,B,B
UNC24207175,A,B,A,B,B,A,A,B
UNC24207565,B,A,B,A,A,A,B,A
UNC24208098,A,B,A,B,B,A,A,B
JAX00383296,A,A,A,A,A,B,A,A
UNC24208926,B,A,B,A,A,B,A,A
UNC24209688,A,A,B,A,A,A,B,A
UNC24209885,B,A,A,B,B,A,A,B
UNC24210335,B,A,B,B,B,B,B,A
UNC24210844,A,A,B,A,A,B,A,A
UNC24211934,A,A,A,A,A,B,B,A
JAX00054378,B,A,B,B,B,B,B,A
UNC24212330,A,B,A,A,A,A,A,A
JAX00054383,B,A,A,B,B,A,A,A
UNC24212776,B,A,A,B,B,B,A,A
UNC24213978,A,B,A,B,B,A,A,B
UNC24214892,A,A,A,A,A,B,B,A
UNC24215275,B,A,A,A,B,A,A,B
UNC24215981,B,A,A,B,B,B,A,B
UNC24216384,B,B,A,B,B,A,A,A
UNC24217533,B,A,B,B,B,A,A,B
UNC24217966,B,B,B,B,A,B,B,B
UNC24218517,A,A,A,B,A,A,B,A
UNC24219581,B,A,B,A,A,B,B,A
UNC24219858,B,A,A,A,A,A,A,B
UNC24221168,B,B,A,A,B,B,A,A
UNC140257974,A,A,B,A,A,B,A,B
UNC24222200,B,B,A,B,B,A,A,A
JAX00383507,B,B,B,B,B,A,B,B
UNC24222973,B,B,B,B,B,A,A,B
UNC24223697,B,B,A,A,B,A,A,B
UNC24224432,A,A,B,A,B,A,B,A
UNC24224604,B,A,B,B,B,B,B,B
JAX00383557,B,B,B,B,B,B,B,A
backupUNC140260041,B,B,A,B,A,B,A,B
UNC24225958,B,B,A,B,A,A,B,A
UNC24226675,B,B,A,B,B,B,B,B
UNC24227436,A,A,B,A,A,B,B,A
UNC140261700,B,A,B,A,A,B,B,B
UNC24228305,B,A,A,A,A,A,A,B
UNC24228524,B,B,A,B,B,B,A,B
UNC24228738,A,B,B,A,B,B,B,B
UNC24229368,B,B,A,B,B,A,B,B
JAX00383655,B,B,B,B,B,B,A,B
UNC24229825,A,B,A,A,B,A,A,A
UNC24230047,B,B,B,A,B,B,B,A
UNC24230253,B,B,A,B,B,B,A,B
UNC24230445,A,B,B,B,B,A,A,B
UNC24230678,B,B,B,A,B,A,B,A
UNC24230848,A,B,B,B,B,B,B,A
UNC24230952,A,A,A,A,A,A,B,A
UNC24231049,A,B,B,B,B,A,A,B
UNC24231303,A,A,A,A,A,B,B,B
JAX00054485,A,A,A,B,A,B,B,A
UNC24231507,A,A,A,B,A,B,B,A
UNC24231828,A,A,A,A,A,B,A,A
UNC24232002,B,A,A,B,A,A,A,B
UNC24232158,B,B,B,B,B,A,A,B
JAX00054491,B,A,A,B,A,A,A,B
UNC24232332,A,B,B,B,B,B,B,B
UNC24232570,A,A,B,A,A,A,A,B
UNC24232629,A,B,A,A,B,A,B,A
UNC24233000,B,A,A,B,A,B,B,B
UNC24233388,A,A,B,B,A,A,A,A
UNC24233521,B,A,B,A,A,A,A,A
UNC24233689,B,B,B,A,B,B,B,A
UNC24233930,A,A,B,A,A,B,A,A
UNC24234158,A,A,B,B,A,B,B,A
UNC24234375,A,A,A,A,A,B,B,A
UNC24234559,A,A,B,B,A,B,B,B
UNC24234786,B,B,B,A,B,A,A,A
UNC24235107,A,A,B,B,A,A,B,B
UNC24235473,A,A,A,A,A,B,B,B
UNC24235551,B,B,A,A,B,A,B,A
UNC24235981,A,A,A,B,A,A,A,A
UNC24236110,B,B,A,A,B,A,A,A
UNC24236244,A,A,A,A,A,B,B,A
UNC24236404,A,A,A,A,A,A,A,B
UNC24236718,B,B,A,B,B,A,A,B
UNC24236874,A,A,B,B,A,B,B,B
UNC24237345,A,A,B,B,A,A,B,A
UNC24237605,A,A,B,B,A,B,B,A
UNC24237957,B,B,A,B,B,A,A,A
UNC24238078,A,A,A,A,A,B,B,A
UNC24238214,B,B,B,A,B,A,A,B
UNC24238449,B,B,A,B,B,A,B,B
UNC24238621,B,B,B,A,B,A,A,A
UNC24238748,A,A,B,B,A,A,A,A
backupJAX00054521,B,B,A,A,B,A,B,A
UNC24239108,B,B,B,A,B,B,B,A
UNC24239285,A,A,B,B,A,A,B,B
UNC24239422,A,A,B,B,A,B,A,B
UNC24239743,B,B,B,A,A,B,A,B
UNC24239939,B,B,A,B,A,B,A,A
UNC24240453,B,B,B,A,A,A,A,A
UNC24240941,B,B,B,B,A,A,B,B
UNC24241974,B,B,A,A,A,-,A,A
backupUNC140400377,A,A,B,B,B,B,B,B
JAX00383882,B,B,B,B,A,B,A,B
JAX00383888,A,A,A,A,A,A,A,B
UNC24243619,B,B,B,B,A,A,A,A
JAX00383900,B,B,B,B,B,A,B,B
UNC24244289,B,B,A,B,A,A,A,A
UNC24245063,B,B,A,B,A,B,B,A
UNC24245551,A,A,A,A,B,A,B,A
UNC24245698,B,B,A,B,A,A,A,B
UNC141046371,B,B,-,A,A,A,A,B
JAX00054562,A,A,B,A,B,B,B,A
UNC24246567,A,A,A,A,B,B,B,A
UNC24246877,A,A,A,A,B,B,A,A
UNC24249404,A,A,B,A,B,B,B,B
JAX00383991,B,B,B,B,A,A,A,B
UNC24249876,B,B,B,B,B,B,B,A
UNC24250620,B,B,B,B,B,A,A,B
UNC140463041,A,B,B,A,A,B,B,A
UNC140267372,A,A,B,A,B,B,A,B
UNC24251916,A,A,A,A,B,B,B,A
UNC24253025,B,B,A,B,A,A,A,A
JAX00384048,B,B,A,B,A,B,B,B
UNC24253736,A,A,B,A,B,B,A,A
UNC24254415,B,B,A,B,B,A,A,A
JAX00054607,B,B,B,B,A,B,B,A
JAX00054608,A,A,A,A,B,B,B,B
UNC24254921,A,A,A,A,A,A,A,B
JAX00384092,A,A,A,A,A,B,A,A
UNC24255944,A,A,A,A,B,B,B,B
UNC24257623,B,B,A,B,A,B,A,A
JAX00384134,B,B,A,B,A,B,A,B
UNC24257991,A,A,B,A,A,B,B,A
UNC24259258,B,B,A,B,A,A,A,B
UNC24260361,B,B,B,A,B,B,A,B
UNC24260806,B,B,B,A,B,A,B,B
JAX00384188,B,B,A,A,A,A,A,A
UNC24261682,A,A,B,B,A,B,B,B
JAX00384204,A,A,A,B,A,A,B,A
UNC24262675,B,B,B,A,A,A,A,B
UNC24263757,B,B,B,A,A,B,A,A
UNC24264112,B,B,B,A,B,A,A,A
JAX00384236,A,A,A,B,A,B,B,A
UNC24265383,A,A,B,B,B,B,A,A
UNC24265925,A,A,B,B,B,A,B,A
UNC24266393,B,B,B,A,A,A,B,B
UNC24267196,B,B,B,A,B,A,A,B
UNC141056279,A,A,A,B,B,B,B,A
UNC24267920,A,A,A,B,B,A,A,B
UNC24268667,B,B,B,A,A,A,A,B
UNC24269671,B,B,A,B,A,A,B,A
UNC24270298,B,B,A,B,A,A,A,A
UNC24270800,A,A,B,B,B,A,B,B
UNC24271394,B,B,B,A,A,A,A,A
JAX00384381,A,A,A,B,A,B,B,A
JAX00384395,A,A,A,B,A,A,A,A
JAX00384401,A,A,B,B,A,A,A,B
UNC24272927,A,A,B,B,A,B,A,B
UNC24273420,A,A,B,A,A,B,A,A
UNC24274089,A,A,B,B,B,B,A,A
backupUNC140270769,B,B,A,A,A,B,B,A
UNC24274727,B,B,A,A,A,B,B,A
JAX00054722,B,B,B,B,B,A,B,B
UNC24275378,B,B,B,B,A,A,B,B
UNC24275766,A,A,B,A,B,A,A,A
JAX00054727,A,A,A,A,B,A,A,A
UNC24277031,A,A,A,B,B,A,A,A
backupUNC141061832,A,A,A,B,B,B,A,A
UNC24278417,A,A,B,A,A,B,A,B
UNC24279099,B,B,A,B,-,-,B,B
UNC24279699,A,A,B,A,B,B,A,B
JAX00384514,B,B,B,B,A,A,B,B
UNC24280027,B,B,A,B,A,B,B,A
UNC24280445,A,A,B,A,B,B,A,B
UNC24280807,A,A,B,A,A,A,A,B
UNC24281039,A,A,B,A,B,B,A,B
UNC24281352,A,B,B,B,A,B,B,B
UNC24281689,A,B,B,B,A,A,B,B
UNC24282037,A,B,A,B,A,A,B,B
UNC24282497,B,A,B,A,B,A,A,A
JAX00384537,A,A,B,A,A,A,A,A
UNC24282883,B,A,B,A,B,B,A,A
UNC24283076,A,B,B,B,A,A,B,B
UNC24283406,A,B,B,B,A,A,B,A
backupUNC140464620,A,B,B,B,A,-,B,A
UNC24283729,A,B,B,B,A,A,B,A
UNC24283981,B,A,B,A,B,A,A,A
UNC24284560,A,B,A,B,A,A,B,B
UNC24284889,B,A,A,A,B,B,A,A
UNC24285578,A,B,A,B,A,B,B,B
UNC24286592,A,B,A,B,A,A,B,B
UNC24286827,A,B,A,B,A,A,B,B
JAX00054777,A,A,B,A,A,A,A,A
UNC24287205,A,B,B,B,A,A,B,B
UNC24287621,B,A,B,A,B,A,A,A
JAX00384595,A,A,B,A,A,A,A,A
UNC140273339,A,B,A,B,A,A,B,B
UNC24287764,B,A,B,A,B,A,A,A
UNC24288250,A,B,A,B,A,A,B,B
UNC24288452,B,B,B,B,B,B,B,A
UNC24289050,B,A,A,A,B,B,A,A
UNC24289728,A,B,B,B,A,B,B,A
UNC24290293,B,A,A,A,B,B,A,B
UNC24290512,A,B,A,B,A,A,B,B
UNC24291063,B,B,B,B,B,B,B,A
UNC24291462,B,A,A,A,B,B,A,A
JAX00384629,B,A,B,A,B,B,A,A
UNC24291976,A,B,A,B,A,A,B,B
JAX00384634,B,B,A,B,B,A,B,B
UNC24292276,B,A,B,A,B,B,A,A
UNC24292634,-,A,B,A,-,A,A,B
UNC24292975,B,A,B,A,B,B,A,B
UNC24293252,A,B,B,B,A,A,B,B
UNC24293547,A,B,B,B,A,A,B,A
UNC24293808,A,B,B,B,A,A,B,A
UNC24294129,A,B,B,B,A,B,B,B
UNC24294553,B,A,B,A,B,B,A,A
UNC24294755,B,A,A,A,B,B,A,A
JAX00384667,B,B,A,B,B,B,B,B
UNC24295093,B,A,A,A,B,B,A,A
UNC24295845,B,A,A,A,B,A,A,A
UNC24296141,A,B,B,B,A,A,B,B
UNC24296451,B,B,A,B,B,B,B,B
UNC24296792,B,A,A,A,B,B,A,A
UNC24296885,B,A,B,B,B,B,B,B
UNC140471593,B,A,A,B,B,B,B,A
UNC24297303,B,A,A,A,B,A,A,A
UNC24297655,B,A,A,A,B,B,A,A
UNC24297981,B,A,B,A,B,B,B,B
JAX00384680,B,B,B,B,B,B,B,A
UNC24298367,A,B,B,B,A,A,B,A
UNC24298425,B,A,B,A,B,A,B,A
UNC24298734,A,B,A,B,A,A,A,B
JAX00384698,A,A,B,A,A,A,B,B
JAX00384700,B,B,A,B,B,A,A,A
UNC24299380,B,B,B,B,B,B,A,B
UNC24299433,B,A,A,A,B,B,B,A
UNC24299924,A,B,B,B,A,B,A,A
UNC24300474,A,B,A,B,A,B,A,B
UNC24300818,B,A,A,A,B,B,B,A
UNC24301305,B,A,A,A,B,A,A,A
UNC24301752,A,B,B,B,A,A,B,A
UNC24302194,A,B,B,B,A,A,B,B
UNC24302420,B,B,A,B,B,B,B,B
JAX00384758,A,A,A,A,A,B,A,A
UNC24302748,B,A,A,A,B,A,A,A
JAX00384760,B,B,A,B,B,B,B,A
UNC24302975,A,B,A,B,A,A,B,A
UNC24303325,B,A,A,A,B,B,A,A
UNC24303792,B,B,B,B,A,A,B,A
UNC24303952,B,A,A,A,A,A,B,A
UNC24304151,A,B,A,B,B,A,A,A
UNC24304681,B,B,B,B,A,B,B,A
UNC140276403,A,A,B,A,B,A,A,B
UNC24305116,A,A,A,A,B,B,A,A
UNC24305642,B,A,A,A,A,A,B,A
UNC24305857,A,B,A,B,A,A,A,A
JAX00384798,B,B,A,B,B,B,B,A
UNC24306616,A,A,A,B,B,A,A,A
UNC24307590,B,B,B,A,A,A,B,A
JAX00384824,A,A,A,B,B,B,A,B
UNC24308263,B,B,B,B,A,A,B,B
backupUNC141073053,B,B,B,A,A,A,B,A
JAX00384838,A,A,A,B,A,B,A,B
UNC24309621,B,A,B,A,B,B,B,B
UNC24310157,A,B,A,B,A,B,A,B
UNC24311339,B,A,B,A,B,B,B,A
UNC24311811,B,A,B,A,B,A,B,A
UNC24312238,B,A,B,A,B,B,B,B
UNC24312545,B,A,B,A,B,A,B,A
UNC24312997,A,B,A,B,A,B,A,B
UNC24313236,A,B,A,B,A,A,A,B
UNC24314016,A,B,A,B,A,B,A,B
UNC24314592,B,A,B,A,B,A,B,B
UNC24315068,B,A,B,A,B,A,B,A
UNC140278229,A,B,A,B,A,A,A,A
UNC24315646,B,A,B,A,B,A,B,A
JAX00054936,B,A,B,A,B,A,B,A
UNC24316202,B,A,B,A,B,B,B,A
UNC24316637,B,A,B,A,B,A,B,A
JAX00384976,A,B,A,B,A,A,A,B
UNC24317152,A,B,A,B,A,B,A,A
UNC24317545,A,B,A,B,A,B,A,B
UNC24318618,A,B,A,B,A,A,A,B
UNC24318651,A,B,A,B,A,B,A,B
JAX00385014,A,A,A,A,A,B,A,B
JAX00385018,B,B,B,B,B,B,B,A
UNC24318878,A,B,A,B,A,B,A,A
UNC140401510,A,B,A,B,A,B,A,A
UNC24319385,B,A,B,A,B,A,B,A
UNC24319928,B,A,B,A,B,A,B,A
UNC24320447,A,A,A,A,A,B,A,B
UNC24320768,B,B,B,B,B,A,B,A
UNC24321244,B,B,B,B,B,A,B,B
UNC24321743,B,B,B,B,B,A,B,A
UNC24322186,A,A,A,A,A,B,A,B
JAX00385064,B,B,B,A,B,B,B,A
backupUNC140618860,B,B,B,A,B,A,B,A
UNC24322689,B,B,B,A,A,A,B,A
UNC24323447,A,A,A,B,A,A,A,A
JAX00054999,A,A,A,B,B,B,A,A
UNC24323677,A,A,A,A,A,B,A,A
UNC141084245,A,A,A,A,B,B,A,B
UNC24324427,A,A,A,A,B,B,A,A
UNC24324828,A,A,A,B,B,B,A,B
UNC24325017,B,B,B,B,B,B,B,A
UNC24325331,A,A,A,A,A,B,A,A
UNC24325643,A,A,A,A,A,B,A,A
UNC24326081,A,A,A,B,A,A,A,A
UNC24326391,B,B,B,B,A,A,B,B
UNC24326841,A,A,A,B,B,A,A,B
UNC140425930,A,B,A,A,A,-,A,A
UNC24327344,A,A,A,B,B,B,A,A
UNC24327912,B,B,B,A,B,A,B,A
UNC24328319,B,B,B,A,B,A,B,A
JAX00385188,A,A,A,A,A,A,A,B
UNC24328756,A,A,A,B,A,B,A,A
UNC24329051,B,B,B,A,B,B,B,A
UNC24329382,A,A,A,B,B,B,A,B
JAX00385215,A,A,A,A,A,B,A,A
JAX00385219,B,B,B,A,B,B,B,A
UNC24330068,B,B,B,A,B,A,B,A
UNC24330240,B,B,B,B,A,B,B,B
UNC24330859,B,B,B,A,B,A,B,B
UNC24331324,A,A,A,B,A,A,A,B
UNC140620941,B,B,B,A,A,A,B,A
JAX00055071,A,A,A,B,A,A,A,B
UNC24331798,A,A,A,B,A,B,A,B
UNC24332168,A,A,A,B,B,B,A,B
JAX00055080,A,A,A,B,A,A,A,B
UNC24332793,B,B,B,A,B,B,B,B
UNC24333521,A,A,A,A,A,A,A,B
JAX00055087,A,A,A,B,A,A,A,A
JAX00385260,A,A,A,A,A,B,A,A
UNC24333854,B,B,B,A,B,B,B,B
UNC24334221,A,A,A,B,A,B,A,A
JAX00385274,A,A,A,A,A,B,A,A
UNC24335012,A,A,A,B,A,A,B,A
UNC24335451,B,B,B,A,B,A,A,A
UNC24336070,B,B,B,A,B,A,A,B
UNC24336812,B,B,B,A,B,A,A,B
UNC24337198,B,B,B,B,A,B,B,B
JAX00385315,A,A,A,A,A,B,A,A
UNC24337536,B,B,B,A,B,B,A,B
UNC24338098,A,A,A,B,B,A,B,B
UNC24338901,B,B,B,A,A,B,A,A
UNC24339515,A,A,A,B,A,B,B,B
JAX00385371,A,A,A,A,A,B,A,A
UNC24339895,B,B,B,A,B,A,B,B
JAX00385378,B,B,B,B,A,B,B,A
UNC24340588,B,B,B,A,A,A,B,A
JAX00385385,B,B,B,B,B,B,B,A
UNC24341587,B,B,B,A,A,B,B,B
UNC24342447,B,B,B,A,A,A,B,A
UNC24343180,B,B,B,A,B,A,B,A
UNC24343935,B,B,B,A,A,A,B,A
UNC24345201,A,A,A,B,B,B,A,A
UNC24345747,A,A,A,B,B,A,A,A
backupUNC141100128,A,A,A,A,B,B,A,B
UNC24348420,A,A,A,B,B,B,A,B
JAX00385428,A,A,A,B,B,B,A,A
UNC24349893,A,A,A,B,B,B,A,B
JAX00385446,A,A,A,A,A,B,A,A
JAX00055175,B,B,B,A,A,A,B,A
UNC24350675,A,A,A,B,B,A,A,B
UNC24350803,B,B,B,A,A,A,B,B
JAX00055182,A,A,A,B,A,B,A,B
UNC24351809,A,A,A,B,A,B,A,B
UNC24352067,A,A,A,B,B,B,A,B
UNC24352954,A,A,A,B,A,A,A,A
UNC24353152,A,A,A,A,A,A,A,B
UNC24353494,A,A,A,B,A,B,A,A
UNC24354076,A,A,A,B,A,B,A,A
UNC24354321,A,A,A,B,A,A,A,A
UNC140625467,A,A,A,B,B,-,A,B
UNC24354682,B,B,B,A,B,A,B,B
UNC24355173,B,B,B,B,A,B,B,B
UNC24355506,A,A,A,B,A,A,A,B
JAX00055222,A,A,A,B,A,B,A,B
UNC24356330,B,B,B,A,B,A,B,B
JAX00205434,B,B,B,A,B,B,B,B
UNC24357755,B,B,B,A,A,A,B,A
UNC141107339,A,A,A,A,B,B,B,B
JAX00055234,B,B,B,A,A,A,B,A
UNC24358707,A,A,A,A,B,B,A,B
UNC24359485,A,A,A,A,A,A,A,B
JAX00385547,A,A,A,A,A,B,A,A
UNC24360066,A,A,A,B,B,B,A,B
JAX00385561,A,A,A,A,B,A,A,A
UNC24361106,B,B,B,A,A,B,B,A
UNC140475528,A,B,B,A,A,B,A,A
UNC24361910,A,A,A,B,B,B,A,A
UNC24362464,A,A,A,A,B,B,A,A
UNC24363323,B,B,B,A,A,A,A,A
UNC24364306,A,A,A,A,A,A,B,A
UNC24364583,B,B,B,A,B,A,B,B
backupUNC140281170,B,B,A,A,B,A,A,A
JAX00385591,A,A,A,A,A,B,A,A
UNC24366989,A,A,B,B,A,B,B,B
JAX00055273,B,B,A,A,A,A,A,A
JAX00055280,A,A,B,B,B,B,B,B
UNC24370329,A,A,B,B,B,A,B,A
UNC140285643,A,A,B,B,A,B,B,A
JAX00385716,A,A,A,A,B,A,A,A
UNC24380980,B,B,B,B,A,B,B,A
JAX00385742,A,A,B,B,A,B,B,A
UNC24384519,A,A,B,B,A,B,B,B
JAX00055366,B,B,A,A,B,A,A,B
UNC140292673,A,A,B,B,B,A,B,B
JAX00385780,A,A,A,A,B,B,A,B
JAX00385793,B,B,B,B,B,A,B,B
JAX00385798,A,A,B,B,A,B,B,A
UNC24388678,B,B,A,A,B,A,A,B
UNC24390825,A,A,B,B,B,A,B,B
JAX00385834,B,B,B,B,B,A,B,B
JAX00385847,B,B,A,A,B,A,A,A
UNC24398309,B,B,A,A,B,B,A,A
JAX00385918,A,A,A,A,A,A,A,B
UNC24399265,A,A,B,A,A,A,B,A
UNC24399338,A,A,B,B,B,B,B,B
UNC24399435,B,B,A,A,B,A,A,B
UNC24399451,A,A,B,A,A,B,B,A
UNC24399508,A,A,B,A,A,B,B,A
UNC24399562,B,B,A,B,B,B,A,B
UNC24399641,A,A,A,B,A,A,A,A
UNC24399799,A,A,B,B,B,B,B,A
UNC24399845,B,B,A,B,B,A,A,B
UNC24399880,B,B,A,A,A,A,A,B
UNC24399939,A,A,B,A,A,A,B,A
UNC24400003,A,A,B,A,B,B,B,A
UNC24400083,A,A,B,A,A,A,B,A
UNC24400138,A,A,B,B,B,B,B,A
JAX00055463,A,A,B,B,B,B,B,A
UNC24400198,B,B,A,B,A,A,A,B
UNC24400303,A,A,B,B,A,A,B,B
UNC24400389,A,A,B,A,A,B,B,B
UNC24400464,B,B,A,A,B,A,A,B
UNC24400529,A,A,B,B,A,A,B,B
UNC24400672,B,B,A,A,B,A,A,A
UNC24400755,B,A,A,B,B,B,A,B
UNC24400821,B,B,B,A,B,B,B,A
JAX00385954,B,A,A,B,B,A,A,B
UNC24400875,B,A,A,A,B,A,A,B
UNC24400919,A,A,A,A,B,A,A,A
JAX00385957,B,A,A,B,B,A,B,B
JAX00385960,B,A,A,B,B,B,A,B
JAX00385966,A,A,A,A,A,B,A,A
JAX00385967,B,A,A,B,B,A,A,B
UNC24402092,B,A,A,A,A,A,A,A
JAX00385981,B,B,B,A,B,B,B,B
UNC24403659,B,A,A,B,B,B,A,B
UNC140478117,B,A,A,B,B,B,A,B
UNC24404854,B,A,A,B,B,A,A,B
JAX00386019,A,B,B,B,A,B,B,A
UNC24405864,B,A,A,A,B,B,A,B
JAX00386041,B,B,B,B,B,A,B,B
UNC24406624,B,A,A,A,B,B,A,A
backupUNC140481239,B,A,A,B,A,B,A,A
UNC24409452,A,B,B,A,A,B,B,A
UNC24411840,A,B,B,A,A,B,B,A
JAX00055535,A,B,B,A,A,B,B,B
UNC24413305,B,A,A,A,A,B,A,B
UNC140303116,B,A,A,B,B,A,A,B
JAX00386167,B,A,A,B,A,A,A,B
JAX00055547,A,B,B,A,A,B,B,A
UNC24414916,A,B,B,A,A,A,B,B
UNC24415724,A,B,B,A,B,A,B,A
JAX00055559,B,A,A,B,B,B,A,B
UNC24416758,B,A,A,B,B,A,A,B
JAX00386195,B,B,B,B,B,A,B,B
JAX00055566,A,B,B,A,B,B,B,B
JAX00386199,A,A,A,A,B,A,A,B
UNC24418033,A,B,B,A,A,B,B,A
UNC24419453,A,A,A,B,B,B,A,B
JAX00386229,A,B,B,A,B,B,B,B
JAX00055577,B,A,A,B,B,A,A,B
JAX00386247,A,B,B,B,A,B,B,A
JAX00055586,B,A,A,A,A,A,A,A
JAX00386252,B,B,B,A,B,B,B,B
UNC24422202,B,B,B,B,A,B,B,B
JAX00386258,B,B,B,B,B,A,B,B
UNC24422893,A,B,B,B,A,A,B,A
JAX00386270,B,A,A,B,A,A,A,A
JAX00055599,B,A,A,B,A,A,A,A
JAX00055600,B,A,A,B,A,A,A,A
UNC24426919,A,A,A,B,B,B,A,B
UNC24428131,B,A,A,B,B,A,A,B
JAX00386308,B,B,B,A,A,B,B,A
UNC24430189,A,A,A,B,A,B,A,B
backupUNC140494563,B,A,A,-,B,B,A,B
UNC24431380,B,A,A,A,B,B,A,B
JAX00386341,A,A,A,A,B,A,A,B
backupUNC140495830,B,A,A,B,B,A,A,A
JAX00386346,B,A,A,B,B,B,A,A
JAX00386350,B,A,A,B,B,A,A,B
UNC24433674,A,B,B,A,B,A,B,B
JAX00386363,A,A,A,A,B,A,A,B
UNC24435392,A,A,A,A,B,A,A,A
JAX00055659,B,A,A,B,A,A,A,A
UNC24436705,A,B,B,A,A,B,B,A
UNC24438328,B,A,A,A,A,A,A,A
UNC24440010,B,A,A,B,B,B,A,B
UNC24441856,B,B,B,B,A,B,B,A
backupUNC140502852,B,A,A,B,A,A,A,B
UNC24444415,B,A,A,A,A,A,A,A
UNC24446173,A,B,B,A,B,B,B,B
backupJAX00386445,B,A,A,B,B,B,A,B
UNC24448740,B,A,A,B,B,A,A,B
UNC24450199,B,B,B,B,A,B,B,B
UNC24451647,A,B,B,A,A,B,B,A
UNC24453044,A,B,B,A,A,B,B,B
JAX00386478,A,B,B,A,A,B,B,B
UNC140508888,A,B,B,A,A,A,B,B
JAX00386490,B,B,B,B,B,B,B,A
UNC24455034,A,B,B,A,A,A,B,B
JAX00386496,A,B,B,A,A,B,B,A
UNC24455901,B,B,B,A,B,B,B,B
UNC24456506,A,A,A,B,B,B,A,A
UNC24456858,A,B,B,A,A,B,B,A
UNC24457296,A,B,B,A,A,A,B,A
JAX00386511,B,B,B,B,B,A,B,B
UNC24458064,A,B,B,A,A,B,B,A
JAX00386516,A,A,A,B,B,A,A,A
UNC24458418,B,A,A,B,A,B,A,B
UNC24458646,B,B,B,A,B,B,B,B
UNC24458936,A,B,B,A,B,A,B,A
UNC24459654,A,B,B,A,B,B,B,A
UNC24459951,B,A,A,B,B,A,A,B
UNC24460146,A,B,B,A,A,A,B,A
JAX00055766,A,B,B,B,A,B,B,A
JAX00386531,B,A,A,B,B,A,A,B
UNC24460626,A,B,B,B,B,B,B,B
UNC24461440,B,B,B,B,B,A,B,B
UNC24462152,A,B,B,B,A,B,B,A
UNC24462350,B,A,A,A,A,A,A,A
UNC24462388,A,A,A,A,B,A,A,A
JAX00386544,A,B,B,B,B,B,B,B
JAX00386545,B,A,A,B,B,A,A,B
UNC24462762,B,B,B,A,A,B,B,A
UNC24463019,A,B,B,A,A,A,B,A
UNC24463665,A,A,A,A,A,B,A,A
UNC24463800,A,A,A,A,B,A,A,B
UNC24464009,B,B,B,A,A,B,B,A
UNC24464560,B,A,A,B,B,A,A,B
UNC24465342,A,B,B,A,A,A,B,A
UNC24465743,B,B,B,B,A,B,B,A
UNC24466283,A,B,B,A,A,B,B,A
UNC24466437,A,A,A,A,A,A,A,B
JAX00386594,B,B,B,B,B,A,B,B
UNC24469415,B,A,A,A,B,A,A,B
UNC24471288,B,B,B,A,A,A,B,A
JAX00386606,A,A,A,A,B,A,A,B
backupUNC140520603,B,A,A,B,A,B,A,B
UNC24472227,A,B,B,A,A,B,B,A
UNC24473993,B,A,A,A,B,A,A,A
UNC24475412,A,A,A,B,B,A,A,A
JAX00055848,A,B,B,A,A,B,B,A
UNC24478322,B,A,A,B,A,B,A,B
JAX00386655,A,B,B,A,A,A,B,A
JAX00386669,A,B,B,B,B,B,B,A
JAX00055866,A,B,B,B,B,B,B,A
UNC24481387,B,A,A,B,B,A,A,B
UNC24482888,B,A,A,B,B,B,A,A
backupUNC141144397,B,B,B,A,A,A,B,B
JAX00055884,A,B,B,B,A,B,B,B
UNC24484429,A,B,B,B,A,A,B,A
JAX00055896,A,B,B,A,A,A,B,A
JAX00386740,A,B,B,A,A,B,B,B
UNC24487379,A,B,B,A,A,-,B,A
UNC140529715,A,B,B,A,A,A,B,A
JAX00386779,B,A,A,A,B,A,A,A
UNC24490802,B,A,A,B,B,A,A,B
JAX00055924,A,B,B,A,A,B,B,A
JAX00386798,B,A,A,A,A,A,A,A
JAX00055937,B,A,A,A,A,A,A,A
backupUNC140639315,B,B,B,A,B,A,B,A
UNC24494199,B,A,A,B,A,A,A,B
UNC24495073,A,B,B,A,B,A,B,B
JAX00386829,B,A,A,A,A,A,A,A
UNC24497340,A,A,A,A,A,A,B,A
UNC24499718,A,B,B,B,B,A,B,A
JAX00055967,B,A,A,B,A,A,A,A
backupJAX00055971,A,B,B,A,B,A,B,A
UNC24501416,B,A,A,B,A,A,A,B
UNC24502401,A,B,B,A,B,A,B,A
JAX00055986,B,A,A,B,A,A,A,B
JAX00055987,A,B,B,A,B,B,B,A
UNC24503707,B,A,A,A,A,A,A,A
UNC24504278,A,B,B,A,B,A,B,A
JAX00386915,A,B,B,A,B,A,B,B
UNC24504628,B,A,A,B,A,B,A,A
JAX00055999,A,B,B,A,B,A,B,A
UNC24505646,B,A,A,B,A,A,A,B
UNC24506207,A,B,B,A,B,A,B,A
UNC24507026,A,B,B,B,B,A,B,A
JAX00386953,A,A,A,A,A,A,A,B
UNC24507746,A,B,B,A,B,A,B,A
UNC24508140,A,A,A,B,A,A,A,B
UNC24508891,A,B,B,A,B,B,B,A
UNC24509779,B,A,A,B,A,B,A,B
UNC24510301,A,B,B,B,B,B,B,A
JAX00386989,A,A,A,A,A,B,A,A
JAX00387000,B,A,A,B,A,A,A,B
UNC24511498,B,A,A,B,A,B,A,B
UNC24512084,B,A,A,B,A,A,A,A
backupUNC141151532,A,A,A,B,A,B,A,B
UNC24512837,B,A,A,B,A,A,A,B
UNC24513556,A,B,B,A,B,A,B,A
UNC24514057,B,A,A,A,A,B,A,A
JAX00387046,A,B,B,A,B,B,B,A
JAX00056045,B,A,B,B,A,B,A,B
UNC24515372,A,B,B,B,B,B,B,A
UNC24515948,B,A,A,B,A,A,A,B
UNC24517514,B,A,A,B,A,B,A,A
UNC24518657,B,A,A,B,A,B,A,B
UNC24519154,A,B,B,B,B,A,B,A
UNC140549554,B,A,A,B,A,A,B,B
UNC24520300,A,B,B,A,B,B,B,A
JAX00387096,B,A,A,A,A,A,A,A
UNC24520908,A,B,B,A,B,A,B,A
JAX00387102,A,A,A,B,A,A,A,B
UNC24521372,A,B,B,B,B,B,B,B
UNC24521979,A,B,B,A,B,A,B,A
UNC24522452,A,A,A,B,A,A,A,A
JAX00056092,A,B,B,A,B,B,B,A
UNC24522891,B,A,A,B,A,A,A,B
UNC24523510,B,A,A,B,A,B,A,B
UNC24523904,B,B,B,A,B,B,B,A
JAX00056104,B,A,A,B,A,B,A,B
UNC24525089,A,B,B,A,B,A,B,A
UNC24525626,B,A,A,B,A,A,A,B
UNC24526506,A,B,B,A,B,A,B,A
UNC24527195,B,B,B,A,B,A,B,A
backupUNC140554905,A,B,B,A,B,A,B,A
UNC24528063,A,B,B,A,B,A,B,A
UNC24528709,B,A,A,B,A,B,A,B
UNC24529690,B,A,A,B,A,A,A,B
JAX00056128,B,A,A,A,A,A,A,A
UNC24530415,A,B,B,A,B,A,B,A
UNC24530857,A,B,B,B,B,A,B,B
UNC24531661,A,A,A,A,B,A,A,A
UNC24532417,B,A,A,B,A,A,A,A
UNC24532889,A,B,B,A,B,A,A,A
JAX00387229,B,A,A,B,A,A,B,B
UNC24534363,B,A,A,B,A,A,A,B
JAX00056152,A,B,B,A,B,B,A,A
UNC24535960,B,A,A,A,A,A,B,A
UNC24536309,A,B,B,B,B,B,A,A
JAX00387276,A,A,A,A,A,A,A,B
UNC24537393,B,A,A,B,A,B,B,A
UNC24537786,A,B,B,A,B,B,A,A
UNC24538462,A,B,B,A,B,B,A,B
UNC24539601,B,A,A,A,A,A,B,B
JAX00387327,B,A,A,B,A,A,B,A
backupUNC140644534,B,A,A,B,A,A,B,B
UNC24540888,B,A,A,B,A,A,B,B
JAX00387344,A,B,B,A,B,B,A,B
UNC24541441,A,B,B,B,B,B,A,B
UNC24542093,A,B,B,A,B,B,A,A
UNC24542462,B,A,A,B,A,A,B,A
JAX00387361,A,B,B,A,B,B,A,A
JAX00387363,B,A,A,B,A,B,B,B
UNC24543869,A,B,B,B,B,B,A,B
UNC24544322,B,A,A,B,A,A,B,B
UNC24545687,B,A,A,B,A,A,B,A
UNC24546009,A,B,B,A,B,B,A,A
UNC24546037,A,B,B,A,B,B,A,A
UNC24546086,A,B,B,A,B,B,A,A
UNC24546293,B,B,B,A,B,B,B,B
UNC24546300,A,B,B,B,B,B,A,B
UNC24546331,A,A,A,A,A,A,A,B
UNC24546356,A,B,B,A,B,B,A,A
UNC24546380,A,B,B,B,B,B,A,A
UNC24546434,B,A,A,A,A,A,B,A
UNC24546614,B,B,B,A,B,A,B,B
JAX00387409,A,B,B,B,B,B,A,B
UNC24547755,B,A,A,B,A,A,B,B
UNC24548945,B,A,A,B,A,A,B,B
UNC24549923,B,A,A,A,A,B,B,A
UNC24550805,B,A,A,B,A,B,B,B
UNC24552191,A,B,B,A,B,B,A,B
UNC24552807,B,A,A,B,A,A,B,B
UNC24553596,A,B,B,A,B,B,A,A
UNC24555031,A,B,B,B,B,A,A,B
UNC24556958,A,B,B,B,B,A,A,A
UNC24558049,B,A,A,A,A,B,B,B
UNC24558815,B,A,A,A,A,B,B,A
UNC24559478,A,B,B,B,B,B,A,A
backuprs48022698,B,A,A,A,A,B,B,A
UNC24560431,A,B,B,B,B,A,A,A
UNC24561608,B,A,A,A,A,B,B,B
JAX00387479,B,A,A,A,A,A,B,A
UNC24562675,A,B,B,B,B,A,A,A
JAX00387490,A,B,B,B,B,B,A,A
UNC24563399,B,A,A,A,A,A,B,A
UNC24564099,A,B,B,B,B,B,A,A
UNC140304399,A,B,B,B,B,A,A,A
UNC24565114,A,B,B,B,B,A,A,A
UNC24566293,B,B,B,B,B,A,B,A
UNC24567003,A,A,A,A,A,B,B,B
UNC24568317,A,A,A,A,A,A,B,B
UNC140304467,B,B,A,B,B,A,A,A
UNC24568994,A,A,A,A,A,B,B,B
UNC24569354,B,B,B,B,B,A,A,B
UNC24570370,B,B,B,B,B,A,A,A
UNC24571048,B,B,B,B,B,A,A,A
UNC24571595,A,A,A,A,A,B,A,B
UNC24572162,B,B,B,B,B,A,A,A
UNC24572892,A,A,A,A,A,B,B,A
backupJAX00387582,A,A,A,A,A,B,B,B
UNC24574351,A,A,A,A,A,B,B,B
UNC24575049,B,B,B,B,B,B,A,B
UNC24575661,A,A,A,A,A,B,B,B
UNC24576076,A,A,A,A,A,A,B,B
JAX00387609,B,B,B,B,B,B,B,A
JAX00387613,A,A,A,A,A,B,B,B
UNC24576611,B,B,B,B,B,A,A,A
JAX00387621,A,A,A,A,A,A,B,A
JAX00056366,A,A,A,A,A,B,B,B
UNC24577376,A,A,A,A,A,B,B,A
JAX00056368,A,A,A,A,A,A,B,B
JAX00056369,B,B,B,B,B,B,A,B
JAX00387630,B,B,B,B,B,A,B,B
UNC24578317,A,A,A,A,A,B,B,B
JAX00387638,A,A,A,A,A,A,A,B
UNC24579877,A,A,A,A,A,B,B,B
UNC24580644,B,B,B,B,B,A,A,A
JAX00387656,A,A,A,A,A,B,A,A
JAX00387659,B,B,B,B,B,A,A,A
JAX00056386,A,A,A,A,A,B,B,B
UNC24581535,A,A,A,A,A,B,B,A
JAX00056388,B,B,B,B,B,B,A,B
UNC24582195,A,A,A,A,A,B,B,B
UNC24582983,A,A,A,A,A,B,A,B
JAX00056400,A,A,A,A,A,A,B,A
UNC24584392,B,B,B,B,B,A,A,A
UNC24585241,B,B,B,B,B,A,A,B
JAX00387703,B,B,B,B,B,B,B,A
JAX00387705,B,B,B,B,B,B,B,A
UNC24586839,B,B,B,B,B,B,A,B
UNC24587212,A,A,A,A,A,B,B,B
UNC24588059,B,B,B,B,B,A,A,A
UNC24588559,B,B,B,B,B,B,A,A
UNC24589231,B,B,B,B,B,A,A,A
JAX00387738,A,A,A,A,A,B,B,B
UNC24589915,B,B,B,B,B,A,A,B
JAX00387743,B,B,B,B,B,B,B,A
JAX00387746,A,A,A,A,A,A,B,A
UNC24590675,A,A,A,A,A,B,B,B
JAX00387749,A,A,A,A,A,B,A,A
UNC24591499,A,A,A,A,A,B,B,B
UNC24591980,A,A,A,A,A,A,B,B
JAX00056446,A,A,A,A,A,A,B,B
UNC24592492,B,B,B,B,B,A,A,A
UNC24592733,A,A,A,A,A,B,A,B
UNC24592965,B,B,B,B,B,A,A,A
UNC24593051,B,B,B,B,B,A,A,A
UNC24593088,B,B,B,B,B,A,A,B
UNC24593198,B,B,B,B,B,A,A,A
UNC24593255,A,A,A,A,A,A,B,A
UNC24593368,B,B,B,B,B,A,A,A
UNC24593459,B,A,A,A,A,A,B,B
UNC24593560,B,A,A,A,A,B,B,B
JAX00387773,B,A,A,A,A,A,B,B
UNC24593602,A,B,A,B,B,B,A,A
UNC24593829,B,B,B,B,B,B,B,A
UNC24593869,A,B,A,B,B,B,A,B
UNC24594199,A,B,A,B,B,A,A,A
UNC24594330,B,A,B,A,A,A,B,B
UNC24594471,A,B,A,B,B,B,A,A
UNC24594593,A,B,A,B,B,B,A,B
JAX00387778,A,A,A,A,A,A,A,B
UNC24594771,A,B,A,B,B,A,A,A
UNC24594905,B,A,B,A,A,A,B,B
backupJAX00056460,A,B,A,B,B,B,A,A
UNC24595156,B,A,B,A,A,A,B,B
UNC24595297,B,A,B,A,A,B,B,B
UNC24595390,A,B,A,B,B,B,A,A
UNC24595553,A,B,A,B,B,B,A,A
UNC24595664,A,B,A,B,B,B,A,A
UNC24595797,B,A,A,A,A,A,B,B
UNC24595935,B,A,B,A,A,B,B,B
UNC24596074,A,A,B,A,A,A,A,A
JAX00056464,A,B,A,B,B,A,A,A
UNC24596125,B,A,B,A,A,A,B,B
UNC24596365,B,A,B,B,A,A,B,A
UNC24596388,B,A,B,B,A,B,B,B
UNC24596497,A,B,A,A,B,B,A,A
UNC24596591,B,A,A,A,A,A,B,A
UNC24596753,B,A,B,B,A,A,B,A
UNC24596806,A,B,A,A,B,B,A,B
UNC24596953,A,B,A,A,B,B,A,A
UNC24596999,A,A,B,B,A,A,A,A
UNC24597178,B,A,B,B,A,B,B,B
UNC24597281,B,B,A,B,B,B,B,B
UNC24597467,A,B,B,A,B,B,A,B
UNC24597582,A,B,A,A,B,B,A,A
UNC24597660,A,B,A,A,B,A,A,A
UNC24597739,A,A,B,A,A,A,A,A
UNC24597850,B,A,A,B,A,A,B,A
B6_rs31059846,B,A,B,B,B,B,B,B
UNC24597992,B,A,B,A,A,A,B,B
UNC24598066,B,A,B,B,A,A,B,B
UNC24598145,A,B,A,A,B,A,A,A
UNC24598423,B,A,B,B,A,A,B,B
UNC24598712,B,A,B,B,A,A,B,A
UNC24598761,A,A,A,A,A,B,A,B
UNC24598868,B,B,A,B,A,A,B,B
UNC24599466,A,B,A,B,B,B,A,A
UNC24599917,A,B,B,B,B,A,A,A
UNC140308207,B,A,B,B,A,B,B,A
JAX00387854,A,A,A,A,A,B,A,A
JAX00056488,B,B,A,B,A,A,B,A
UNC24601300,A,A,B,B,B,B,A,A
JAX00387870,B,B,A,B,A,A,B,A
UNC24602166,A,B,B,B,A,B,A,B
UNC24602686,A,B,B,B,B,B,A,A
UNC24603504,A,A,A,A,B,B,A,B
UNC24604006,A,A,A,B,A,A,A,A
UNC24604600,B,B,A,B,B,B,B,B
UNC24605130,A,A,A,A,B,A,A,B
UNC24606534,B,A,B,B,B,B,B,A
JAX00387937,B,B,B,B,A,A,B,B
JAX00387945,A,A,B,A,B,B,A,B
UNC24607530,A,B,A,B,B,B,A,A
UNC24608070,A,B,A,B,B,A,A,B
JAX00387954,B,A,B,B,A,B,B,A
JAX00387957,A,A,A,A,B,A,A,A
UNC24608835,B,A,A,A,B,B,B,A
JAX00387965,A,B,B,B,B,B,A,B
UNC24609610,B,B,A,B,A,A,B,A
JAX00387971,B,B,A,B,B,B,B,A
UNC24610312,B,A,A,B,A,A,B,B
JAX00056534,B,A,B,A,B,B,B,B
UNC24611047,B,A,A,A,B,A,B,B
UNC24611517,B,A,A,A,A,A,B,A
backupJAX00388013,A,A,A,B,B,B,A,A
UNC24613433,A,A,B,B,B,A,B,A
UNC24613789,A,A,A,A,B,B,A,A
UNC24614763,B,A,A,A,B,B,A,B
UNC24615532,A,A,B,A,B,B,B,B
UNC24615900,B,B,B,A,B,B,B,B
UNC24616527,A,A,A,A,B,B,A,A
UNC24617732,B,A,B,A,B,A,B,A
UNC24617830,B,A,B,B,B,B,B,B
UNC24618837,A,B,B,B,B,A,B,B
UNC24619423,A,B,B,B,B,B,B,A
UNC24620677,B,B,B,A,B,A,B,B
UNC24620943,B,B,B,A,A,A,B,A
UNC24621950,B,A,B,B,A,A,B,A
JAX00388121,B,B,B,B,B,B,B,A
UNC24622281,B,A,B,B,A,B,B,B
UNC140311549,A,B,A,A,B,A,A,B
UNC24623335,B,A,B,B,A,A,B,A
JAX00388127,B,A,B,B,B,B,B,A
JAX00056599,B,A,B,B,A,A,B,A
UNC24624079,B,B,B,B,A,A,B,B
UNC24624501,B,A,B,A,B,A,B,A
backupUNC140312117,A,B,A,B,-,A,A,B
UNC24625419,B,A,B,B,B,B,B,B
JAX00388146,B,B,B,B,A,A,B,B
UNC24625936,B,A,B,A,A,B,B,B
UNC24626415,A,A,B,A,A,A,B,A
UNC24627143,A,A,A,A,B,B,A,A
UNC24627729,B,B,A,B,B,B,A,B
UNC24628661,B,B,A,A,A,A,A,A
UNC24629042,A,A,A,A,B,A,A,A
JAX00388173,A,A,A,A,A,B,A,A
UNC24629476,A,A,A,B,A,A,A,A
UNC24630038,B,B,B,B,A,A,B,B
JAX00056636,B,B,B,B,B,A,B,B
JAX00388186,B,B,B,B,A,A,B,A
UNC24630845,B,B,B,A,B,B,B,A
UNC24631298,B,B,A,B,A,A,A,A
UNC24631709,B,B,A,B,A,B,A,A
JAX00388214,B,B,B,B,B,B,B,A
UNC24632699,A,A,B,B,A,A,B,B
JAX00388223,A,A,B,A,A,B,B,B
backupUNC140313117,B,B,A,B,B,-,A,A
UNC24633875,A,A,A,A,A,A,A,B
UNC24634341,B,B,B,A,B,B,B,B
UNC24634560,B,B,B,B,A,A,B,A
UNC24635413,A,A,B,A,B,B,B,A
UNC24635752,B,B,B,A,B,A,B,B
UNC141527511,A,A,B,B,B,-,B,B
JAX00388276,B,B,B,B,B,A,B,A
UNC24636371,B,B,B,B,B,A,B,A
JAX00388278,A,A,A,A,A,B,A,B
UNC24636840,A,A,A,A,A,B,A,B
UNC24637598,A,A,A,B,A,A,A,A
UNC24638015,B,B,B,B,B,A,B,B
UNC24639335,A,A,A,A,A,B,A,B
UNC24639403,A,A,B,A,A,A,B,A
UNC24639795,A,A,B,A,B,B,B,B
UNC140313528,A,A,B,A,B,A,B,B
UNC24640516,B,B,A,B,B,B,A,A
UNC24641105,B,B,B,B,A,B,B,B
UNC24641586,B,B,B,B,B,B,B,A
UNC24642054,B,B,B,B,A,A,B,B
UNC141203777,A,A,A,A,B,B,A,B
UNC24642503,A,A,A,A,A,A,B,B
UNC24642980,A,A,B,A,B,B,A,B
UNC24643714,B,B,B,B,B,A,B,A
JAX00388350,A,A,A,A,A,B,A,A
JAX00388351,A,A,A,A,A,A,A,B
UNC24644330,A,A,B,A,B,B,B,B
UNC24644677,B,B,B,B,B,A,B,A
UNC24645653,B,B,B,B,B,A,A,B
UNC24645914,B,B,A,B,A,A,B,A
UNC24646261,A,A,B,A,B,A,B,B
JAX00388371,A,A,A,A,A,A,A,B
UNC24646547,B,B,A,B,A,A,A,A
UNC24646928,B,B,A,B,A,A,A,B
JAX00056748,B,B,A,B,A,A,A,A
UNC24647121,B,B,A,B,A,A,A,B
JAX00388381,B,B,A,B,A,B,A,B
UNC140404543,A,A,B,A,B,A,B,B
UNC24647348,B,B,A,B,A,B,B,B
JAX00056752,B,B,A,B,A,A,A,A
JAX00056753,A,A,B,A,B,A,B,B
UNC24647509,A,A,B,A,B,A,B,B
UNC24647953,A,A,B,A,A,B,A,A
JAX00388409,A,A,A,A,A,B,A,A
UNC24648694,A,A,A,A,A,A,A,B
UNC24649530,A,A,A,A,A,B,B,B
JAX00205666,B,B,B,B,B,A,A,A
JAX00388436,A,A,A,A,A,B,B,B
JAX00388437,A,A,A,A,A,A,B,B
UNC24650462,B,B,B,B,B,A,A,A
UNC24650894,B,B,B,B,B,A,B,A
JAX00388466,A,A,A,A,A,B,B,B
UNC24651274,A,A,A,A,A,B,B,A
UNC24652079,B,B,B,B,B,A,A,A
backupUNC141211676,B,B,B,B,B,A,A,A
JAX00388486,B,B,B,B,B,A,B,A
UNC24652607,B,B,B,B,B,B,B,A
UNC24652614,A,A,A,A,A,A,B,A
JAX00388506,A,A,A,A,A,B,A,B
UNC24652680,B,B,B,B,B,A,B,A
UNC24653014,A,A,A,A,A,B,A,B
UNC24653796,A,A,A,A,A,B,B,B
UNC24654161,B,B,-,B,B,A,B,B
UNC24654302,B,B,A,B,B,A,A,B
JAX00056813,A,A,B,A,A,B,A,A
JAX00388549,B,B,A,B,B,A,B,A
UNC24655302,B,B,B,B,B,A,B,A
UNC24655685,A,A,B,A,A,B,A,B
UNC24656235,B,B,A,B,B,A,B,A
UNC24656741,B,B,A,B,B,A,A,A
UNC140316185,A,A,B,A,A,B,B,B
UNC24657323,A,A,A,A,A,B,B,A
JAX00056829,A,A,B,A,A,A,A,A
UNC24657914,A,A,B,A,A,B,A,A
UNC24658414,A,A,B,A,A,B,B,B
UNC24658807,A,A,A,A,A,A,A,B
UNC24659289,B,B,A,B,B,A,B,B
UNC24660467,A,A,B,A,A,B,A,A
UNC24660708,A,A,B,A,A,B,B,B
UNC24661597,B,B,B,B,B,B,B,A
JAX00056856,B,B,A,B,B,A,A,A
UNC24662086,B,B,A,B,B,A,B,B
UNC24663049,B,B,B,B,B,A,A,A
JAX00388665,A,A,B,A,A,B,A,A
UNC24663787,B,B,A,B,B,A,A,B
JAX00056867,B,B,A,B,B,A,A,B
UNC24664186,A,A,B,A,A,B,B,B
JAX00388694,B,B,-,B,B,A,B,B
JAX00388702,B,B,A,B,B,A,B,A
UNC24665155,B,B,A,A,B,B,B,B
JAX00388714,A,A,A,A,A,B,A,A
UNC24665314,B,B,A,A,B,A,B,B
UNC24665633,A,A,B,B,A,B,B,B
UNC24665855,A,A,B,B,A,B,A,B
UNC140321863,A,A,B,B,A,B,B,A
UNC24666439,B,B,B,B,B,A,B,A
UNC24666738,A,A,B,B,A,A,A,A
JAX00388765,A,A,A,A,A,B,A,A
JAX00388768,B,B,B,B,B,A,B,A
UNC24666888,A,A,A,A,A,B,A,A
UNC24667076,B,B,B,B,B,A,B,A
UNC24667140,A,A,A,A,A,-,A,B
UNC24667266,B,B,B,B,B,A,B,A
UNC24667358,A,A,A,A,A,B,A,A
UNC24667560,B,B,B,B,B,A,B,A
JAX00388792,B,B,B,B,B,A,B,A
UNC24667720,B,B,B,B,B,A,B,A
UNC24668230,A,A,B,B,A,B,B,A
UNC140580653,B,A,-,-,B,A,B,B
UNC24668556,B,A,A,A,A,B,B,B
UNC24668986,A,A,B,B,A,B,A,B
JAX00388855,A,A,B,B,A,A,A,A
UNC24669372,B,A,B,B,A,A,B,A
JAX00388868,B,A,B,B,A,A,A,A
UNC24669664,B,A,B,B,A,B,A,A
UNC24669994,B,B,A,A,B,A,A,B
UNC24670207,B,A,B,B,A,A,B,A
UNC24670477,B,A,A,A,A,B,A,B
UNC24670575,B,B,B,B,B,B,A,B
UNC24670937,A,B,A,A,B,B,A,A
UNC24671083,B,A,B,B,A,B,B,B
UNC24671293,B,A,B,B,A,A,B,A
UNC24671517,A,B,A,A,B,B,A,B
UNC140323139,B,A,B,B,A,A,B,A
UNC24671777,A,B,B,B,B,B,A,B
UNC24671888,B,A,B,B,A,A,B,B
UNC24672024,A,A,B,B,A,B,A,B
UNC24672301,B,B,B,B,B,A,B,A
UNC24672611,A,A,A,A,A,B,A,A
UNC24672839,A,A,B,B,A,B,A,B
UNC24673088,A,A,A,A,A,B,A,B
UNC24673250,A,A,B,B,A,A,A,A
UNC24673606,A,A,B,B,A,B,A,B
UNC24673721,A,A,B,B,A,B,A,A
JAX00388973,A,A,A,A,A,B,A,B
UNC24673915,A,A,B,B,A,B,A,B
JAX00388989,A,A,A,A,A,A,A,B
UNC24674294,A,A,B,B,A,B,A,A
UNC24674664,A,A,B,B,A,B,A,B
UNC24674801,B,B,A,B,B,A,B,B
JAX00056947,B,B,A,B,B,B,B,A
JAX00389030,B,B,B,B,B,A,B,B
UNC24675940,A,A,B,A,A,A,A,B
UNC24676691,B,B,A,B,B,A,B,A
UNC24677409,B,A,A,A,A,A,B,A
JAX00056961,A,A,A,A,A,A,A,B
UNC24677830,B,B,B,B,B,A,B,A
JAX00389074,B,B,B,B,B,A,B,A
UNC24678792,A,B,B,B,B,A,A,A
JAX00056978,A,B,A,B,B,A,A,A
UNC24679491,B,A,B,A,A,A,B,B
UNC140324472,A,B,A,B,B,A,A,A
JAX00389094,B,B,B,B,B,B,B,A
JAX00056980,A,B,A,B,B,A,A,A
UNC24679660,B,A,B,A,A,B,B,A
JAX00389106,B,A,B,A,A,A,B,A
UNC24680092,A,B,B,B,B,A,A,B
JAX00056990,B,A,B,A,A,B,B,A
UNC24681366,B,A,A,A,A,A,B,A
UNC24682517,B,B,B,A,B,B,B,B
UNC24682822,A,B,A,B,B,B,A,A
JAX00057006,B,B,B,B,B,A,B,B
JAX00057008,A,B,A,B,B,B,A,B
UNC24684028,A,B,A,B,B,A,A,B
JAX00389172,B,B,A,B,B,B,B,B
UNC24684985,B,B,B,B,B,A,A,A
UNC24686154,A,A,B,A,A,B,B,A
UNC24686776,A,A,B,A,A,B,A,B
UNC24687791,B,B,A,B,B,A,A,A
UNC24689018,B,B,A,B,B,B,A,B
UNC24689983,A,A,B,A,A,B,B,A
JAX00389230,A,A,B,A,A,B,B,B
JAX00389236,B,B,A,B,B,A,A,A
JAX00389237,B,B,B,B,B,A,B,B
JAX00057045,B,B,A,B,B,A,A,A
UNC24691401,B,B,B,B,B,B,A,B
JAX00389252,B,B,A,B,B,B,A,A
UNC24692519,B,B,A,B,B,A,A,A
JAX00057060,A,A,B,A,A,B,B,B
UNC24693879,A,A,B,A,A,B,B,B
JAX00057061,A,A,B,A,A,A,B,B
UNC24694816,B,B,A,B,B,B,A,A
JAX00057072,B,B,B,B,B,A,A,A
UNC24696776,A,A,A,A,A,B,B,A
UNC24697519,B,B,B,B,B,A,A,A
UNC140330396,B,B,A,B,B,-,A,A
JAX00389340,B,B,B,B,B,B,A,A
UNC24700074,A,A,B,A,A,A,B,B
UNC140330470,B,B,A,B,B,A,A,A
JAX00389354,B,B,B,B,B,A,B,B
JAX00389356,A,A,A,A,A,B,A,A
JAX00057101,A,A,B,A,A,A,B,B
UNC24700412,B,B,A,B,B,A,A,A
UNC24702108,A,A,A,A,A,B,A,B
UNC24702734,B,B,A,B,B,A,B,A
UNC24703701,B,B,B,B,B,B,A,B
UNC140331259,B,B,A,B,B,A,B,A
UNC24704223,A,A,A,A,A,B,A,A
JAX00057129,B,B,B,B,B,A,B,B
UNC24705515,B,B,B,A,B,B,B,B
UNC24706357,A,A,A,A,A,A,A,B
JAX00389411,A,A,A,B,A,A,A,A
JAX00057138,A,A,A,B,A,B,A,A
UNC24707780,A,A,A,B,A,B,A,A
JAX00057142,B,B,B,A,B,A,A,B
UNC24710166,B,B,B,B,B,B,B,A
JAX00057154,B,B,B,A,B,A,A,B
JAX00389434,B,B,B,B,B,A,B,B
JAX00057157,A,A,A,B,A,B,A,A
JAX00389439,A,A,A,B,A,A,A,A
UNC24711773,B,B,B,A,B,B,B,B
JAX00389448,B,B,B,A,B,A,B,B
UNC24712818,A,A,A,B,A,B,A,A
JAX00057167,B,B,B,A,B,A,A,A
JAX00205788,A,A,A,B,A,B,A,A
UNC141251817,B,B,B,A,B,A,A,A
UNC24714032,B,B,B,A,B,A,B,B
JAX00205791,B,B,B,A,B,A,B,B
UNC24715243,B,B,B,A,B,A,A,A
UNC24716075,A,A,A,B,A,B,A,B
UNC24716918,A,A,A,B,A,A,A,B
JAX00057185,B,B,B,A,B,B,B,B
JAX00389492,A,A,A,A,A,A,A,B
JAX00389494,B,B,B,B,B,B,B,A
UNC24718413,A,A,A,B,A,B,B,B
backupJAX00389503,B,B,B,A,B,A,B,A
JAX00389515,A,A,A,B,A,B,A,A
UNC24720244,B,B,B,A,B,A,B,B
JAX00389524,B,B,B,A,B,A,B,B
UNC24721477,B,B,B,A,B,A,B,A
UNC24722669,B,B,A,A,B,A,A,B
UNC24723835,A,A,B,B,A,A,B,B
UNC24726053,B,B,A,A,B,B,B,A
JAX00389579,B,B,A,A,B,A,B,A
UNC24727338,A,A,B,B,A,B,A,B
JAX00057233,B,B,A,A,B,A,B,B
UNC24728981,A,A,B,B,A,B,A,A
UNC24730384,B,B,B,B,B,B,B,A
UNC24731628,B,B,A,A,B,A,A,A
UNC24732508,A,A,B,B,A,A,A,A
JAX00389659,A,A,A,A,A,B,A,A
UNC24733856,A,A,B,A,A,A,A,A
UNC24735038,B,B,A,A,B,A,B,B
JAX00057265,A,A,B,B,A,B,A,A
UNC24736512,A,A,B,B,A,B,B,A
UNC24737796,B,B,A,A,B,A,A,A
backupUNC140342296,B,B,A,A,B,A,B,A
JAX00389707,B,B,B,B,B,B,B,A
UNC24739490,A,A,B,B,A,A,A,B
JAX00057281,B,B,A,A,B,B,B,B
UNC24740939,A,A,B,B,A,B,A,B
UNC24742139,A,A,B,B,A,B,A,B
UNC24743148,A,A,B,B,A,B,B,A
JAX00057292,A,A,B,B,A,B,A,A
JAX00389739,B,B,B,B,B,B,B,A
UNC24745422,B,B,A,A,B,B,B,B
UNC24745438,B,B,A,A,B,B,B,B
UNC24745443,A,A,B,B,A,B,A,A
UNC24745448,A,A,B,B,A,B,A,B
UNC24745468,A,A,B,B,A,B,A,A
UNC24745478,A,A,B,B,A,B,A,A
UNC24745499,B,B,A,A,B,B,B,B
UNC24745510,A,A,A,A,A,B,A,A
UNC24745515,B,B,A,A,B,B,B,B
UNC24745533,A,A,A,A,A,A,A,B
UNC24745551,A,A,B,B,A,B,A,A
UNC24745562,A,A,B,B,A,B,A,A
UNC24745569,A,A,B,B,A,B,A,A
UNC24745584,B,B,B,B,B,A,B,B
UNC24745589,A,A,A,A,A,A,A,B
UNC24745611,A,A,B,B,A,B,A,A
UNC24745631,A,A,B,B,A,B,A,A
UNC24745694,B,B,A,A,B,B,B,B
UNC24745708,A,A,A,A,A,A,B,A
JAX00389749,A,A,A,A,A,B,A,A
UNC24746612,A,A,B,B,A,B,A,B
UNC24748620,A,A,B,B,A,B,A,A
JAX00057324,B,B,A,A,B,B,B,B
JAX00389778,A,A,-,-,A,B,A,A
JAX00389796,B,B,A,A,B,A,B,A
UNC24753810,B,B,A,A,B,B,A,A
JAX00389808,A,A,A,A,A,B,A,A
JAX00389813,A,A,B,B,B,B,B,B
JAX00389818,B,B,A,A,A,B,B,B
UNC24755844,A,B,A,A,A,A,A,A
UNC24757659,A,A,B,B,B,B,A,A
JAX00057360,B,B,A,A,A,A,A,B
UNC24760625,A,B,A,B,B,A,A,A
JAX00057375,B,A,B,B,B,B,B,B
UNC24762979,A,B,A,A,A,B,A,B
JAX00389882,A,B,A,A,A,A,A,B
backupJAX00057379,A,B,A,B,B,A,B,B
UNC24763945,A,A,A,B,B,B,B,A
JAX00389912,B,A,A,B,B,B,B,A
backupUNC140683413,A,A,A,A,A,B,B,B
UNC24767577,B,A,A,B,B,B,A,A
UNC24769904,B,A,B,B,B,B,B,B
UNC24773001,B,A,B,B,B,A,A,A
JAX00390015,A,A,B,A,A,A,A,A
JAX00390036,A,A,A,A,A,A,B,A
UNC24775248,B,B,A,B,B,A,A,B
UNC24778440,A,B,B,A,A,B,A,B
UNC24779729,B,B,B,B,A,B,B,B
UNC24780108,B,B,B,B,B,B,A,A
UNC24780134,A,A,A,A,A,B,A,A
UNC24780147,B,B,B,B,B,A,B,B
UNC24780161,A,A,A,A,A,B,A,A
UNC24780168,A,A,A,A,A,B,A,A
UNC24780175,A,A,A,A,A,B,A,A
UNC24780193,B,B,B,B,B,A,B,B
UNC24780216,A,A,A,A,A,B,A,A
UNC24780252,B,B,B,B,B,A,B,B
UNC24780279,A,A,A,A,A,B,A,A
UNC140359623,A,A,B,A,A,B,A,B
UNC24780472,A,A,A,A,A,B,B,A
UNC24780500,B,B,B,B,B,A,A,B
UNC24780522,B,B,B,B,B,A,A,B
UNC24780577,B,B,B,B,B,A,A,B
UNC24780695,B,B,A,B,B,A,A,A
JAX00390089,B,B,B,B,B,A,A,B
UNC24781197,A,A,B,A,A,A,A,A
UNC24782419,B,B,B,B,B,B,B,A
JAX00390105,B,B,B,B,B,A,B,B
UNC24782799,A,A,A,A,A,B,A,A
UNC24783683,B,B,A,B,B,B,B,B
UNC24784226,A,A,A,A,A,B,B,B
JAX00390137,B,B,B,B,B,B,A,B
UNC24784783,A,A,A,A,A,B,B,A
UNC24785250,B,B,B,B,B,A,A,A
UNC24785898,B,B,B,B,B,A,B,B
JAX00057512,B,B,B,B,B,A,A,A
UNC24787256,B,B,B,B,B,A,A,A
UNC24787594,A,A,A,A,A,B,B,A
UNC24788702,A,A,A,B,A,B,B,B
UNC24789164,A,A,A,B,A,B,A,B
JAX00390193,A,A,A,B,A,A,B,B
UNC24790602,B,B,B,B,B,A,A,A
UNC24791524,A,A,A,B,A,B,B,B
UNC24792632,A,A,A,B,A,B,B,A
JAX00390237,B,B,B,B,B,A,A,B
UNC24793472,A,A,A,B,A,B,B,B
UNC24793660,A,A,A,B,A,B,A,B
UNC24794428,A,A,A,A,A,B,A,A
UNC24795303,B,B,B,A,B,A,A,A
UNC24796324,A,A,A,A,A,B,A,B
UNC24796738,A,A,A,B,A,B,B,B
UNC141283703,A,A,A,A,A,B,B,B
UNC24798429,A,A,A,A,A,B,B,B
UNC24799246,B,B,B,A,B,A,A,B
UNC24799652,B,B,B,A,B,A,A,A
UNC24801073,A,A,A,B,A,-,A,A
UNC24801939,B,B,B,A,B,A,A,A
backupUNC141286940,B,B,B,A,B,A,B,A
UNC24803193,B,B,B,A,B,B,A,B
UNC24803748,A,A,A,A,A,B,B,B
UNC24804634,B,B,B,A,B,A,A,A
UNC141289118,A,A,A,B,A,B,B,A
UNC24806187,B,B,B,A,B,A,A,A
UNC24807006,A,A,A,A,A,A,B,B
UNC24808140,B,B,B,B,B,A,A,A
UNC24809619,A,A,A,A,A,B,B,A
UNC24810410,A,A,A,A,A,B,B,A
UNC24811263,B,B,B,B,B,A,B,A
JAX00057646,A,A,A,A,A,B,B,B
UNC24812995,B,B,B,B,B,A,A,A
UNC24813761,B,B,B,B,B,A,A,A
UNC24814730,A,A,A,A,A,B,B,B
UNC24815642,B,B,B,B,B,A,A,B
UNC24816779,A,A,A,A,A,B,A,A
UNC24818027,B,B,B,B,B,A,A,A
UNC24818444,A,A,A,A,A,B,B,B
UNC24819031,B,A,B,B,B,A,A,B
UNC140360310,B,A,B,B,B,-,B,B
UNC24820169,A,A,A,A,B,B,B,A
UNC24820926,A,A,A,A,B,A,B,A
UNC24821354,A,A,A,A,A,A,A,B
UNC24822099,B,B,B,B,B,A,A,B
UNC24822483,B,A,B,B,B,A,A,B
UNC140360524,A,B,A,A,A,A,A,A
UNC24824048,A,A,A,A,B,A,A,A
UNC24824682,A,A,A,A,A,B,A,A
UNC24826283,A,A,A,A,A,B,B,A
UNC24827036,B,A,B,B,B,B,B,B
UNC24827884,B,B,B,B,A,B,B,B
UNC24828747,B,B,B,B,A,B,A,B
UNC24830346,A,A,A,A,B,A,A,B
UNC24831220,A,B,A,A,A,A,B,B
UNC24832518,A,B,A,A,B,A,B,B
UNC24833133,A,B,A,A,B,B,B,A
UNC24834053,A,B,A,A,A,A,A,B
JAX00390672,A,A,A,A,A,B,A,A
UNC140584601,B,A,B,B,B,A,A,A
UNC24835588,A,B,A,A,A,B,A,B
UNC24835668,B,A,B,B,B,A,A,A
backupJAX00390691,B,A,B,B,B,A,A,B
UNC24837233,B,A,B,B,B,A,A,B
UNC24837345,A,A,A,A,A,B,B,B
UNC24837697,A,B,A,A,A,B,A,A
UNC24838141,A,A,A,A,A,B,B,A
UNC24838651,B,A,B,B,A,A,A,B
UNC24839082,B,A,B,B,B,B,B,B
UNC24839411,A,A,A,A,A,B,B,B
UNC24839889,A,B,A,A,B,B,A,A
UNC24840484,B,A,B,B,A,A,B,A
UNC24840524,A,A,A,A,B,A,A,A
UNC24841011,B,A,B,B,A,A,A,B
UNC24841432,B,B,B,B,B,A,A,B
UNC24841767,A,B,A,A,B,A,B,B
UNC24842100,A,B,A,A,B,B,A,B
UNC24842412,A,A,A,A,B,B,B,B
UNC24842663,B,B,B,B,A,A,A,A
UNC24843093,A,A,A,A,A,B,A,A
UNC24843470,B,B,B,B,B,A,A,B
UNC24843685,B,B,B,B,B,A,A,B
UNC24844001,A,A,A,A,A,B,B,A
UNC24844310,A,A,A,A,B,A,A,A
UNC24844635,B,B,B,B,B,A,B,B
UNC24844965,B,B,B,B,B,A,A,B
UNC24845440,A,A,A,A,A,B,B,A
UNC24845904,A,A,A,A,A,A,A,B
UNC24846060,A,A,A,A,A,A,B,A
UNC24846415,B,B,B,B,A,A,A,A
UNC24846673,A,A,A,A,B,B,B,B
UNC24847158,B,B,B,B,B,A,B,A
UNC24847591,A,A,A,A,A,B,B,A
UNC24847968,B,B,B,B,B,A,A,A
UNC24848206,B,B,B,B,A,A,A,A
UNC_rs32609050,A,A,A,B,A,B,B,A
UNC24849100,B,B,B,B,A,A,B,A
UNC24849331,B,B,B,A,B,A,A,A
UNC24849764,B,B,B,A,B,B,B,A
UNC24850032,B,B,B,B,A,A,A,A
UNC24850414,A,A,B,B,B,A,B,A
UNC24850982,A,A,B,A,A,B,B,A
UNC24851492,B,B,A,B,B,A,A,A
UNC24851860,A,A,B,B,B,B,A,B
UNC24851972,A,A,B,A,A,B,A,A
UNC24852420,A,A,A,A,A,B,A,B
UNC24852656,B,B,B,B,A,B,B,B
UNC24853153,A,A,A,A,A,B,B,A
UNC24853594,B,B,A,A,A,A,A,A
UNC24853948,B,B,A,B,B,B,A,A
UNC140584704,A,B,B,A,B,B,B,A
UNC24854479,A,A,B,A,A,A,A,A
UNC24854883,A,A,A,A,A,B,A,A
UNC24855375,A,A,B,A,B,B,B,A
UNC24855486,B,B,B,B,B,A,A,B
UNC24856016,B,B,B,B,B,B,B,A
UNC24856413,B,B,A,B,B,B,A,B
UNC24856866,B,B,A,B,B,A,B,B
UNC24857306,B,B,B,B,A,B,B,B
UNC24857714,A,A,B,A,A,B,B,A
UNC24857909,A,A,B,A,A,A,A,A
UNC24858361,A,A,B,A,A,B,B,B
UNC24858774,A,A,B,A,A,A,B,A
UNC24859039,A,A,A,A,B,A,A,A
UNC24859316,A,A,B,A,A,B,B,A
UNC24859851,B,B,B,B,B,A,A,B
UNC24859953,B,B,A,B,A,B,A,A
backupUNC140369121,A,A,B,A,B,B,B,B
JAX00390975,A,A,A,A,A,B,A,A
UNC24860502,B,B,A,B,A,A,A,A
UNC24860748,B,B,A,B,A,B,A,B
UNC24861385,B,B,A,B,B,A,A,A
UNC24861821,A,A,B,A,A,B,A,A
UNC24862088,B,B,A,B,A,A,A,B
UNC24862724,A,A,B,A,A,B,B,A
UNC24862902,A,A,B,A,B,A,B,A
UNC24863526,B,B,A,B,B,A,A,A
UNC24863709,B,B,A,B,B,A,B,B
UNC24864269,B,B,A,B,A,A,A,A
UNC24864767,A,B,A,A,A,A,A,B
UNC24865089,B,A,A,B,B,B,A,A
UNC24865642,A,B,A,A,B,A,A,B
UNC24865951,A,A,A,A,A,B,B,A
UNC24866496,B,A,A,B,B,A,A,B
UNC24866697,A,A,B,A,B,B,B,A
UNC24867229,B,B,A,B,A,B,A,A
backupUNC141322526,B,B,B,B,A,A,B,A
UNC24867578,B,B,B,B,A,B,B,A
UNC24868119,A,A,A,A,B,B,B,B
UNC24868309,A,B,B,A,B,B,B,B
UNC24868574,A,A,A,A,B,B,A,A
UNC24868981,B,B,B,B,A,A,A,B
UNC24869359,B,B,B,B,B,A,A,A
UNC24869927,A,B,A,A,B,A,B,B
UNC24870220,A,B,A,A,B,B,B,B
backupUNC140408279,A,B,A,A,A,A,A,A
UNC24870686,B,B,A,B,B,B,A,B
UNC24871063,A,B,B,A,A,B,B,B
UNC24871283,A,B,A,A,A,A,A,A
UNC24872025,A,A,B,A,A,B,A,A
UNC24872163,B,A,A,B,A,A,A,B
UNC24872494,B,B,A,B,B,B,A,B
UNC24872768,B,B,A,B,A,B,A,B
UNC24872876,B,B,A,B,B,B,B,B
UNC24873227,B,A,B,B,A,B,B,B
UNC24873465,B,A,A,B,B,A,A,B
UNC24874018,B,B,A,B,B,B,A,B
UNC24874356,A,A,B,A,A,B,A,A
UNC24874778,A,A,B,A,B,B,B,A
UNC24875157,A,B,A,A,B,A,A,A
UNC24875323,A,A,A,A,B,B,B,B
UNC140585339,B,A,A,B,B,B,A,A
UNC24876127,A,A,A,A,A,B,A,B
UNC24876601,A,B,B,A,B,B,B,B
UNC24876844,A,A,B,A,B,B,A,B
UNC24877283,B,B,B,B,B,B,A,A
UNC24877489,A,A,A,A,B,A,A,B
UNC24878025,B,B,B,B,A,A,A,A
UNC24878162,A,A,A,A,A,B,B,B
UNC24878639,B,B,A,B,B,A,A,A
UNC24878976,B,B,B,B,A,B,A,A
UNC24879353,B,B,A,B,A,B,B,A
UNC24879547,B,B,A,B,A,A,A,A
UNC140376560,A,A,B,A,A,B,B,A
UNC24880465,B,B,A,B,A,A,A,B
UNC24880715,B,B,A,B,A,A,B,B
UNC24881138,A,A,A,A,A,B,-,A
UNC24881503,A,A,A,A,B,B,B,A
UNC24881622,B,B,A,B,A,A,A,B
UNC24882117,A,A,B,A,B,B,B,B
UNC24882405,B,B,B,B,A,A,B,B
UNC24882760,A,A,A,A,B,A,A,A
backupUNC140377111,B,B,A,B,A,B,B,A
B6_rs3710901,A,B,A,A,A,A,A,A
repB6_rs3710901,A,B,A,A,A,A,A,A
UNC24883287,B,B,A,B,A,A,A,A
UNC24883430,A,A,B,A,A,B,A,B
UNC24883733,A,A,A,A,B,B,A,A
UNC24884043,A,A,A,A,B,B,B,A
UNC24884321,B,B,B,B,A,A,A,B
UNC24884639,B,B,B,B,B,A,B,B
UNC24885025,A,A,A,A,A,B,B,A
UNC24885329,B,B,B,B,B,A,A,B
UNC24886001,B,B,B,B,B,A,A,B
UNC24886576,B,B,B,B,A,A,A,A
UNC24886982,A,B,B,A,A,B,A,B
UNC24887199,B,A,A,B,B,B,A,A
UNC24887645,A,B,B,A,B,A,A,B
UNC24887824,B,A,A,B,B,B,B,A
UNC24888654,B,A,A,B,B,B,A,B
UNC24888953,A,B,B,A,B,A,A,A
UNC24889354,A,A,A,B,A,A,B,A
UNC24889627,A,B,B,B,B,B,B,B
UNC24889963,B,B,B,B,A,A,A,B
UNC24890760,A,A,A,A,A,B,B,A
UNC24891409,B,A,A,A,B,B,B,A
UNC24891655,A,A,A,A,B,B,B,A
UNC24891953,B,B,B,B,A,A,A,A
UNC24892154,B,B,B,B,B,A,A,A
UNC24892475,B,B,B,B,B,B,A,A
UNC24892687,A,B,B,B,B,B,B,A
UNC24892900,A,B,B,B,A,A,A,B
UNC140586173,A,B,B,A,B,B,B,A
UNC24893337,A,A,B,A,A,B,B,B
UNC24893696,B,B,A,B,A,B,B,B
UNC24893984,A,A,B,A,A,B,A,A
UNC24894319,A,A,A,A,A,A,A,B
UNC24894597,A,A,A,A,B,B,A,A
UNC24894811,B,B,B,B,A,B,A,B
UNC24895063,A,A,A,A,B,B,B,A
UNC24895257,B,B,B,B,A,A,B,B
UNC24895594,B,B,B,B,A,B,A,B
UNC24895868,A,A,A,A,B,B,B,A
UNC24896250,A,A,A,A,B,B,A,B
UNC24896618,B,A,A,A,A,B,B,A
UNC24896918,A,B,B,B,A,B,B,A
UNC24897272,A,A,B,B,A,A,A,A
UNC24897885,B,B,B,B,A,B,A,B
UNC24898510,A,B,B,B,B,B,B,B
UNC24898850,A,B,B,B,A,B,B,A
UNC24899272,A,A,A,A,B,B,B,A
UNC24899664,A,A,A,A,A,B,A,B
UNC24900059,B,B,B,B,A,B,B,B
UNC24900204,B,B,B,B,A,A,A,A
UNC24900611,B,B,B,B,B,A,A,B
UNC24900784,A,A,A,A,B,A,A,B
UNC24901322,A,A,A,A,A,B,-,B
UNC24901840,B,B,A,A,B,B,A,B
UNC24902008,B,A,B,B,B,B,B,B
UNC24902502,A,A,B,B,A,B,A,A
UNC24902656,B,B,A,A,A,B,A,A
UNC24902910,B,B,B,B,B,A,A,A
UNC140378126,B,B,A,A,A,A,A,A
UNC24903574,B,B,A,A,B,A,A,B
UNC24903811,A,B,B,B,A,A,A,B
UNC24904152,A,A,A,A,A,A,B,A
UNC24904379,B,A,A,A,A,A,A,A
UNC24904959,A,B,B,B,A,A,A,B
UNC24905442,B,A,A,A,A,B,B,B
UNC24905970,A,B,B,B,A,B,B,A
UNC24906201,A,B,B,B,B,A,A,A
UNC24906708,B,B,B,B,B,A,B,B
UNC24907133,A,A,A,A,A,B,B,A
UNC24907279,A,A,B,B,A,B,A,B
UNC24907959,B,B,B,B,A,B,A,A
UNC24908261,A,B,B,B,B,B,A,A
UNC24908746,B,B,B,B,B,A,A,A
UNC24909054,A,A,A,A,A,A,B,A
UNC24909850,A,B,B,B,A,A,A,A
UNC24910051,A,A,A,A,B,B,A,A
UNC140378710,B,A,B,B,A,B,B,B
UNC24910435,B,A,A,A,A,B,B,A
UNC24911161,B,B,B,B,A,A,A,A
UNC24911982,B,B,A,A,A,B,A,B
UNC24912308,A,B,B,B,B,A,A,A
UNC24912949,A,B,B,B,A,B,A,B
UNC24913816,A,A,B,B,A,A,B,B
UNC24914177,B,B,A,A,B,A,A,B
UNC24915195,A,B,B,B,A,A,A,B
UNC24917017,A,B,A,A,B,B,A,B
backupUNC140589529,B,A,A,A,A,B,A,B
UNC24921731,A,B,B,B,A,A,B,A
UNC24924337,A,B,B,B,B,A,A,B
backupUNC140380717,A,B,A,A,B,B,B,B
UNC24924816,B,A,B,B,A,B,A,A
UNC24925969,A,A,B,A,B,B,B,B
UNC24926099,B,B,A,B,B,B,A,A
backupUNC140381058,B,B,A,B,A,A,B,A
UNC24926752,B,B,A,B,B,A,A,B
UNC24927660,B,B,B,B,A,A,A,A
UNC24928446,B,B,B,B,A,B,A,B
JAX00058193,A,A,A,A,B,B,B,A
UNC24929167,A,A,A,A,B,B,A,A
UNC24929445,B,B,B,B,A,A,A,A
UNC24930227,A,A,B,A,B,B,A,B
UNC24931474,A,B,A,B,A,B,B,A
backupUNC140381698,A,B,A,B,A,B,B,B
UNC24932223,A,B,A,B,B,A,A,B
UNC24933570,A,B,A,B,B,B,A,A
UNC24934004,B,B,B,B,A,A,B,A
UNC24934543,B,A,A,A,A,B,A,B
UNC24935344,A,A,B,A,A,A,A,A
backupUNC140590483,A,B,B,B,A,A,B,A
UNC24935808,A,B,B,B,A,B,A,B
UNC24936745,A,A,A,A,A,B,B,A
UNC24937354,B,B,B,B,A,B,A,A
JAX00058274,A,B,B,B,B,A,A,B
UNC24937909,A,A,B,A,A,A,A,A
UNC24938374,B,B,B,B,A,A,B,B
UNC24938796,A,B,A,B,A,A,A,A
UNC24939534,A,A,A,A,A,B,B,A
UNC140382589,B,A,B,A,B,-,B,-
UNC24940559,B,A,A,A,A,A,A,A
UNC24941217,A,A,A,A,B,B,B,B
UNC24941962,B,A,B,A,B,B,B,B
UNC24941995,A,B,A,B,B,B,B,B
UNC24942028,A,A,A,A,A,B,A,A
UNC24942178,A,A,A,B,B,B,A,B
UNC24942303,B,B,B,B,B,A,B,B
UNC24942429,B,A,B,B,B,B,B,B
UNC24942560,B,B,B,A,A,A,A,A
UNC24942598,B,B,B,A,B,B,B,B
UNC141355285,B,B,B,A,A,A,A,A
UNC24942649,A,A,A,B,B,A,A,A
UNC24942873,A,A,A,A,A,A,B,A
UNC24942977,A,A,A,A,A,B,A,B
UNC24943040,B,B,B,A,A,A,A,A
