# Founder genotypes (A/B/-) for MegaMUGA chromosome 12
# nrow 3262
# ncol  9 
marker,A,B,C,D,E,F,G,H
JAX00032639,A,A,A,A,A,B,A,A
UNC120000218,B,B,A,B,A,A,A,B
UNC20544708,A,A,A,A,B,B,B,B
JAX00199655,B,B,B,B,B,A,A,B
UNC120000271,B,B,A,B,A,B,B,A
JAX00323996,B,B,A,B,B,A,A,B
UNC20547528,A,A,B,A,A,A,B,A
UNC20547890,B,B,A,B,B,A,A,B
UNC20549033,A,A,A,A,B,A,A,A
UNC20549832,A,A,A,A,A,B,B,B
backupUNC120343260,B,A,A,A,B,B,B,A
JAX00032702,A,A,A,A,A,B,B,A
UNC20551212,B,B,B,B,B,A,B,B
UNC20551760,A,A,A,A,A,B,B,A
UNC20552681,B,B,B,B,B,A,A,A
UNC20553149,A,A,A,A,A,B,A,A
JAX00324115,A,A,A,A,A,B,B,A
UNC120617581,A,A,A,A,B,B,A,B
JAX00324118,B,B,B,B,B,A,A,A
UNC20553693,A,A,A,A,B,B,B,B
UNC20554359,A,A,A,A,A,B,B,A
UNC20554847,A,A,A,A,A,B,B,B
UNC20555752,A,A,A,A,A,B,B,B
UNC20556352,B,B,B,B,B,A,B,A
backupJAX00032746,B,B,B,B,B,A,A,A
UNC20556847,A,A,A,A,A,B,B,A
UNC20557642,A,A,A,A,A,B,B,B
UNC20558531,B,B,B,B,B,A,A,A
UNC20559176,A,A,A,A,A,B,A,B
UNC20559589,A,A,A,A,A,B,B,A
UNC20560330,A,A,A,A,A,B,B,B
UNC20560999,A,B,B,B,B,B,B,B
UNC20561450,A,B,B,B,B,A,A,A
UNC20562328,A,B,B,B,B,A,B,A
CEAJAX00324318,B,A,A,A,A,B,B,B
UNC120343709,B,A,A,A,A,B,B,B
UNC20563815,B,A,A,A,A,B,B,B
UNC20564739,A,A,A,A,A,B,B,B
UNC20565224,B,B,A,A,A,B,B,B
UNC120000974,A,A,B,B,B,A,A,B
UNC20565755,A,A,A,A,A,B,A,A
UNC20566467,A,B,B,B,B,A,A,B
UNC20566917,B,A,A,A,A,B,B,B
UNC20567266,A,A,A,A,A,B,B,B
UNC20567881,B,B,B,B,B,A,B,B
B6_rs29158719,B,A,B,B,B,B,B,B
JAX00324444,B,B,B,B,B,A,B,B
UNC20568907,A,A,A,A,A,B,B,A
JAX00324446,A,A,A,A,A,B,B,A
UNC20569179,B,A,A,A,A,B,B,B
JAX00324450,B,B,B,B,B,A,B,B
JAX00324457,B,B,B,B,B,A,B,B
UNC20569724,B,B,B,B,B,A,A,B
UNC20570152,B,B,B,B,B,B,A,A
UNC120575179,A,A,A,A,A,B,B,B
JAX00324477,A,A,A,A,A,A,B,A
UNC20570601,A,A,A,A,A,B,B,B
UNC20571214,A,A,A,A,A,B,B,B
UNC20571445,A,A,A,A,A,B,B,A
JAX00324521,B,B,B,B,B,A,A,B
JAX00032868,B,B,B,B,B,A,A,B
UNC20571929,A,B,B,B,B,B,A,A
UNC20572554,A,B,B,B,B,A,A,A
UNC20573688,A,B,B,B,B,A,A,A
UNC20573991,B,A,A,A,A,A,A,B
UNC120345124,B,A,A,A,A,B,B,A
UNC20575242,B,A,A,A,A,B,B,B
UNC20575747,B,B,B,B,B,A,A,A
UNC20576165,A,B,B,B,B,A,A,A
UNC20576704,B,B,B,B,B,A,A,B
UNC20577042,B,B,B,B,B,A,B,A
UNC20578215,B,B,B,B,B,A,A,A
UNC20578807,A,B,B,B,B,B,B,B
UNC20579155,B,B,B,B,B,A,A,B
UNC20580229,A,A,A,A,A,B,B,B
UNC20580800,A,A,A,A,A,B,A,A
JAX00324775,A,A,A,A,A,B,B,B
UNC20581067,B,A,A,A,A,A,-,A
UNC20582011,A,A,A,A,A,B,B,A
UNC20582615,A,B,B,B,B,A,A,A
UNC20583206,B,A,A,A,A,B,B,B
UNC20584055,B,B,B,B,B,A,B,A
UNC20584895,B,B,B,B,B,A,A,A
UNC20585373,A,B,B,B,B,B,B,A
UNC120345621,B,A,A,A,A,B,B,B
JAX00324880,B,B,B,B,B,A,A,B
UNC20586263,A,B,B,B,B,A,A,B
UNC20586746,B,A,A,A,A,B,B,B
UNC20587427,A,B,B,B,B,B,A,B
UNC20588524,A,B,B,B,A,A,A,A
JAX00324975,B,A,A,A,B,B,B,A
backupUNC120346225,A,B,B,B,A,A,A,B
UNC20588948,A,B,B,B,A,B,B,A
JAX00324986,A,B,B,B,A,B,B,A
JAX00324994,A,B,B,B,A,B,B,A
JAX00324995,B,B,B,B,B,A,B,B
UNC20589634,A,B,B,B,A,A,A,B
UNC20589906,B,B,B,B,A,B,B,B
UNC20590943,A,A,A,A,A,B,A,A
UNC20591727,A,B,B,B,A,A,A,A
UNC20592554,B,B,B,B,B,A,A,B
UNC20593263,B,A,A,A,B,B,B,A
backupUNC120346593,A,B,B,B,B,A,A,B
JAX00325045,A,B,B,B,A,A,A,B
JAX00325046,A,A,A,A,A,A,B,A
UNC20594325,A,A,A,A,B,B,B,A
JAX00325070,B,A,A,A,B,A,A,B
backupUNC120347016,A,B,B,B,A,A,B,A
UNC20595067,B,A,A,A,B,A,B,B
UNC20595628,B,A,A,A,B,B,A,B
UNC20596597,A,A,A,A,A,A,A,B
UNC20596795,B,B,B,B,B,B,A,B
UNC20597134,B,A,A,A,A,B,B,B
UNC20597328,B,B,B,B,B,A,B,B
UNC20598056,A,A,A,A,B,A,A,A
JAX00033054,B,B,B,B,B,A,A,A
UNC20599638,B,B,B,B,B,A,A,B
UNC20600326,B,B,B,B,B,A,A,A
JAX00325144,B,B,B,B,B,A,A,A
JAX00033064,B,B,B,B,B,B,A,B
JAX00325157,B,B,B,B,B,A,A,A
UNC20601450,B,A,A,A,A,B,B,B
UNC120347469,A,B,B,B,B,B,A,A
UNC20601730,A,B,B,B,B,B,A,A
JAX00325168,A,B,B,B,B,B,B,B
UNC20602818,B,A,A,A,A,B,B,B
JAX00325204,B,B,B,B,B,A,A,A
UNC20603601,A,B,B,B,B,A,B,B
UNC20604170,A,B,B,B,B,B,B,A
JAX00325226,A,B,B,B,B,B,B,A
UNC20604636,B,A,A,A,A,B,B,B
JAX00325236,A,B,B,B,B,B,A,A
JAX00325248,B,B,B,B,B,A,B,B
UNC20605515,A,B,A,A,B,B,A,A
UNC120001653,A,B,A,A,B,A,B,A
UNC20605938,A,B,B,B,B,A,A,A
UNC20606303,B,B,A,A,B,B,B,A
UNC20606837,A,A,B,B,A,B,B,A
UNC20607704,B,B,B,A,A,A,B,B
UNC20608503,B,A,A,B,B,A,A,A
backupUNC120348716,A,B,B,A,A,A,A,B
UNC20608961,A,A,A,B,B,B,B,B
UNC20609242,A,A,A,A,A,B,B,B
UNC20609427,B,B,B,B,B,A,B,B
JAX00033129,B,B,A,A,B,A,A,A
UNC20609739,A,A,B,B,A,A,A,B
UNC20609857,A,A,A,A,A,B,B,B
UNC20610097,B,B,B,B,B,A,A,B
UNC20610302,B,B,B,B,B,A,B,B
UNC20610436,A,A,A,A,A,B,B,B
UNC20610547,B,B,A,A,B,B,B,B
UNC20610771,B,A,B,B,B,B,A,B
UNC20610884,B,B,A,A,B,B,B,B
UNC20611071,A,A,A,A,A,A,A,B
JAX00033140,A,B,A,A,A,B,B,B
UNC20611188,A,B,A,A,A,A,A,A
UNC20611323,A,B,A,A,A,B,B,B
UNC20611420,B,B,B,B,B,B,A,B
UNC20611641,A,B,A,A,A,B,B,A
UNC20611785,A,B,A,A,A,B,B,B
JAX00325350,B,B,B,B,B,B,B,A
JAX00033145,B,A,B,B,B,A,A,B
UNC20612005,A,B,A,A,A,A,B,A
UNC20612104,B,B,A,A,B,B,B,B
UNC20612263,A,B,A,A,A,A,A,A
UNC20612513,B,A,A,A,B,A,A,B
JAX00325355,B,B,B,B,B,A,B,B
UNC20612588,A,A,B,B,A,A,A,B
UNC20612779,A,B,A,A,A,A,B,A
UNC20613001,B,B,B,B,B,B,B,A
UNC20613163,B,A,B,B,B,B,B,B
UNC20613238,B,A,B,B,B,A,A,B
UNC20613367,B,B,A,A,B,B,B,A
UNC20613601,B,A,B,B,B,B,A,B
UNC20613689,B,B,B,B,B,B,B,A
UNC20613793,B,A,B,B,B,B,B,B
UNC20614013,A,B,A,A,A,B,B,B
UNC20614177,B,A,B,B,B,A,A,B
JAX00033161,A,B,A,A,A,A,A,A
UNC20614630,A,A,B,B,A,A,A,A
JAX00325386,B,B,B,B,B,B,B,A
UNC20614824,A,B,A,A,A,B,B,B
UNC20615053,B,B,A,A,B,B,B,B
UNC20615249,B,B,B,B,B,A,A,B
UNC20615408,A,B,A,B,A,B,B,A
UNC20615538,A,A,A,B,A,B,B,B
UNC20615680,A,A,A,A,A,B,A,A
UNC20615812,B,B,B,B,B,A,A,B
JAX00325404,A,A,A,A,A,B,A,A
UNC20615959,A,B,A,A,B,B,B,A
UNC20616110,A,A,A,A,A,B,A,A
UNC20616342,B,A,B,B,B,B,B,B
UNC20616517,B,A,B,B,A,A,A,B
UNC20616578,B,B,B,B,A,B,B,B
JAX00033177,A,B,A,B,A,B,B,A
JAX00325417,A,A,A,A,A,A,B,A
UNC20616787,A,A,A,A,A,B,A,A
UNC20616895,A,B,A,B,A,A,A,A
UNC20617216,A,A,A,B,A,B,B,B
UNC120650885,B,B,B,A,B,A,A,A
UNC20617407,A,B,B,B,B,B,B,A
UNC20617558,A,A,A,A,A,B,B,A
UNC20617755,A,B,B,A,B,A,B,A
UNC20617903,A,B,B,A,B,B,A,A
UNC20618082,B,A,A,B,A,A,B,B
UNC20618458,A,B,B,A,B,B,A,A
JAX00033184,B,A,A,B,A,A,A,B
UNC20618622,B,A,A,B,A,B,A,B
UNC20618852,B,A,A,B,A,A,B,B
UNC20618988,B,B,B,A,B,B,B,B
JAX00033198,B,B,B,A,A,B,B,A
UNC20621151,B,A,B,A,B,A,A,A
UNC20622163,A,B,B,A,A,A,B,A
UNC20622785,A,B,B,A,A,B,A,A
JAX00325494,A,A,A,B,A,A,A,A
UNC20623452,A,B,A,B,A,B,B,A
UNC20624337,A,A,B,B,B,B,B,A
JAX00033222,A,A,B,B,B,A,A,A
UNC20625512,A,B,B,B,B,A,A,B
UNC20626133,B,B,B,B,A,B,B,B
JAX00325548,B,B,B,B,B,B,A,B
JAX00325551,A,A,A,B,A,A,A,A
UNC120350890,A,B,B,A,A,A,-,A
UNC20627256,B,B,B,B,B,A,B,A
JAX00325564,B,B,B,B,B,A,B,B
UNC20627907,B,B,B,A,A,A,A,A
backupUNC120005635,A,B,A,B,B,A,A,A
UNC20629691,B,A,A,B,A,A,A,A
JAX00325605,B,A,A,B,A,B,B,A
UNC20630505,B,A,A,B,A,B,B,A
JAX00033263,B,A,A,B,A,B,B,A
UNC20631117,B,B,B,B,A,B,B,B
JAX00033265,A,B,B,A,B,A,A,B
JAX00325652,B,B,B,A,B,B,B,A
UNC20632983,B,B,B,A,B,A,B,A
backupUNC120488539,B,B,B,A,B,A,A,A
UNC20633466,A,B,A,B,A,A,A,A
JAX00325691,B,B,B,B,B,A,A,B
UNC20635327,B,A,B,B,A,B,A,A
backupJAX00033291,B,B,A,A,B,A,A,B
UNC20636780,A,B,A,A,B,B,A,A
UNC20637838,B,B,A,A,A,B,B,B
UNC20638862,B,B,A,B,A,A,A,B
UNC20639168,A,B,A,B,A,A,A,A
UNC20640456,A,B,B,A,B,A,B,B
UNC20641597,B,A,A,B,B,A,B,B
UNC20643304,A,A,A,B,B,B,A,A
JAX00325917,A,B,A,B,B,B,B,B
UNC20644033,B,A,B,A,A,B,B,A
backupUNC120008313,A,B,A,B,B,B,A,B
UNC20644706,A,B,A,A,A,B,B,A
UNC20647170,A,A,B,B,B,B,B,A
JAX00326005,A,B,B,A,B,A,A,A
UNC20648013,A,A,A,B,A,B,B,B
JAX00033353,A,B,B,A,B,A,A,B
UNC20649437,B,A,A,A,A,B,B,B
UNC20650408,A,B,B,A,B,A,A,B
UNC20651821,B,A,A,B,A,B,A,B
UNC20652374,B,A,B,B,B,B,B,B
UNC120281392,B,A,B,A,B,A,A,B
UNC20653510,A,B,B,B,B,B,-,A
JAX00033377,A,B,B,B,B,A,A,B
UNC20654680,A,B,B,B,B,A,A,A
UNC120490011,A,A,A,B,A,B,B,A
UNC20655754,A,B,A,B,A,B,B,B
JAX00033388,A,B,A,B,A,B,B,B
UNC20657486,B,A,B,B,B,B,B,B
UNC20658477,B,B,B,B,B,A,A,B
UNC20659143,A,A,B,A,B,B,B,B
JAX00033410,B,B,B,B,B,A,A,B
UNC120009435,B,B,A,A,A,B,-,B
UNC20661057,A,B,A,B,A,B,B,B
UNC20662364,A,B,A,A,A,A,A,A
UNC20663136,B,B,B,B,B,A,B,B
UNC20664549,A,B,B,B,B,A,A,B
backupUNC120009543,B,B,A,B,A,A,A,A
UNC20666394,B,A,B,A,B,A,B,B
JAX00326342,A,B,A,B,A,A,A,A
UNC20667270,B,B,A,A,A,B,B,B
UNC20668348,B,A,B,A,B,A,A,B
UNC20669236,B,A,A,B,A,B,B,B
UNC20671861,B,B,B,B,B,B,B,A
backupUNC120357910,B,A,A,A,A,B,B,B
UNC20672631,B,B,B,B,B,A,A,B
UNC20673136,B,A,A,A,A,B,B,B
UNC20674287,B,A,A,B,A,B,B,A
backupUNC120679525,B,B,B,A,B,A,A,A
JAX00326447,B,B,B,B,B,B,A,B
UNC20675759,A,A,A,-,A,-,-,B
JAX00326473,B,A,A,B,A,B,B,A
UNC20677214,A,B,B,A,B,B,B,B
UNC20677779,B,A,B,A,B,A,A,B
UNC120010738,A,A,B,A,B,B,A,B
UNC20678783,B,A,A,A,A,B,B,A
UNC20679177,B,B,A,B,A,B,A,A
JAX00033520,A,B,A,B,A,B,B,A
JAX00033521,B,A,B,A,B,A,A,B
UNC20680397,B,B,B,B,B,A,A,A
UNC20681365,B,A,A,B,A,B,A,B
UNC20682489,A,B,B,A,B,B,A,A
JAX00326575,B,A,B,B,B,A,A,B
UNC120281659,A,B,A,A,A,A,A,A
UNC20684302,B,B,A,B,A,B,B,B
JAX00326600,B,B,B,B,B,A,B,B
UNC20685928,A,B,B,B,B,B,B,A
JAX00326602,B,A,A,A,A,A,A,A
UNC20686995,B,B,B,B,B,A,B,B
UNC20687101,A,A,B,B,B,A,A,A
UNC20687418,A,A,A,A,A,B,B,A
UNC20688046,B,A,B,A,B,B,B,A
UNC20688345,B,B,A,A,A,B,B,B
UNC20688471,A,A,A,A,A,A,A,B
UNC20688750,B,B,B,B,B,A,A,A
UNC20688975,A,B,A,A,A,B,A,B
UNC20689187,B,B,B,A,B,B,A,A
UNC20689500,A,A,B,A,B,B,A,A
JAX00033574,B,B,A,A,A,A,-,A
UNC20690040,A,A,B,A,B,A,B,A
UNC20690106,A,B,B,B,B,A,A,A
backuprs29183816,B,B,A,B,A,B,A,B
UNC20690327,B,B,A,A,A,B,A,B
UNC20690431,A,B,B,B,B,B,B,B
UNC20690650,B,B,A,A,A,B,B,A
UNC20690869,B,A,A,A,A,B,A,A
UNC20691120,B,A,B,B,B,A,B,B
JAX00326709,A,B,A,A,A,B,B,A
UNC20691342,B,A,B,B,B,A,A,A
UNC20691599,B,B,B,A,B,A,A,A
JAX00326718,A,B,A,B,A,A,A,B
UNC20692246,A,B,A,B,A,B,A,B
UNC20692480,A,A,A,A,A,A,B,B
UNC20693100,A,B,B,B,B,B,B,B
UNC20693383,B,B,A,B,A,A,B,A
UNC20693712,B,A,B,B,B,A,A,A
UNC20693857,A,A,A,A,A,B,B,A
UNC20694349,B,A,A,A,A,A,A,B
UNC20694658,A,B,A,B,A,B,B,B
UNC20694767,B,A,B,A,B,B,A,B
UNC20695281,A,B,A,A,A,B,B,A
UNC20695627,B,B,B,B,B,B,A,B
JAX00326787,B,A,A,A,A,A,A,A
UNC20695812,A,A,B,B,B,A,A,A
JAX00033611,A,A,B,A,B,A,A,A
UNC20696714,A,B,A,B,A,B,B,B
UNC20696798,A,B,B,B,B,A,A,A
UNC20697117,A,A,B,A,B,A,B,A
UNC20697481,A,B,B,A,B,B,B,B
UNC20697854,B,A,A,B,A,A,A,B
UNC20698231,B,B,B,A,B,A,B,A
UNC20698942,A,B,A,A,A,A,A,A
UNC20699467,B,B,A,A,A,B,B,A
UNC20699604,B,B,B,B,B,B,B,A
UNC120018122,A,B,A,A,A,A,A,A
JAX00326856,A,B,B,A,B,B,A,A
UNC20699903,A,B,B,A,B,B,A,A
UNC20700089,A,B,A,B,A,B,B,B
UNC20700511,A,B,B,B,B,A,B,B
UNC20700809,A,B,A,A,A,B,B,B
UNC20701055,B,A,A,A,A,A,B,A
UNC20701278,B,B,A,A,A,B,B,A
UNC20702365,B,B,A,B,A,B,B,B
UNC20703137,B,A,B,B,B,A,B,B
JAX00033642,B,A,B,B,B,A,A,B
UNC20703640,A,A,B,A,B,B,A,B
UNC20704183,B,A,A,B,A,B,A,A
UNC20704497,A,B,A,A,A,A,A,A
JAX00326964,B,B,B,B,B,A,B,B
UNC20704815,A,A,B,B,B,B,A,B
UNC20705000,B,A,B,A,B,B,A,B
UNC20705164,A,A,B,A,B,A,A,A
UNC20705271,A,B,B,A,B,B,B,A
UNC20705382,A,B,A,A,A,A,A,A
UNC20705574,A,A,A,A,A,A,A,B
JAX00326999,A,B,B,B,B,B,B,B
UNC20705778,B,B,B,B,B,A,B,B
UNC20706093,B,B,A,A,A,A,B,A
UNC20706640,B,B,B,A,B,B,A,B
UNC20706849,B,A,A,B,A,A,A,A
backupJAX00327043,B,B,A,A,A,B,B,B
UNC20707124,A,B,B,B,B,B,B,A
UNC20707386,B,A,B,B,B,A,B,B
UNC20707676,A,A,B,B,B,B,A,B
UNC20707971,B,A,B,B,B,A,A,A
UNC20708432,A,B,A,A,A,A,B,A
JAX00327082,A,B,A,A,A,A,A,A
UNC20708757,A,A,B,B,B,A,A,B
JAX00033673,A,B,A,A,A,B,B,A
UNC20709208,A,B,-,-,-,B,A,A
UNC20709468,A,B,A,A,A,B,B,B
UNC20709806,B,A,A,B,A,A,B,A
JAX00327120,B,B,A,B,A,B,B,A
JAX00033679,A,A,B,B,B,A,B,B
UNC20710842,A,A,B,A,B,B,B,A
JAX00327188,B,A,B,B,B,B,B,B
UNC120026302,A,B,A,A,A,B,A,A
UNC20716184,B,B,A,A,B,B,B,A
UNC20717435,B,A,A,A,A,B,B,B
UNC20723054,B,A,A,A,A,B,B,B
JAX00327525,A,B,A,A,A,A,B,A
JAX00033918,B,B,A,A,A,B,B,A
JAX00033926,A,A,B,B,B,A,A,B
UNC20730340,B,B,A,A,A,A,B,A
JAX00034046,B,A,B,B,B,A,A,A
backupUNC120041379,A,B,A,A,B,B,B,A
UNC20733378,B,B,A,B,A,B,B,A
UNC20735377,B,A,B,B,A,A,A,B
JAX00327757,B,A,B,B,B,A,A,B
backuprs50455283,A,B,A,A,A,A,B,A
UNC_rs29214434,B,A,B,B,B,B,B,B
UNC20741803,A,B,B,A,A,A,B,A
UNC20742271,B,B,A,B,B,A,A,B
JAX00034092,A,B,B,A,B,B,B,B
JAX00034093,B,A,B,B,A,A,A,A
UNC20742521,B,B,B,B,B,A,B,A
JAX00327915,A,A,A,A,A,A,A,B
UNC20742737,A,A,A,A,A,B,B,A
UNC20742915,B,A,B,B,B,A,A,A
UNC20743058,A,A,B,A,B,B,A,B
UNC20743110,B,A,B,B,A,B,A,A
UNC20743382,B,A,B,B,B,A,A,B
UNC20743485,B,A,B,B,B,B,B,B
UNC20743642,B,A,A,B,B,A,A,A
UNC20743941,A,B,B,A,B,B,B,A
UNC20744149,A,B,B,A,A,A,B,A
UNC20744175,B,A,B,B,A,A,A,A
JAX00034103,A,B,B,A,A,B,B,A
UNC20744488,A,A,A,A,A,B,B,A
UNC20744662,B,B,A,B,B,B,B,B
UNC20744868,A,B,B,A,B,B,B,A
UNC20745059,A,A,B,A,B,-,A,B
UNC20745274,A,B,A,A,A,B,B,A
UNC20745388,B,B,B,B,B,B,A,B
UNC20745638,B,A,B,B,A,B,A,B
UNC20745917,B,A,A,B,A,A,A,B
JAX00327986,A,A,A,A,A,B,A,A
UNC20746079,B,B,A,B,A,B,B,B
JAX00034112,A,B,B,A,B,B,B,B
UNC20746602,B,B,A,B,B,B,B,A
UNC20746795,B,B,A,B,B,A,B,B
UNC20746828,B,A,A,B,A,A,A,A
JAX00328015,A,B,B,A,B,B,B,B
UNC20747443,A,A,A,A,B,A,B,A
UNC20747501,A,B,A,A,A,B,A,A
UNC20747652,A,B,B,A,A,B,B,A
UNC20747708,B,B,A,B,A,B,B,A
UNC20747914,A,B,A,A,A,A,B,A
JAX00328055,B,B,A,B,B,B,B,B
UNC20748074,A,B,A,A,B,B,B,A
UNC20748305,B,B,B,B,B,A,A,B
UNC20748410,B,B,A,B,B,B,B,B
JAX00328073,B,B,B,B,B,B,B,A
JAX00328078,A,A,A,A,A,B,A,B
UNC20749023,B,A,B,B,B,A,B,B
UNC20749162,A,B,A,A,A,B,B,B
UNC20749311,A,B,B,A,B,B,B,A
UNC20749711,B,A,B,B,B,B,A,B
UNC120049802,B,A,B,B,B,A,A,B
UNC20749783,A,B,A,A,A,B,B,A
UNC20750080,A,B,A,A,A,B,A,A
UNC20750245,A,B,A,A,A,B,A,A
UNC20750527,A,B,B,A,B,B,B,A
UNC20750588,A,B,A,A,A,A,A,A
UNC20750786,B,A,B,B,B,A,A,B
UNC20750952,A,B,B,A,B,B,B,A
UNC20751073,A,A,B,A,B,B,A,A
UNC20751217,A,B,B,A,B,B,B,A
UNC20751510,B,A,B,B,B,B,B,B
UNC20751674,B,A,B,B,B,A,A,B
UNC20751798,A,B,B,A,B,B,B,A
UNC20752034,B,A,A,B,A,B,A,B
UNC20752216,A,B,B,A,B,B,B,B
UNC20752239,B,A,B,B,B,B,B,B
UNC20752490,A,A,B,A,B,B,A,B
UNC20752681,A,B,B,A,B,A,B,B
JAX00034147,B,A,A,B,A,A,A,A
UNC20753048,B,A,B,B,B,A,A,A
UNC20753110,A,A,A,A,A,A,B,A
UNC20753544,B,B,A,B,A,B,B,A
UNC20753652,A,A,B,A,B,B,A,B
JAX00034148,A,A,B,A,B,B,A,A
UNC20754032,A,B,A,A,A,A,A,A
UNC20754282,A,B,A,A,A,B,B,A
UNC20754570,B,B,A,B,A,A,B,A
UNC20755029,A,B,A,A,A,B,B,A
UNC20755040,B,B,A,B,A,B,B,B
JAX00328197,A,A,B,A,B,A,A,A
UNC20755238,B,B,A,B,A,B,B,A
UNC20755434,A,A,B,A,B,B,A,B
UNC20755516,B,A,B,B,B,B,B,B
UNC20755813,A,B,A,A,A,B,B,B
UNC20755942,B,A,B,B,B,A,A,B
UNC20756286,B,A,A,B,A,A,A,A
UNC20756407,A,B,A,A,A,A,B,A
UNC20756630,B,A,B,B,B,B,B,B
JAX00034163,A,A,B,A,B,B,B,A
UNC20756789,B,A,B,B,B,A,A,A
JAX00034174,A,B,B,A,B,B,-,A
UNC20759206,A,B,A,A,A,B,B,A
JAX00328267,B,A,B,B,B,A,A,A
UNC120056080,B,A,B,B,B,A,B,A
UNC20761033,A,B,B,A,B,B,B,B
UNC20762203,B,A,B,B,B,B,A,A
JAX00328357,A,A,A,A,A,A,B,A
UNC20765180,A,B,A,A,A,B,A,A
UNC20765953,B,A,B,B,B,A,A,A
JAX00328377,B,A,B,B,B,A,A,A
UNC20766308,A,B,A,A,A,B,B,A
UNC20766363,B,A,A,B,A,A,A,B
UNC20766421,B,A,B,B,B,A,A,B
UNC20766439,B,A,A,B,A,A,A,B
UNC20766495,B,B,B,B,B,B,B,A
UNC20766523,A,B,A,A,A,A,B,A
UNC20766590,B,A,B,B,B,A,A,B
UNC20766616,B,A,A,B,A,A,A,B
JAX00034207,B,A,B,B,B,B,A,B
UNC20766689,B,A,B,B,B,A,A,A
UNC20766712,B,A,B,B,B,B,A,B
UNC20766756,A,B,A,A,A,B,B,A
UNC20766801,B,B,A,B,A,B,B,B
UNC20766830,A,A,B,A,B,A,A,B
UNC20766875,B,A,A,B,A,A,A,B
UNC20766914,A,A,A,A,A,B,A,A
UNC20766979,B,A,B,B,B,A,A,B
JAX00034208,B,A,B,B,B,A,A,B
UNC20767251,A,A,B,A,B,A,A,B
UNC20768967,B,A,A,B,A,A,B,B
UNC20770489,A,B,A,A,A,B,A,B
JAX00328474,A,A,A,A,A,B,A,B
JAX00328501,B,A,B,B,B,A,A,A
UNC20772801,B,A,A,B,A,B,A,A
JAX00328523,A,B,B,A,B,B,B,B
JAX00328531,B,A,B,B,B,B,A,B
UNC20775044,A,B,A,A,A,B,B,B
JAX00328556,A,A,A,A,A,A,B,A
UNC20776385,A,B,B,A,B,A,B,A
UNC120066547,A,B,A,A,A,A,B,A
UNC20777471,B,A,B,B,B,B,B,B
UNC20777583,B,B,A,B,A,A,B,A
UNC20777790,B,A,B,B,B,A,A,B
UNC20777857,A,B,A,A,A,B,B,A
UNC20778273,A,B,B,A,B,A,B,A
JAX00034273,B,A,A,B,A,B,A,B
UNC20778368,A,A,A,A,A,A,B,A
UNC20778567,B,B,A,B,A,B,B,B
JAX00328622,A,B,A,A,A,A,B,B
UNC20779317,A,B,A,A,A,B,B,A
UNC20779577,B,B,B,B,B,B,A,B
UNC20779797,B,A,B,B,B,B,A,A
UNC20779876,B,A,B,B,B,A,A,A
UNC20780264,B,B,A,B,A,B,B,A
backupUNC120374690,A,B,B,A,B,A,A,B
UNC20780952,A,B,A,A,A,B,B,A
JAX00328643,B,B,B,B,B,B,A,B
UNC20781366,B,B,A,B,A,A,B,B
UNC20781437,B,A,A,B,A,A,A,B
UNC20782376,B,A,B,B,B,B,B,B
JAX00328666,B,B,A,B,A,B,B,B
UNC20782724,A,B,B,A,B,A,B,B
UNC20782892,A,B,A,A,A,B,B,A
UNC20783243,A,A,B,A,B,B,A,B
UNC20783349,B,A,B,B,B,B,B,B
JAX00034297,B,A,B,B,B,A,A,B
UNC20783635,B,A,A,B,A,B,A,A
UNC20783769,A,A,B,A,B,B,A,B
UNC20784026,B,A,A,B,A,A,A,A
UNC20784332,B,B,B,B,B,B,A,A
UNC20784396,B,B,A,B,A,B,B,B
UNC20785106,A,B,A,A,A,B,B,A
UNC20785278,A,B,A,A,A,A,A,A
UNC120375113,B,A,B,B,B,A,A,B
UNC20785494,B,A,B,B,B,A,A,B
UNC20785777,B,A,A,B,A,A,A,A
UNC20785852,A,B,A,A,A,A,B,A
UNC20786003,B,B,A,B,A,A,B,A
UNC20786069,B,A,B,B,B,B,B,B
UNC20786304,B,A,B,B,B,B,A,B
UNC20786518,A,B,A,A,A,A,B,A
UNC20786593,A,B,A,A,A,A,B,A
UNC20786645,B,A,B,B,B,B,B,B
UNC20786917,A,B,A,A,A,A,B,A
UNC20787087,B,A,B,B,B,B,A,B
UNC20787150,B,A,B,B,B,A,A,A
UNC20787339,B,A,A,B,A,A,A,A
JAX00034323,A,A,B,A,B,B,A,B
UNC20787488,B,A,B,B,B,B,B,B
UNC20787717,B,B,A,B,A,A,B,A
backupJAX00034327,B,B,A,B,A,A,B,A
JAX00328739,B,B,B,B,B,B,A,B
UNC20788224,A,B,A,A,A,A,B,A
UNC20788842,B,B,B,B,B,B,B,A
UNC20789075,B,B,A,B,A,A,B,B
UNC20789392,B,A,B,B,B,B,A,A
JAX00034335,B,B,A,B,A,A,B,B
UNC20789637,A,B,A,A,A,A,A,A
backupUNC120375408,A,B,B,A,B,B,B,A
UNC20789860,A,A,B,A,B,B,A,B
UNC20790205,B,B,A,B,B,A,B,B
JAX00034337,B,A,B,B,A,B,A,A
JAX00034339,B,A,A,B,B,A,A,B
UNC20790472,A,B,B,A,A,B,B,A
UNC20790668,A,A,B,A,A,B,A,B
UNC20790905,A,B,A,A,A,A,A,A
UNC20791424,B,A,A,B,A,A,A,B
UNC20791610,A,B,A,A,A,A,B,B
JAX00328780,A,B,A,A,A,A,B,B
UNC20791781,B,B,B,B,B,A,B,A
UNC20791947,B,B,B,A,A,B,A,B
UNC20792216,B,A,B,A,B,B,A,A
UNC20792752,A,B,B,B,B,B,B,A
UNC20793259,B,B,B,B,B,A,A,B
UNC20793684,B,B,A,A,A,A,B,A
UNC20794132,B,A,B,B,B,B,B,B
UNC20794384,A,A,B,B,B,A,A,B
JAX00328826,A,A,A,A,A,B,A,A
UNC20794618,A,B,A,A,A,B,B,B
JAX00328838,B,A,A,A,A,B,A,B
UNC20795019,B,A,A,A,A,B,A,B
UNC20795309,B,A,B,B,B,B,B,B
UNC20795715,B,A,A,A,A,B,A,A
JAX00328861,A,A,A,A,A,B,A,B
UNC20796265,B,B,A,A,A,A,B,A
UNC20796496,A,B,A,A,A,B,B,B
UNC20797062,A,B,A,A,A,B,B,B
UNC20797550,A,B,A,A,A,A,A,A
UNC120376356,B,A,A,A,A,B,B,B
JAX00034373,A,A,B,B,B,A,A,A
UNC20797983,A,B,B,B,B,B,B,A
UNC20798729,A,B,B,B,B,A,B,B
UNC20799078,B,A,B,B,B,A,A,A
UNC20799452,A,B,A,A,A,B,B,B
UNC20800061,B,A,B,B,B,A,B,B
UNC20800451,B,B,A,A,A,B,B,A
UNC20800862,A,A,B,B,B,B,A,A
JAX00034387,A,B,A,A,A,B,B,A
UNC20801427,B,A,B,B,B,B,A,A
JAX00328954,A,B,A,A,A,A,B,A
UNC20801732,B,A,B,B,B,A,A,A
UNC20802117,A,B,A,A,A,A,A,A
UNC20802586,B,A,B,B,B,A,A,B
UNC20802878,B,A,B,B,B,A,A,A
JAX00328977,B,B,B,B,B,B,B,A
UNC120555030,B,A,B,B,B,B,A,B
UNC20803315,A,B,A,A,A,A,B,A
UNC20803694,A,B,A,A,A,B,B,B
UNC20804164,A,B,A,A,A,B,A,A
UNC20804370,B,A,B,A,B,A,A,B
backupUNC120287742,A,B,A,A,A,B,B,A
UNC20804696,B,B,A,B,A,B,B,B
UNC20805822,A,B,A,A,A,B,A,A
UNC20806291,B,A,B,A,B,A,B,A
UNC20806911,B,A,B,B,B,B,A,B
UNC20807072,B,A,B,A,B,A,A,B
UNC20807528,B,B,A,B,A,A,B,A
UNC20807935,B,B,B,B,B,B,A,A
UNC20808268,B,A,B,B,B,A,A,A
UNC20808736,B,A,A,B,A,A,A,B
UNC20809071,A,A,B,B,B,B,A,A
UNC20809468,B,A,B,B,B,B,B,B
JAX00329089,B,B,B,A,B,B,B,B
UNC20809948,A,A,A,A,A,A,A,B
UNC120377140,B,A,A,B,A,B,A,B
UNC20810483,B,B,A,B,A,B,B,B
UNC20810855,B,A,B,B,B,A,A,B
UNC20811601,B,B,B,B,B,B,A,B
UNC20811870,A,B,A,A,A,A,B,B
JAX00034442,A,B,A,B,A,B,B,B
UNC20812055,A,B,A,A,A,A,A,A
UNC20812504,B,A,B,B,B,A,A,B
UNC20812714,A,B,A,B,A,B,B,B
UNC20813115,A,A,B,B,B,B,A,B
UNC20813512,B,A,A,A,A,B,B,B
UNC20814158,A,A,A,A,A,A,B,A
UNC20814490,A,B,B,B,B,B,B,A
UNC20815400,A,B,A,A,A,A,B,B
UNC20815926,B,A,B,B,B,A,A,A
UNC20816229,A,B,A,A,A,A,A,A
UNC20816738,B,A,B,B,B,A,A,B
UNC20817152,A,A,B,B,B,A,B,A
UNC120717169,B,B,B,A,B,A,A,A
UNC20817825,B,B,B,A,B,A,B,B
UNC20818326,B,B,B,B,B,A,B,A
UNC20818534,A,B,B,B,B,B,B,B
JAX00034475,B,A,B,A,B,A,A,A
UNC20819712,A,B,A,B,A,B,A,A
UNC20821022,A,A,B,B,A,A,A,B
JAX00329290,B,A,B,B,B,A,A,A
backupUNC120377584,B,A,A,A,B,B,A,A
JAX00329297,A,B,B,B,A,A,B,B
UNC20821863,B,B,B,B,B,A,B,A
UNC20823094,B,B,A,B,A,B,B,B
JAX00034490,A,B,A,B,B,B,B,A
UNC120095355,B,B,A,B,B,A,B,A
UNC20823943,A,A,A,A,A,B,B,A
JAX00329355,B,B,B,B,B,B,A,B
JAX00329356,B,B,A,B,B,B,B,A
UNC20824753,A,B,B,A,A,B,B,B
UNC20825770,A,A,A,B,A,A,A,A
UNC20826544,B,B,B,A,A,B,B,A
JAX00329401,A,A,A,B,B,A,A,B
JAX00329404,B,A,B,B,B,A,A,B
UNC20827468,B,A,B,B,B,B,A,B
JAX00329412,A,B,A,A,A,A,A,A
UNC20828462,B,A,B,B,B,A,B,B
UNC20829286,B,A,B,A,A,A,A,B
UNC20829544,A,B,B,B,B,B,B,B
UNC20830278,B,B,B,B,B,B,B,A
UNC20831177,B,B,B,B,B,A,A,A
UNC20831908,B,B,B,B,B,B,A,B
UNC120378724,B,A,A,A,A,B,B,B
UNC20833768,A,B,B,B,B,A,A,B
JAX00329482,B,B,A,B,B,A,A,B
UNC20834544,A,B,A,B,B,B,A,A
JAX00034552,B,A,B,A,A,A,A,B
UNC20835427,A,A,B,A,A,A,A,A
UNC20835926,B,A,B,A,A,A,A,B
UNC20836314,A,B,A,B,B,A,A,A
UNC20836691,B,A,A,A,A,A,B,B
UNC20837825,A,B,B,B,B,A,A,A
JAX00329534,B,A,B,A,B,A,A,B
JAX00329538,A,B,A,B,B,A,A,A
UNC20839029,A,B,A,B,B,B,B,A
UNC20839412,A,B,A,B,B,B,A,A
UNC20840265,B,A,B,A,A,B,A,B
JAX00034596,A,B,A,B,B,B,B,A
UNC20841579,B,A,B,A,A,A,A,B
JAX00329581,B,A,B,A,A,A,A,B
UNC20843407,B,A,B,A,A,B,A,B
JAX00329605,A,B,A,B,B,B,B,A
UNC20843887,A,B,B,B,B,B,B,A
UNC20844912,A,B,A,B,B,B,A,A
UNC20845319,A,A,B,A,A,A,A,A
UNC20846218,A,B,A,B,B,B,A,A
JAX00034627,B,B,B,B,B,B,A,B
UNC20847465,B,B,B,B,B,A,A,B
UNC20848066,A,B,A,B,B,A,A,A
UNC20848380,B,A,B,A,A,B,B,A
backupUNC120101900,A,A,B,A,A,B,B,A
UNC20849181,B,B,A,B,B,A,A,B
UNC20850064,A,B,A,B,B,A,B,B
UNC20850838,A,A,B,A,A,A,A,A
backupUNC120379327,B,A,A,A,A,B,A,B
UNC20853402,A,B,B,B,B,B,A,B
UNC20853669,A,B,B,B,B,A,A,B
UNC20855146,B,A,B,A,A,B,B,A
UNC20855726,B,A,B,A,A,A,A,A
UNC20856532,B,A,B,A,A,B,A,B
UNC20857774,A,A,B,A,A,B,B,B
UNC20858772,A,B,B,B,A,B,A,B
UNC20859495,A,B,A,B,B,B,A,A
JAX00329817,B,A,B,A,B,B,B,B
UNC20860471,A,B,B,B,B,B,B,A
UNC120104534,A,B,A,B,A,A,A,B
UNC20861037,A,A,B,A,B,B,B,B
JAX00329852,A,A,A,A,A,B,A,A
UNC20861803,A,B,B,B,A,A,A,B
UNC20861885,A,A,A,A,B,A,B,A
UNC20861895,B,B,B,B,A,B,A,B
UNC20861897,A,A,A,A,B,A,A,A
JAX00034705,B,A,A,A,B,A,B,A
UNC20861917,B,B,B,B,A,B,A,B
UNC20861925,B,B,B,B,A,B,A,B
UNC20861929,B,A,A,A,B,A,B,A
UNC20861937,B,A,A,A,B,A,B,A
UNC20861943,A,A,A,A,B,A,A,A
UNC20861965,A,A,A,A,B,A,B,A
UNC20861973,B,B,B,B,A,B,A,B
UNC20861980,B,B,B,B,A,B,A,B
UNC20861999,B,B,B,B,A,B,A,B
UNC20862012,B,A,A,A,B,B,B,B
UNC20862031,B,B,B,B,A,A,A,B
UNC20862054,B,B,B,B,A,B,A,B
UNC20862070,B,A,B,A,B,B,B,B
UNC20862086,A,B,A,B,B,A,B,A
JAX00329862,B,A,B,A,B,B,B,B
UNC20862088,B,B,B,B,A,B,A,B
UNC20862094,A,B,A,B,A,A,A,A
JAX00329863,A,A,A,A,A,A,B,A
UNC20862171,A,B,A,B,A,A,B,A
JAX00329869,A,A,A,A,B,A,B,A
UNC20862443,A,B,B,B,A,B,A,B
JAX00200022,A,A,A,A,B,A,B,B
JAX00034712,B,B,B,B,A,B,A,A
UNC20862964,B,B,B,B,A,B,B,A
UNC20863257,A,B,A,B,B,B,B,A
JAX00329880,B,B,B,B,B,A,B,B
UNC20863857,A,A,A,A,B,B,B,B
UNC20864255,A,A,B,A,B,A,B,A
UNC20865705,A,B,A,B,B,A,B,B
UNC20865798,A,B,B,B,A,A,A,A
JAX00329928,B,B,B,B,B,B,A,B
UNC20866734,B,A,B,A,A,A,A,B
UNC120105823,A,B,A,B,A,B,-,A
UNC20866894,B,B,B,B,A,B,A,B
JAX00329941,B,B,A,B,B,B,B,B
UNC20867697,B,A,A,A,A,B,B,B
UNC20868046,A,B,A,B,B,A,A,B
UNC20868642,A,A,B,A,A,A,B,B
UNC20869158,A,A,B,A,A,B,A,B
UNC20869355,B,B,A,B,B,A,A,A
UNC20869817,A,B,B,B,B,B,A,A
JAX00034763,A,B,B,B,B,B,A,A
JAX00330046,B,A,A,A,A,A,B,B
UNC20870336,A,B,B,B,B,B,A,B
UNC20870761,B,A,A,A,A,B,A,B
UNC20871205,B,A,A,A,A,B,B,B
JAX00330080,A,A,A,A,A,A,A,B
UNC20871594,B,B,B,B,B,A,B,B
UNC20872063,B,A,A,A,A,B,B,B
UNC20872598,A,A,A,A,A,B,B,B
JAX00330126,A,A,A,A,A,B,B,A
JAX00330140,A,A,A,A,A,B,A,B
JAX00330156,B,B,B,B,B,A,B,A
UNC20873119,A,A,A,A,A,B,A,B
UNC20873605,A,A,A,A,A,B,B,B
UNC20873932,A,B,B,B,B,B,A,A
UNC20874386,A,B,B,B,B,A,A,A
UNC120106910,A,B,A,A,A,-,A,A
JAX00330194,A,B,A,A,A,B,B,A
UNC20875660,B,B,A,A,A,A,B,B
UNC20875955,B,A,A,A,A,B,A,B
UNC20876671,A,B,A,A,A,A,B,B
UNC20877690,A,A,B,B,B,A,B,A
JAX00330261,B,B,A,A,A,A,B,B
JAX00330269,A,B,B,B,B,B,B,B
UNC20878100,A,B,A,A,A,B,B,B
JAX00330273,A,A,A,A,A,A,B,A
UNC20878565,A,A,B,B,B,A,A,B
UNC20879244,A,B,A,A,A,B,B,B
UNC120382492,A,B,A,A,A,A,B,A
UNC20880016,B,A,A,A,A,B,B,B
JAX00330302,A,A,B,B,B,A,A,B
UNC20880959,A,B,A,A,A,B,B,B
UNC20881636,B,B,A,A,A,A,B,A
UNC20882379,A,B,A,A,A,B,B,B
UNC20883743,B,B,B,B,B,A,B,B
UNC20884569,B,A,B,B,B,B,A,B
UNC20885040,B,B,A,A,A,B,B,B
JAX00330387,A,A,A,A,A,A,A,B
UNC20885486,B,B,A,A,A,A,B,A
UNC20886257,A,B,B,B,B,B,A,B
UNC20887262,A,B,A,A,A,A,B,B
UNC20887779,B,B,A,A,A,A,B,B
UNC20888428,B,A,B,B,B,A,A,A
UNC20889166,B,B,A,A,A,B,B,A
UNC20890054,B,A,A,A,A,B,B,B
backupUNC120115341,B,A,B,B,B,A,B,A
UNC20890693,B,B,A,A,A,B,B,A
UNC20891582,A,A,B,B,B,A,B,A
UNC20891977,B,A,A,A,A,A,A,A
UNC20892928,A,B,B,B,B,A,A,A
UNC120116202,B,B,A,B,A,A,B,B
UNC20893893,A,A,B,B,B,B,A,A
UNC20894754,A,B,A,A,A,B,B,A
UNC20895730,B,A,A,A,A,B,B,A
UNC20896681,B,B,B,A,A,A,B,A
UNC20897119,A,B,B,B,B,B,A,B
UNC20898235,B,B,B,B,B,A,A,A
UNC20898693,A,B,B,B,B,A,A,A
UNC20899434,B,A,A,A,A,B,B,A
JAX00330586,A,A,A,A,A,B,A,A
UNC20899883,A,B,B,B,B,B,A,A
JAX00034919,A,B,B,B,B,B,B,A
UNC20900290,A,B,B,B,B,A,B,A
UNC20900951,B,A,A,A,A,B,B,B
UNC20901600,A,B,B,B,B,A,A,A
UNC20902352,B,A,A,A,A,B,B,B
JAX00330621,A,A,A,A,A,A,B,A
UNC20902928,B,A,A,A,A,A,B,B
UNC20903415,A,B,B,B,B,B,B,A
UNC20904082,A,B,B,B,B,A,A,A
UNC20904965,B,A,A,A,A,B,B,B
JAX00330654,B,B,B,A,A,A,A,B
UNC20905735,B,A,A,B,A,A,A,A
UNC20906525,A,A,A,-,A,B,A,-
UNC20906961,A,B,B,B,B,B,B,A
UNC20907554,A,B,B,B,B,A,A,A
JAX00330700,B,B,B,B,B,A,B,B
UNC20909482,B,A,A,B,A,B,B,A
JAX00034967,A,B,B,A,B,B,B,B
UNC20910479,B,A,A,B,A,A,B,B
UNC_rs48206748,B,B,B,B,B,A,A,A
JAX00034992,B,A,A,A,A,B,B,B
backupJAX00330810,B,B,B,B,B,A,A,A
JAX00200100,A,A,A,A,A,B,B,B
UNC20917226,B,A,A,A,A,A,A,B
JAX00035022,B,A,A,A,A,A,A,A
UNC121334992,B,A,A,B,A,B,B,B
UNC20921068,B,A,A,A,A,B,A,B
UNC20923258,B,B,B,B,B,A,A,A
UNC20926819,B,A,A,A,A,B,B,B
backupJAX00330966,B,B,B,B,B,A,A,A
UNC20932786,A,B,B,A,B,A,A,B
UNC20933386,B,A,A,A,A,B,A,A
UNC20933507,A,B,B,B,B,A,A,B
JAX00331054,A,A,A,A,A,A,B,A
UNC20934209,A,B,B,B,B,B,B,B
UNC20934810,B,B,B,A,B,A,B,A
JAX00331071,B,B,B,A,B,B,B,A
UNC20935343,B,B,B,A,B,B,B,B
UNC20935686,B,B,B,A,B,B,A,A
UNC20936531,A,A,A,A,A,B,B,B
JAX00331086,B,B,B,B,B,A,B,B
JAX00331091,B,B,B,A,B,A,A,B
UNC20936909,B,A,A,A,A,B,A,B
UNC20937148,B,A,A,A,A,B,B,B
UNC120392193,A,B,B,A,B,B,A,B
UNC20937993,A,B,B,A,B,A,A,B
UNC20938493,B,B,B,A,B,B,B,B
UNC20938900,B,B,B,B,B,A,A,B
UNC20939397,B,A,A,B,A,A,B,A
JAX00035140,B,A,A,B,A,B,B,B
UNC20940507,A,A,A,A,A,B,B,B
UNC20940977,A,B,B,A,B,A,A,A
UNC20941479,A,B,B,B,B,B,B,B
UNC20941949,B,B,B,B,B,A,B,B
UNC20942273,B,B,B,B,B,A,A,B
B6_rs13481403,A,B,A,A,A,A,A,A
UNC20942827,B,B,B,B,B,A,A,A
UNC20943227,B,B,B,B,B,A,A,B
JAX00331195,A,A,A,A,A,B,B,A
UNC20943663,A,A,A,A,A,B,B,B
UNC20944660,A,A,A,A,A,B,A,B
UNC20945337,B,B,B,B,B,A,A,A
UNC20945662,B,A,B,B,A,A,A,A
UNC120117169,A,B,A,A,B,A,A,B
UNC20946724,A,A,A,A,A,B,B,A
UNC20947376,A,B,A,B,B,B,B,A
UNC20948032,A,A,A,A,A,B,A,A
UNC20948786,B,A,B,A,A,B,B,A
JAX00035187,B,A,B,B,A,A,A,B
UNC20949208,B,A,B,B,A,A,A,A
UNC20949619,B,B,B,A,B,A,A,A
UNC20950442,B,B,B,A,B,B,B,B
UNC20950944,A,A,A,A,A,B,A,A
UNC20951487,B,B,B,B,B,A,A,B
UNC20951987,B,B,B,B,B,B,B,A
UNC20952722,A,A,A,A,A,B,A,A
UNC20953357,A,A,A,A,A,B,B,A
UNC20953816,B,B,B,B,B,A,A,B
JAX00331288,A,A,B,A,B,-,A,A
UNC20955215,B,B,A,B,A,A,-,A
UNC120117709,B,B,A,B,A,B,A,A
JAX00035222,A,A,B,A,B,A,A,B
UNC20955697,A,A,B,A,B,B,B,B
UNC20955852,A,A,B,A,B,A,A,B
UNC20956519,A,A,B,A,B,B,B,A
UNC20957142,B,B,A,A,A,B,B,A
UNC120118084,B,B,A,A,A,A,A,A
UNC20957424,B,B,A,A,A,A,B,A
JAX00331394,A,A,A,B,A,A,A,A
UNC20958056,A,A,A,B,A,B,B,A
UNC20958456,A,A,B,A,B,A,A,B
UNC20959321,B,B,A,B,A,A,A,A
UNC20959757,B,B,A,B,A,A,B,A
UNC20960720,B,B,B,A,B,B,B,B
UNC20961374,A,A,B,A,B,A,B,B
JAX00331458,B,B,A,B,A,B,B,A
UNC20962277,B,B,B,B,B,B,B,A
UNC20962877,B,B,B,B,B,A,B,B
UNC20963549,A,A,A,B,A,B,B,B
UNC120289898,B,A,B,B,B,B,A,B
UNC20964503,B,B,A,B,A,B,B,B
UNC20965513,A,A,A,A,A,B,B,B
JAX00331512,B,B,B,A,B,B,B,A
UNC20966471,A,A,A,B,A,B,A,B
UNC20966984,B,B,B,A,B,A,A,A
backupUNC120783111,A,A,A,B,A,B,A,B
UNC20967327,A,A,A,B,A,B,B,B
JAX00331553,A,A,A,A,A,B,A,A
UNC20968162,A,A,A,B,A,B,B,A
UNC20968668,B,B,B,B,B,A,A,B
UNC20969283,A,A,A,B,A,B,A,A
UNC20969597,B,B,A,B,A,B,B,B
UNC20970254,A,A,A,A,A,A,A,B
UNC20970584,B,B,B,A,B,A,A,A
UNC20971647,B,B,A,A,A,B,B,B
JAX00035302,B,B,A,A,A,A,A,A
backupUNC120118970,B,B,A,B,A,B,B,A
UNC20972762,A,A,A,B,A,B,A,A
JAX00035314,A,A,A,A,A,B,B,A
UNC20973825,B,B,B,B,B,A,A,B
UNC120119077,A,A,B,B,B,A,B,B
UNC20975670,B,B,A,B,A,A,B,A
UNC120119227,B,B,A,B,A,B,B,A
UNC20977265,B,B,A,B,B,B,B,B
UNC20979345,A,A,A,A,B,A,A,A
JAX00035359,B,B,B,A,B,B,B,B
UNC20982492,B,B,B,B,B,A,A,B
UNC120119439,B,B,A,B,A,A,A,B
JAX00331800,B,B,B,B,B,B,A,B
UNC20983756,A,A,B,A,B,B,B,B
JAX00035379,A,A,A,A,A,B,A,A
UNC20986144,B,A,A,B,A,A,A,B
UNC20987585,B,B,B,A,B,B,B,B
JAX00035406,B,B,B,B,B,A,A,B
UNC20990089,A,A,A,A,A,B,A,B
UNC20992579,A,B,B,A,B,A,A,B
UNC120501570,A,B,B,A,B,A,A,A
UNC20993166,A,B,B,A,B,B,A,A
UNC120501650,B,A,A,B,A,B,B,A
JAX00331977,B,A,A,B,A,B,A,B
UNC20998296,A,B,B,B,B,B,B,B
UNC21001414,B,A,A,B,A,A,B,B
JAX00035480,A,B,B,A,B,A,A,B
UNC21003072,A,A,A,A,A,B,B,A
UNC21003446,A,A,A,A,A,B,A,A
UNC21003669,A,A,A,A,A,B,B,B
UNC21004208,A,A,A,A,A,A,A,B
UNC21004468,A,A,A,A,A,B,B,A
UNC21004757,A,A,A,A,A,B,A,A
UNC21005137,A,A,A,A,A,B,B,A
UNC21005512,B,B,B,B,B,A,A,B
UNC21005694,A,A,A,A,A,B,B,B
UNC21005932,A,A,A,A,A,B,B,B
UNC21006505,A,B,B,B,B,B,B,A
UNC21006872,B,A,A,B,A,B,B,A
JAX00332131,A,B,B,A,B,A,A,B
UNC120394857,A,B,B,A,B,B,A,A
UNC21007170,B,A,A,B,A,B,B,B
UNC21007482,B,A,A,A,A,B,B,A
UNC21007895,A,B,B,B,B,B,B,B
UNC21008102,B,A,A,B,A,B,B,A
UNC21008226,A,A,A,A,A,B,B,B
UNC21008558,A,A,A,A,B,B,B,A
UNC21009318,B,A,A,A,A,A,A,B
UNC120395328,A,B,B,A,A,A,B,B
JAX00332200,B,B,B,A,A,A,A,A
UNC21009935,B,B,B,B,B,B,A,B
UNC21010145,A,A,A,B,B,A,B,B
JAX00332226,B,B,B,A,B,B,B,A
UNC21010761,A,A,A,A,B,B,B,B
UNC21011189,A,B,B,A,A,A,A,A
UNC21011774,B,B,B,A,B,A,A,A
UNC21012791,B,B,B,A,A,A,B,A
UNC21013333,A,A,A,A,B,B,A,A
UNC21013971,B,A,A,B,B,B,B,B
UNC21014176,B,A,A,A,B,A,B,B
UNC21014565,B,B,B,A,A,B,A,B
JAX00332304,B,A,A,A,B,B,B,B
UNC21014912,B,B,B,B,B,B,B,A
JAX00332315,A,A,A,A,A,B,A,A
UNC21015358,A,A,A,A,B,B,B,A
UNC21015537,B,A,A,B,B,B,-,B
UNC21015909,A,A,A,B,A,B,A,A
UNC21016027,B,A,A,A,A,A,A,A
UNC21016676,A,A,A,A,B,A,A,A
JAX00332343,A,B,B,B,B,B,B,A
UNC21017136,A,B,B,B,B,A,B,A
JAX00332344,A,B,B,B,B,B,B,A
UNC21017493,A,B,B,A,A,B,A,A
UNC120396195,A,B,B,A,A,A,A,A
UNC21018664,A,B,B,A,A,A,A,B
UNC21019287,B,B,B,B,A,A,B,B
UNC21019895,B,A,A,A,B,B,B,A
UNC21020180,A,A,A,A,B,B,B,B
UNC21020732,B,A,A,A,B,A,B,B
UNC21021209,B,A,A,A,B,B,A,B
UNC21021583,B,B,B,B,A,B,B,B
UNC21021982,B,A,A,A,B,B,B,A
UNC21022407,B,A,A,A,B,A,B,B
JAX00332459,A,A,B,B,A,A,A,B
UNC21025253,B,B,A,A,A,B,B,A
UNC120121061,B,A,B,B,A,A,A,B
JAX00035589,B,B,A,A,A,A,A,A
JAX00332525,A,A,A,A,A,A,B,A
backupJAX00332542,B,B,A,A,A,A,A,B
backupUNC120818409,A,A,A,A,B,B,B,B
UNC21033092,A,A,A,A,B,B,A,A
UNC21034722,B,B,B,B,A,A,A,A
UNC21036689,A,A,B,B,B,A,B,B
UNC21039766,A,A,A,A,A,B,B,A
UNC120122707,A,B,A,A,A,B,B,A
UNC21041603,A,B,A,A,A,B,A,B
JAX00035691,B,A,A,A,B,B,B,A
JAX00035692,A,A,B,B,B,B,B,A
UNC21043965,A,A,A,A,B,B,B,A
JAX00035701,A,A,B,B,B,A,A,A
JAX00200317,B,B,B,B,B,B,A,B
UNC21049668,B,B,A,A,A,B,B,A
JAX00332838,A,A,A,A,A,B,B,B
UNC21051833,A,B,A,A,A,B,B,B
JAX00035740,A,A,B,B,B,A,A,A
UNC21053456,A,A,B,B,B,B,B,A
JAX00035745,A,B,B,B,B,B,B,B
JAX00035747,A,B,B,B,B,A,A,B
UNC21055769,B,B,B,B,B,A,B,B
UNC120831445,A,A,A,A,B,B,B,A
UNC21060683,A,B,B,B,B,A,A,A
UNC120398535,B,A,A,A,A,B,A,B
JAX00035800,A,B,B,B,B,B,B,A
UNC21063012,B,A,A,A,A,B,B,B
UNC120399042,B,A,A,A,A,A,B,B
UNC21064427,A,A,A,A,A,B,A,B
UNC21066592,B,A,A,A,A,B,B,A
UNC21068915,B,A,A,A,A,B,B,B
UNC120399446,B,A,A,A,A,-,B,B
JAX00035863,A,A,A,A,A,A,B,A
UNC21072198,A,B,B,B,B,A,A,A
UNC21074089,B,B,B,B,B,A,B,A
backupJAX00200366,B,B,B,B,B,A,A,A
UNC21075704,B,B,B,B,B,A,A,B
JAX00200374,B,B,B,B,B,A,A,A
JAX00333096,B,B,B,B,B,A,B,B
UNC21078967,B,B,B,B,B,A,A,A
UNC120399677,A,B,B,B,B,A,A,A
UNC21082358,B,B,B,B,B,A,B,B
UNC21083693,B,B,B,B,B,A,A,B
JAX00333178,B,B,B,B,B,A,A,A
UNC21085046,A,A,A,A,A,B,B,B
UNC21086396,B,B,A,B,B,A,B,B
UNC21089226,A,B,A,B,B,A,A,B
UNC21090398,A,B,A,B,B,B,A,A
UNC21092509,B,A,B,A,A,B,B,A
JAX00333321,A,B,B,B,B,B,B,B
UNC120134157,B,A,B,A,A,A,B,B
UNC21099534,A,A,B,A,A,B,B,B
backupUNC120854410,A,A,-,A,A,B,-,B
UNC21101976,B,A,B,A,A,B,B,A
JAX00333453,B,B,B,B,B,A,B,B
UNC21103316,B,A,A,B,A,A,A,A
UNC21105363,B,B,A,B,B,B,A,B
JAX00036087,A,B,B,A,B,B,B,A
JAX00333518,B,B,A,B,B,B,B,B
UNC21107899,B,A,A,B,A,A,B,B
UNC21109551,B,B,A,B,B,A,A,A
backupJAX00333590,A,A,B,A,A,B,B,A
JAX00333611,A,A,A,A,A,A,A,B
UNC21111829,B,A,A,B,A,B,A,B
UNC120142417,A,B,A,A,B,A,A,A
UNC21113337,A,A,B,A,A,B,A,A
JAX00333677,B,B,B,B,B,B,B,A
UNC21113785,A,A,B,A,A,B,B,B
UNC21114156,B,A,A,B,A,A,A,B
JAX00036143,B,A,A,B,A,A,A,B
UNC21115007,B,B,A,B,B,A,A,A
UNC21116045,A,B,B,A,B,B,A,B
UNC21117106,B,A,B,B,A,B,B,A
UNC120401858,B,A,A,B,B,B,A,-
UNC21118260,B,A,A,B,A,A,A,B
UNC21119037,B,A,A,B,A,A,B,B
UNC21120247,A,B,B,A,B,A,B,A
UNC21120697,A,A,B,A,A,B,B,B
UNC21121439,B,B,A,B,B,B,A,B
JAX00036176,B,B,A,B,B,B,B,B
UNC21121843,B,B,A,B,B,A,A,B
UNC21122307,A,B,A,A,B,A,B,A
JAX00333860,B,B,A,B,B,B,B,B
repJAX00333860,B,B,A,B,B,B,B,B
UNC21123087,A,B,A,A,B,A,A,B
UNC21123942,B,B,A,B,B,B,A,B
UNC21124599,B,B,A,B,B,A,B,B
UNC21125225,A,A,B,A,A,B,B,A
JAX00036203,B,B,A,B,B,A,A,B
JAX00333923,A,A,A,A,A,B,B,A
UNC21125834,A,A,B,A,A,B,B,B
UNC21126401,B,A,B,B,A,A,B,A
UNC21127581,B,A,A,B,A,A,B,A
UNC120152111,A,B,A,A,B,B,A,A
UNC21128322,B,A,A,B,A,B,A,B
JAX00334014,A,A,B,A,A,B,B,A
UNC21128907,B,A,B,B,A,B,B,A
JAX00334020,A,A,A,A,A,B,A,A
UNC21129415,B,B,A,B,B,B,A,A
UNC21130345,B,B,A,B,B,A,A,B
JAX00334052,A,A,B,A,A,B,B,B
JAX00036229,B,B,A,B,B,A,A,B
UNC21131221,B,B,A,B,B,B,B,B
UNC21131919,A,A,B,A,A,B,B,B
UNC21132462,A,B,B,A,B,A,B,A
UNC21133015,B,A,A,B,A,A,A,B
UNC21133443,B,A,B,B,A,A,B,A
JAX00334122,A,B,A,A,B,A,A,B
UNC21133626,B,B,A,B,B,A,B,B
UNC21133816,B,B,A,B,B,B,A,B
UNC21134022,A,B,A,B,B,A,A,A
UNC21134295,B,A,B,A,A,B,B,A
UNC21134779,B,B,B,B,B,A,A,B
UNC21134925,B,A,B,A,A,A,B,A
JAX00334155,A,A,A,A,A,B,B,A
UNC21135053,A,B,B,B,B,A,B,A
UNC120403310,B,A,A,A,A,B,B,B
JAX00200421,A,A,B,A,A,A,A,A
UNC21135347,B,A,B,A,A,A,A,B
UNC21135876,B,A,B,A,A,B,B,A
UNC21136226,A,B,B,B,B,A,B,B
UNC21136654,B,B,A,B,B,A,A,B
UNC21136979,B,A,B,A,A,B,B,B
UNC21137135,A,A,A,A,A,B,B,B
UNC21137485,B,A,B,B,A,A,B,B
UNC21137811,B,A,B,B,A,-,-,B
UNC21138046,B,A,B,B,A,B,A,B
UNC21138329,A,B,A,A,B,B,A,A
UNC21138646,A,B,A,A,B,B,B,A
JAX00036272,B,A,B,B,A,A,A,B
UNC21138948,B,A,A,B,A,A,A,B
UNC21139165,A,B,B,A,B,A,A,B
JAX00036273,A,B,B,A,B,B,B,B
UNC21139316,A,A,A,A,A,B,A,A
UNC21139604,A,B,B,A,B,B,B,B
UNC21139878,B,B,B,B,B,A,A,A
JAX00334245,B,B,B,B,B,A,B,B
UNC21140183,A,A,A,A,A,B,A,A
JAX00334248,A,A,A,A,A,A,A,B
UNC21140473,A,A,A,A,A,B,B,A
UNC21140845,A,A,A,A,A,B,B,B
UNC21141252,B,B,B,B,B,A,A,A
UNC21141820,B,B,B,B,B,A,B,B
JAX00334275,B,B,B,B,B,B,A,B
UNC21142116,B,B,B,B,B,A,A,B
UNC21142427,A,A,A,A,A,B,B,B
UNC21142757,A,A,A,A,A,B,B,B
UNC21143102,A,B,B,A,B,B,A,B
UNC21143369,A,B,B,A,B,A,A,B
UNC21143626,B,B,B,B,B,A,A,B
UNC21143885,A,A,A,A,A,B,B,A
UNC21144087,B,A,A,B,A,B,A,B
UNC120404140,A,B,B,A,B,A,B,B
UNC21144395,B,A,A,B,A,B,B,B
UNC21144555,A,B,B,A,B,A,A,B
UNC21144629,A,B,B,A,B,B,A,B
UNC21144739,A,B,B,A,B,B,B,B
UNC21144786,B,A,A,B,A,B,B,A
UNC21145054,B,A,A,B,A,B,B,A
UNC21145359,B,A,A,B,A,A,B,A
UNC21145636,B,B,B,B,B,A,A,A
UNC21146255,A,A,A,A,A,B,B,B
backuprs46609137,B,A,A,B,A,B,B,B
UNC21146353,B,A,A,B,A,A,B,B
JAX00334323,B,A,A,B,A,A,A,A
UNC21147246,B,A,A,B,A,A,B,B
JAX00334349,B,B,B,B,B,A,B,A
JAX00334353,A,A,A,A,A,B,B,A
UNC120503169,A,B,B,A,B,A,A,B
UNC21148778,A,B,B,A,B,A,A,A
UNC21149344,A,A,A,A,A,A,B,A
JAX00334402,B,B,B,B,B,A,B,B
JAX00036338,B,B,B,B,B,A,A,B
UNC21150878,A,A,A,A,B,B,B,B
UNC21151474,B,B,B,B,A,A,B,B
JAX00334431,B,B,B,B,A,A,A,B
UNC21152607,A,A,A,A,A,B,B,A
UNC21153377,A,A,A,A,A,B,B,B
JAX00334454,A,A,A,A,A,B,B,B
UNC120872436,A,A,A,A,B,B,A,B
UNC21153828,B,B,B,B,B,A,A,A
UNC21154447,B,B,B,B,A,B,B,B
UNC21154647,B,B,B,B,B,B,A,A
JAX00334481,B,B,B,B,B,B,A,B
UNC21155843,B,B,B,B,A,A,A,B
UNC21156799,A,A,A,A,B,B,B,A
UNC21157274,B,B,B,B,A,A,A,A
UNC120405756,A,B,B,A,A,B,B,A
UNC21158050,B,B,B,B,A,B,A,B
UNC21158726,B,B,B,B,A,A,B,B
JAX00334513,A,A,A,A,A,B,A,A
UNC21159568,B,B,B,B,A,A,A,B
UNC21160203,A,A,A,A,B,B,B,B
JAX00334524,A,A,A,A,B,B,B,A
UNC21161157,B,B,B,B,A,A,A,B
JAX00200460,A,A,A,A,A,B,B,B
UNC21162133,B,B,B,B,A,B,A,A
UNC21162792,A,A,A,A,B,B,A,B
UNC21164596,B,B,A,B,B,A,A,B
UNC21164958,B,A,A,B,A,B,B,A
JAX00334592,A,A,B,A,A,A,A,B
UNC120158666,A,B,A,A,B,A,A,A
UNC21166164,A,A,A,A,A,B,B,B
UNC21166849,A,A,B,A,A,A,B,A
JAX00334630,A,A,B,A,A,B,B,A
UNC21167695,B,B,B,B,A,B,B,B
UNC21168230,A,B,B,A,B,B,A,A
UNC21169198,B,A,B,B,B,B,B,B
UNC21170164,B,A,A,B,A,B,B,A
UNC120406284,A,B,B,A,B,A,B,B
JAX00200477,B,B,B,B,B,B,A,B
UNC21171617,B,B,B,B,A,B,A,A
JAX00334702,B,B,B,B,B,A,A,A
UNC21173187,A,B,B,A,A,B,B,A
UNC21173927,A,A,A,A,B,B,B,A
UNC21174361,A,B,B,A,A,B,A,B
UNC21174995,A,B,B,A,A,B,A,B
UNC21176380,A,B,B,A,B,A,B,A
UNC21177591,B,A,A,B,B,A,A,B
UNC120503461,A,B,B,A,A,B,B,A
UNC21178055,A,B,B,A,B,B,A,A
UNC21178302,A,B,B,A,B,A,B,A
JAX00200494,B,B,B,B,B,A,B,B
UNC21179215,A,B,B,A,B,A,A,B
UNC21179574,A,B,B,A,B,B,A,B
JAX00036517,B,A,A,B,A,B,B,A
UNC21180041,A,A,A,A,B,B,B,A
JAX00334793,B,B,B,B,A,A,A,B
UNC21180972,B,A,A,B,B,A,A,B
UNC21181993,B,A,A,B,A,B,B,A
JAX00334822,A,A,A,A,A,A,B,A
UNC21182482,B,A,B,B,B,B,B,A
UNC21183558,A,A,A,A,A,B,A,B
UNC21184387,B,A,B,B,B,A,A,B
UNC21185222,B,B,B,B,A,B,B,B
JAX00036549,A,B,B,A,B,A,A,B
JAX00036554,A,A,B,A,B,A,A,B
UNC21185962,A,A,B,A,B,B,B,A
UNC120409274,B,A,A,B,A,B,A,B
UNC21187058,B,A,A,B,A,B,B,A
UNC21187556,A,B,B,A,A,B,A,A
JAX00334886,B,A,A,B,B,A,A,B
UNC21188452,A,B,B,A,A,A,B,A
UNC21189494,B,B,A,B,B,B,B,A
backuprs29195375,A,B,B,A,A,A,-,B
UNC21190548,A,B,B,A,A,B,B,B
UNC21191278,B,B,B,B,A,B,A,A
UNC21192314,B,A,B,B,A,B,B,B
JAX00334964,A,A,A,A,A,A,A,B
JAX00334965,B,B,B,B,B,B,B,A
JAX00334975,A,A,B,B,A,A,A,B
UNC21193480,A,A,B,B,A,A,B,B
JAX00334982,B,B,A,A,B,A,A,A
UNC21193616,A,A,B,B,A,B,A,B
JAX00334984,B,B,A,A,B,B,B,A
UNC21193938,A,A,B,B,A,B,B,B
UNC21194005,B,B,B,B,B,A,A,A
UNC21194070,A,B,B,B,B,B,B,B
UNC21194465,A,A,B,B,A,A,A,A
UNC21194560,A,A,A,A,A,A,A,B
UNC21194581,B,B,A,A,B,B,B,A
UNC21194709,A,A,B,B,A,B,-,B
UNC21194762,A,A,A,A,A,B,A,A
UNC21194874,A,A,B,B,A,B,B,B
UNC120161235,B,B,A,A,B,A,A,B
UNC21195030,A,A,A,A,A,B,B,A
UNC21195112,A,A,A,A,A,B,B,B
UNC21195180,B,B,B,B,B,A,B,B
UNC21195230,B,B,B,B,B,A,A,A
UNC21195279,B,B,B,B,B,A,A,B
UNC21195328,A,A,A,A,A,A,A,B
UNC21195469,A,A,A,A,A,B,A,A
UNC21195546,B,B,B,B,B,A,A,B
UNC21195655,A,A,A,A,A,B,B,A
UNC21195710,A,A,A,A,A,B,B,A
UNC21195816,B,B,B,B,B,A,B,B
UNC21195885,B,B,B,B,B,A,B,B
UNC21195971,A,A,A,A,A,B,B,A
UNC21196056,A,A,A,A,A,B,B,A
UNC21196135,B,B,B,B,B,A,A,B
UNC21196164,B,B,B,B,B,A,A,B
UNC21196283,B,B,B,B,B,A,B,B
UNC21196368,A,A,A,A,A,B,B,B
UNC21196461,A,A,A,A,A,B,B,A
UNC21196615,B,B,B,B,B,A,A,B
UNC21196693,A,A,A,A,A,B,A,A
UNC21196986,B,B,B,B,B,A,A,B
UNC21197131,A,A,A,A,A,B,A,B
UNC21197184,B,B,B,B,B,A,A,B
UNC21197775,A,B,B,B,B,A,A,B
JAX00335037,A,A,A,A,A,A,B,A
UNC21200137,A,A,A,A,B,A,A,A
UNC120161453,B,A,B,A,A,-,-,A
JAX00335082,B,B,B,B,B,A,B,B
UNC21201665,A,B,A,B,A,B,A,A
JAX00036648,B,A,B,A,B,A,A,B
UNC120162399,A,B,A,B,A,-,A,A
UNC21203131,B,A,B,A,B,B,A,B
JAX00036659,B,A,B,B,B,B,B,B
JAX00335148,A,B,A,A,A,A,A,A
UNC21204966,B,A,B,B,A,B,B,A
JAX00036672,A,B,A,B,A,A,A,B
JAX00335209,B,A,B,A,B,A,A,A
UNC21206381,A,B,A,B,B,A,A,B
UNC21207464,B,B,B,B,A,A,A,B
UNC21209719,A,B,A,B,B,B,A,B
JAX00335263,B,B,B,A,B,A,A,B
JAX00036700,B,A,B,A,B,A,A,B
UNC21211585,B,A,B,B,B,A,A,B
UNC21212896,A,A,A,B,A,B,B,A
JAX00036712,B,B,B,B,A,A,A,A
UNC21214748,A,B,B,B,B,B,B,B
JAX00335298,B,B,B,B,A,A,A,A
backupUNC120906873,A,A,A,A,B,B,A,B
UNC21216620,B,B,B,B,A,B,B,B
UNC21219008,A,A,A,A,B,B,A,B
UNC21220837,B,B,B,B,A,B,A,A
JAX00036748,B,A,A,A,B,B,B,B
UNC120410712,A,B,B,A,A,A,A,A
UNC21223168,B,B,B,A,B,A,A,B
UNC21224998,A,B,B,B,B,B,A,A
JAX00335410,B,A,A,A,A,B,B,B
UNC21227366,B,A,A,A,B,B,B,A
backupUNC120165178,B,A,B,A,B,A,A,B
UNC21229786,B,A,B,A,B,A,B,A
UNC21230618,B,B,B,A,B,B,B,B
UNC21232577,B,B,A,B,B,A,A,A
UNC21233854,B,B,B,B,A,A,B,B
UNC21236131,B,A,A,B,B,B,B,B
UNC21237236,B,B,B,B,A,B,B,A
UNC21241291,A,A,B,A,A,B,B,B
UNC21243519,B,B,B,B,B,B,A,A
UNC21245532,A,A,A,B,B,B,B,A
UNC120923296,B,B,B,A,A,A,A,A
UNC21248344,B,B,B,B,B,A,B,A
UNC21249937,A,A,A,A,A,A,B,B
B6_rs29133146,B,A,B,B,B,B,B,B
UNC21252174,B,A,A,A,A,A,A,A
UNC21256589,B,A,A,B,B,B,B,A
UNC21259080,B,B,B,B,B,A,B,B
UNC120414467,A,B,B,A,A,B,B,A
UNC21261118,B,B,B,A,A,B,B,B
UNC21262447,A,B,B,B,B,A,A,A
UNC21264360,A,B,A,B,B,B,B,B
UNC21265797,A,A,A,A,A,B,A,B
UNC120166420,B,A,B,A,A,B,B,A
JAX00335745,B,B,B,B,B,A,B,B
UNC21269405,B,A,B,B,B,B,A,B
UNC120166893,A,B,A,A,A,B,A,B
UNC21272687,B,A,A,A,A,B,A,A
JAX00335828,A,A,A,A,A,A,B,A
backupUNC120167604,B,A,B,B,B,A,B,B
UNC21275671,A,B,A,A,A,B,B,B
JAX00037028,B,A,B,B,B,A,A,A
UNC21277098,B,A,B,B,B,A,B,A
JAX00200663,B,B,B,B,B,A,A,A
JAX00037037,B,A,A,A,A,A,A,A
UNC21279203,A,B,B,B,B,A,A,A
JAX00335912,B,A,B,B,B,A,A,A
UNC120559153,B,A,B,B,B,B,B,B
UNC21281399,B,A,B,B,B,A,A,B
JAX00335937,A,A,A,A,A,B,B,A
UNC21283945,A,A,A,B,A,A,A,A
JAX00335963,B,B,B,B,B,A,B,B
UNC21284627,A,A,B,A,A,A,B,A
UNC120168993,A,B,A,B,B,B,A,B
UNC21285838,B,B,B,B,A,B,B,B
UNC21287287,B,A,B,B,A,A,A,B
UNC21288963,A,A,A,B,A,B,B,B
UNC120417048,B,A,A,A,A,B,B,A
UNC21290607,B,A,A,A,A,A,A,B
UNC21292422,A,A,A,B,A,B,A,A
UNC21293584,A,B,B,B,B,B,B,A
UNC21295946,A,A,A,A,A,B,B,A
UNC21297210,A,A,B,B,A,B,B,B
UNC120169290,A,A,B,B,A,B,B,B
UNC21298968,B,A,B,A,A,B,A,B
UNC21300340,B,A,A,A,A,A,A,A
UNC21302151,B,B,B,A,B,A,B,B
JAX00037184,B,A,B,A,A,B,B,A
JAX00336257,A,A,A,A,A,B,B,A
UNC21305312,A,B,A,A,B,B,B,A
UNC21308194,B,B,B,B,B,A,A,A
UNC21309125,A,B,B,B,B,B,B,B
JAX00336304,A,A,A,A,A,A,A,B
JAX00336317,B,B,B,B,B,A,A,B
UNC21311571,B,A,B,B,A,B,A,A
UNC21312784,A,B,B,A,B,A,A,B
backupUNC120170285,B,B,A,B,A,A,A,B
UNC21313899,B,B,B,B,A,A,A,B
JAX00336378,B,B,B,B,A,B,B,A
UNC21315212,B,B,B,B,B,A,A,A
UNC21317215,B,A,B,A,B,B,B,B
UNC21318148,B,B,A,B,B,B,A,B
backupUNC120171345,A,A,B,A,B,A,A,B
UNC21320169,A,A,B,A,A,B,A,A
JAX00336497,A,A,B,A,A,B,A,A
backupUNC120172459,B,A,B,A,A,A,B,A
UNC21323618,B,B,A,B,B,B,B,A
UNC21325743,A,B,A,B,A,B,B,B
JAX00336586,A,A,A,A,A,B,A,A
UNC21327291,B,B,A,B,A,A,A,B
UNC21328640,A,A,A,B,A,A,A,A
UNC21329710,B,A,A,B,A,A,B,B
UNC21331337,B,A,B,B,B,B,A,A
backupUNC120418855,A,B,B,B,B,B,A,A
UNC21332480,B,B,B,A,B,A,A,A
UNC21333593,A,B,B,A,B,B,B,A
UNC21334573,A,B,B,A,B,A,A,B
UNC21336034,A,A,B,B,B,A,A,B
UNC120175086,B,A,B,A,B,B,B,A
UNC21341292,B,A,A,A,A,B,B,B
UNC21341437,A,A,A,A,A,B,B,B
JAX00037407,A,B,B,A,B,A,A,B
JAX00336932,B,B,A,B,A,A,A,A
UNC21343803,A,B,B,B,B,B,A,B
UNC21344127,B,A,B,B,B,A,A,B
UNC21344819,A,B,B,A,B,A,A,B
UNC21345134,B,B,A,B,B,B,B,B
UNC21345711,A,A,A,A,A,A,B,B
UNC21346418,A,B,B,B,B,B,B,A
UNC21347558,A,B,B,B,B,B,A,B
UNC21348109,A,B,B,B,B,A,A,A
UNC21349278,B,A,A,A,A,B,B,B
UNC21350093,B,A,A,A,A,B,A,A
UNC21350441,B,A,A,A,A,A,B,A
JAX00037459,A,B,B,B,B,B,B,B
UNC21351471,A,B,B,B,A,A,A,B
UNC21351975,A,A,B,A,A,B,B,A
UNC21352850,A,B,A,B,A,B,A,B
UNC21353790,B,A,B,A,B,B,B,B
UNC21354355,B,B,B,B,B,A,A,A
UNC21354984,B,B,A,B,B,A,A,A
UNC21355478,B,B,A,B,B,A,A,B
UNC120176909,A,A,B,A,A,A,B,B
UNC21356305,B,B,A,B,B,A,B,A
UNC21357239,B,B,A,B,B,B,A,A
UNC21357767,A,B,B,B,A,B,B,B
JAX00037493,A,B,B,B,B,B,B,B
UNC21358647,A,A,B,A,B,A,A,A
UNC21359045,B,B,A,B,A,A,A,A
JAX00337180,A,A,B,A,B,B,B,B
UNC21359665,A,A,B,A,B,B,A,B
UNC21360091,B,A,A,A,A,B,B,A
UNC21360965,B,B,B,B,B,A,B,B
UNC21361472,A,A,A,A,A,B,B,B
JAX00337222,B,B,B,B,B,A,B,B
UNC21362101,A,B,A,B,A,B,B,A
backupUNC120177949,B,B,A,B,A,A,A,B
UNC21362988,A,A,B,A,B,B,B,B
UNC21363333,A,A,B,A,B,B,A,B
JAX00337254,B,B,A,B,A,B,B,B
JAX00337259,B,B,B,B,B,B,B,A
UNC21364155,B,B,B,B,B,A,A,B
UNC21365215,B,B,B,B,B,A,A,A
UNC21366176,B,A,A,A,A,B,B,A
UNC21366751,B,B,A,B,A,A,A,B
UNC21367022,B,B,B,B,B,A,A,A
JAX00337355,B,B,A,B,A,A,B,B
UNC21368007,B,A,B,A,B,A,B,B
UNC21368651,B,A,A,B,A,A,A,B
UNC21369953,A,A,B,A,B,B,B,A
JAX00337396,A,A,B,A,A,A,A,B
JAX00337402,B,B,B,B,B,B,B,A
UNC21371454,B,B,B,B,A,A,B,A
UNC21372304,B,A,B,B,B,B,B,B
UNC21373240,B,A,B,A,B,A,B,B
UNC21373867,A,A,B,A,B,B,B,A
UNC21374909,A,A,B,B,B,A,A,A
JAX00337489,B,B,B,B,B,B,A,B
UNC120180576,B,B,A,A,A,A,A,B
UNC21375644,A,B,A,B,A,B,B,B
UNC21375989,B,B,B,B,B,B,B,A
UNC21376452,A,B,A,A,A,B,A,B
UNC21377355,B,B,B,B,B,A,A,B
JAX00337559,A,B,A,A,A,B,B,B
UNC21377776,A,B,B,A,B,A,B,B
UNC21378813,A,A,A,B,A,A,B,B
UNC21379531,A,B,B,B,B,B,B,B
backupJAX00037596,A,A,B,A,B,B,B,A
UNC21380282,A,A,B,B,B,A,B,B
UNC21380728,A,A,B,A,B,B,A,B
UNC21381394,A,A,A,A,A,B,B,A
UNC21382769,A,A,B,A,B,A,B,A
UNC120182109,B,A,B,A,B,A,A,A
UNC21383853,B,A,A,A,A,A,B,A
UNC21384373,B,A,B,B,B,B,A,A
UNC21385373,B,B,B,A,B,B,B,B
UNC21385643,A,A,A,A,A,B,B,A
UNC21385907,A,B,A,A,A,A,A,A
UNC21386398,A,A,B,A,B,A,B,A
UNC21386800,B,B,B,B,B,B,A,A
UNC21387663,A,A,B,B,B,A,A,B
UNC21388200,A,A,B,A,B,B,B,A
UNC21388988,B,A,B,B,B,B,B,B
UNC21389110,A,A,B,B,A,A,A,A
UNC21389987,B,B,B,A,B,A,B,B
backupUNC120183254,A,A,B,A,B,A,B,B
UNC21390243,B,B,A,B,A,B,B,A
JAX00337821,A,A,A,A,A,A,B,A
UNC21390701,B,A,B,B,A,B,A,B
JAX00337846,B,B,A,B,B,B,B,B
UNC120183627,B,A,B,B,A,A,B,B
UNC21392101,B,A,A,B,A,B,B,B
JAX00037670,B,A,A,B,A,A,A,B
UNC21392457,A,A,B,B,A,B,B,A
UNC21392800,B,A,B,B,A,A,A,B
UNC21393162,B,A,A,A,A,B,A,B
UNC21393388,B,B,B,B,B,B,B,A
UNC21393934,B,A,A,B,A,A,A,B
JAX00337918,A,B,A,B,B,A,B,A
UNC21394482,A,B,A,B,B,B,A,A
JAX00337932,B,B,B,B,B,A,B,B
UNC21395048,A,B,B,B,B,A,A,A
JAX00037689,B,A,A,B,A,B,B,B
UNC21395322,A,B,B,B,B,A,B,A
UNC21395813,A,A,B,B,A,B,B,A
UNC21396572,B,A,B,B,A,A,A,B
JAX00337968,B,B,B,A,B,B,B,B
UNC21396904,A,A,A,B,A,B,B,A
UNC21398247,B,B,B,B,B,A,B,B
UNC21398368,B,B,A,B,B,A,A,B
JAX00337997,A,A,B,A,A,B,B,B
UNC21398409,A,A,A,A,A,B,B,A
UNC21398449,A,B,B,A,A,B,A,B
UNC21398493,B,A,B,B,B,A,B,B
UNC21398546,A,B,A,A,A,A,A,B
UNC21398613,A,B,B,B,A,B,B,B
UNC21398640,A,A,A,A,A,A,B,A
UNC21398687,B,B,B,B,B,A,A,A
UNC21398727,A,A,A,A,A,B,A,A
UNC21398738,B,A,B,B,B,B,A,B
UNC21398781,A,B,A,A,A,B,A,A
JAX00037708,B,A,B,B,B,A,A,A
UNC21398832,A,A,A,A,A,B,B,A
UNC21398860,B,B,B,B,B,A,B,B
UNC21398883,A,B,A,A,A,B,B,A
UNC21398922,A,A,A,A,A,B,B,A
UNC21398952,A,B,A,A,A,B,B,B
UNC21399000,B,B,B,B,B,A,B,B
UNC21399021,A,A,B,B,A,A,B,B
UNC21399053,B,B,B,B,B,B,B,A
UNC21399084,A,A,A,A,A,B,B,A
UNC21399119,-,A,B,B,A,B,B,B
UNC21399181,A,A,A,A,A,B,A,A
JAX00338022,B,B,B,A,B,A,A,B
UNC21400256,A,B,A,B,A,B,B,B
UNC21401375,B,A,B,B,B,A,A,B
JAX00338054,B,B,B,B,B,A,B,A
UNC21402467,B,B,B,A,B,A,A,B
JAX00037726,A,B,A,B,A,B,B,B
UNC21403908,A,B,A,B,A,B,A,A
UNC21404456,A,B,A,B,A,B,B,B
backupUNC120186393,B,A,B,B,B,A,A,B
UNC21405086,B,B,B,B,B,A,A,B
UNC21405995,A,A,A,A,A,A,A,B
UNC21406695,A,B,A,A,A,B,B,B
UNC121006295,B,B,B,A,B,A,B,A
UNC21407991,A,B,A,B,A,B,A,B
JAX00338176,B,B,B,A,B,B,B,B
UNC21408438,B,A,B,A,B,B,A,A
JAX00338193,A,A,A,A,A,A,B,A
UNC21410263,A,A,A,A,A,B,A,B
JAX00037786,B,A,B,B,B,A,B,A
UNC21411635,B,A,B,A,B,A,A,A
UNC21412753,A,B,A,A,A,A,A,B
UNC21413875,A,A,B,B,A,B,A,A
UNC21414213,A,A,B,B,A,A,B,A
JAX00338296,B,B,B,B,B,B,A,B
UNC21415183,B,B,A,A,B,A,A,A
UNC21415496,A,A,B,B,A,B,B,B
UNC21417261,B,B,A,A,B,A,B,A
JAX00338342,B,B,B,B,B,A,B,B
backupUNC120189472,B,B,A,A,B,A,A,A
UNC21418439,B,B,A,A,B,B,B,B
UNC21419312,B,B,B,B,B,A,A,A
JAX00338383,B,B,B,B,B,B,B,A
UNC21420131,A,A,A,B,A,B,B,B
UNC21421037,A,A,A,A,A,B,B,A
UNC21421144,B,B,A,A,B,A,B,A
UNC21421502,B,B,B,B,B,B,A,B
UNC21421826,B,B,B,B,B,B,A,B
UNC21422225,A,A,B,B,A,B,A,B
UNC21422636,A,A,B,B,A,B,A,B
UNC21422854,A,A,B,B,A,B,B,B
UNC21423558,B,B,A,B,B,B,B,B
UNC21423915,B,B,A,A,A,B,B,B
UNC21424756,B,B,B,B,B,A,B,A
UNC21425314,A,A,B,B,B,B,A,A
UNC21425563,A,A,B,B,B,B,B,A
JAX00338513,A,A,A,A,A,B,B,A
UNC21426442,B,B,A,A,A,B,B,A
UNC21426930,B,B,B,B,B,B,B,A
JAX00338555,B,B,B,B,B,A,B,B
backuprs16820550,A,A,B,B,B,A,A,B
UNC21427315,B,B,B,B,B,A,B,B
UNC21427548,B,B,B,B,B,A,A,B
UNC21427946,B,B,B,B,B,A,A,B
UNC21428150,A,A,B,B,B,A,A,A
UNC21428412,B,B,A,A,A,B,B,A
UNC21428926,B,B,A,A,A,A,B,B
UNC21429148,A,A,B,B,B,B,B,A
UNC21429737,B,B,B,B,B,A,A,A
JAX00338606,A,A,A,A,A,B,B,B
UNC21430006,B,B,B,B,B,A,A,A
UNC21430601,A,A,B,B,B,A,A,A
UNC21430862,A,A,A,A,A,B,B,A
UNC21431183,A,B,A,B,A,A,B,B
UNC21431740,A,A,A,A,A,A,A,B
UNC21431922,A,B,B,B,B,B,A,A
JAX00338634,A,A,A,A,A,A,A,B
UNC120191278,A,B,A,B,A,B,B,A
UNC21432515,A,B,A,B,A,B,A,B
UNC21432675,A,A,A,A,A,B,B,B
UNC21433229,B,A,A,A,A,A,A,B
JAX00338664,B,A,A,A,A,A,A,B
UNC21433477,A,B,B,B,B,A,A,A
UNC21433798,B,B,A,B,A,A,B,B
UNC21433969,B,B,A,B,A,A,A,B
UNC21434613,B,B,A,B,A,A,B,A
UNC21435030,B,A,B,A,B,B,B,B
UNC21435374,A,B,A,B,A,A,B,B
JAX00338711,A,A,A,A,A,A,B,A
UNC21435638,A,A,A,A,A,A,A,B
UNC21435862,B,A,B,A,B,A,A,A
UNC21436192,B,A,B,A,B,A,A,A
UNC21436668,A,B,A,B,A,A,A,B
UNC21437012,B,B,B,B,B,A,B,B
JAX00338733,A,A,A,A,A,B,B,B
UNC21437154,B,A,B,A,B,A,A,B
UNC21437689,B,B,A,B,B,A,A,A
UNC21437982,A,A,B,A,B,B,B,A
UNC21438367,B,B,A,B,A,B,B,A
UNC21439430,B,A,B,A,A,B,B,B
UNC21439559,B,B,A,B,B,B,B,B
JAX00338787,B,B,B,B,B,A,A,B
UNC21440062,A,A,A,A,A,B,B,A
UNC21440193,A,A,A,A,A,B,A,B
UNC21440540,A,A,A,A,A,B,B,B
JAX00338806,B,B,B,B,B,A,A,B
UNC21440969,B,B,B,B,B,A,A,A
JAX00338811,A,A,A,A,A,B,A,A
UNC21441170,B,B,B,B,B,A,A,B
UNC120192659,A,B,A,B,B,A,A,A
UNC21441457,B,B,B,B,B,A,B,B
UNC21441689,A,A,A,A,A,B,B,B
UNC21442090,A,A,A,A,A,B,B,B
UNC21442220,A,A,A,A,A,B,B,A
UNC21442347,B,B,B,B,B,A,A,B
UNC21442562,B,B,B,B,B,A,B,B
UNC21443221,B,B,B,B,B,A,A,A
UNC21444204,B,A,A,A,A,A,A,A
JAX00338872,A,A,A,A,A,B,B,B
UNC21445091,A,A,A,A,A,B,B,A
UNC21446355,A,A,A,A,B,A,B,A
UNC21447798,B,B,B,A,B,B,A,B
UNC21448090,A,A,A,A,A,A,A,B
UNC21449373,A,A,B,A,B,B,B,B
UNC21450718,A,A,B,B,B,A,A,B
JAX00038044,B,B,B,B,B,B,A,B
UNC21451372,B,B,A,A,B,A,A,B
JAX00338977,A,A,A,B,A,A,A,A
UNC121385678,B,B,B,A,B,B,A,A
UNC21452646,B,B,B,B,B,A,B,B
UNC21453079,B,B,B,A,B,A,A,A
UNC21453430,B,B,B,A,A,A,A,A
UNC21454026,A,A,A,A,A,B,B,A
UNC120193604,B,B,A,A,A,B,B,B
UNC21455055,A,A,A,A,A,B,A,B
UNC21455388,A,A,A,B,A,A,A,A
JAX00339050,A,A,A,B,B,B,B,B
UNC21456688,A,A,A,B,B,A,B,B
UNC120511584,B,B,B,A,A,A,A,B
JAX00038106,A,A,A,B,B,B,B,A
UNC21457973,B,B,B,A,A,A,B,B
UNC21459218,B,B,A,A,A,A,A,A
UNC21460305,B,B,B,A,B,A,A,B
backupJAX00201003,A,A,A,B,B,B,B,B
UNC21461623,A,A,A,B,A,B,B,B
JAX00038127,B,B,B,A,B,B,B,A
B6_12-080337517-S,A,B,A,A,A,A,A,A
JAX00339186,A,A,A,B,A,B,B,A
UNC21463443,A,A,A,B,B,A,B,B
UNC21463670,A,A,A,B,B,B,A,B
UNC21465734,A,A,A,B,B,B,B,A
UNC21466199,B,B,B,B,A,A,B,B
UNC21466251,B,B,A,A,A,A,A,B
UNC21466525,A,A,A,A,A,B,B,A
UNC21467024,A,A,B,A,B,B,B,A
UNC21467249,A,A,A,B,B,B,B,B
UNC21467539,A,A,A,A,B,A,B,A
JAX00339272,A,A,B,B,B,B,B,A
UNC21467689,A,A,B,B,B,B,B,A
UNC21468124,A,A,A,A,B,A,A,B
UNC21468301,A,A,A,A,B,B,B,B
JAX00038162,A,A,B,A,B,B,B,A
UNC21468625,A,A,B,A,A,A,A,A
JAX00038169,B,B,A,A,A,A,A,B
UNC21469539,B,B,A,A,A,A,A,B
UNC21469773,B,B,A,B,A,B,B,B
UNC21470049,A,A,A,B,B,B,B,A
UNC21470345,B,B,A,A,A,A,B,B
UNC21470690,B,B,B,B,B,A,A,B
UNC21470989,B,B,B,A,A,A,A,B
UNC21471244,B,B,A,A,B,A,A,B
UNC21471829,B,B,A,B,B,B,-,A
JAX00339350,A,A,A,A,B,A,A,A
UNC21472462,A,A,A,B,B,B,B,A
JAX00339364,B,B,B,B,B,B,A,B
backupUNC120194864,B,B,A,A,A,A,A,A
UNC21473110,B,B,A,A,B,A,A,A
JAX00339370,A,A,A,B,A,A,A,A
UNC21473200,B,B,B,A,B,B,A,B
UNC21473498,A,A,B,A,B,A,A,B
UNC21473603,B,A,A,B,A,A,A,A
JAX00038194,A,B,B,A,B,B,B,B
UNC21473973,B,A,A,A,B,A,A,A
UNC21474157,A,A,B,B,B,B,B,A
UNC21474513,B,B,B,B,A,A,B,B
UNC21474779,B,B,A,B,B,-,B,B
JAX00339426,B,B,B,A,A,B,B,B
UNC21475154,B,B,B,A,A,B,B,B
JAX00339433,A,A,A,B,B,B,A,A
UNC21475915,A,A,A,B,B,B,B,A
UNC21476524,B,B,B,B,B,A,A,B
UNC21476643,A,A,A,B,B,-,A,A
JAX00339454,B,B,B,B,B,B,A,B
UNC21476928,B,B,B,B,A,B,B,B
UNC21477386,A,A,A,A,A,B,A,A
JAX00339467,B,B,B,A,A,A,A,B
UNC21477494,A,A,A,B,B,B,B,A
UNC21477992,B,B,B,A,A,A,A,B
UNC21478180,A,A,A,A,B,B,A,A
UNC21478487,B,A,B,B,B,B,B,A
UNC21479238,B,B,B,B,B,A,A,B
JAX00339494,B,B,B,B,B,A,B,B
UNC21479484,B,B,B,A,A,B,A,B
UNC21479772,A,A,A,A,B,A,A,A
UNC21480034,B,B,B,A,A,A,B,B
UNC21480326,A,B,A,A,B,B,B,A
JAX00038236,A,B,B,B,B,A,A,B
UNC21480449,B,A,B,A,A,A,A,A
UNC21480551,B,A,B,B,B,B,B,B
JAX00339517,B,B,B,B,B,B,B,A
UNC21480915,B,B,B,B,B,A,B,A
UNC21481394,A,B,A,B,A,B,B,B
UNC21481609,A,A,A,A,A,B,B,A
UNC21481826,B,B,B,B,B,A,B,B
UNC21482057,B,B,B,B,B,A,A,B
JAX00339532,A,A,A,A,A,B,B,A
UNC21482177,B,B,B,B,B,A,A,B
UNC21482403,B,B,B,A,B,B,B,B
UNC21482540,A,A,A,A,A,B,A,A
JAX00038250,B,B,B,B,B,A,A,B
UNC21482680,B,B,B,B,B,A,A,B
UNC21482939,B,A,B,A,B,A,A,B
UNC21483137,B,A,B,B,B,A,A,B
UNC21483692,A,A,A,A,A,B,B,B
JAX00038260,A,B,A,B,A,B,-,B
UNC21484125,B,A,B,B,B,B,B,B
UNC21484408,A,A,A,A,A,B,B,A
UNC21484622,A,B,A,B,A,B,B,B
UNC21484989,A,A,A,A,A,A,B,B
JAX00038268,A,A,A,A,A,A,B,B
UNC120195454,B,A,B,B,B,A,A,B
UNC21485578,A,B,B,B,B,A,A,A
UNC21485929,B,A,A,B,B,B,B,A
JAX00339584,A,A,A,A,A,B,A,A
JAX00038272,A,B,B,A,A,A,A,A
UNC21486268,B,A,A,B,B,A,B,B
JAX00339602,B,B,B,B,B,A,A,B
UNC21486827,A,A,A,A,A,A,B,B
UNC21487362,A,A,A,A,A,A,A,B
UNC21487798,B,B,B,B,B,A,A,B
UNC21487929,A,A,A,B,B,B,B,A
UNC21488031,A,A,A,A,A,B,A,A
UNC21488211,A,B,B,A,A,A,A,A
JAX00339644,A,A,A,A,A,B,A,A
UNC21488449,B,A,A,A,A,B,B,B
UNC21488979,A,A,A,B,B,B,A,A
JAX00201059,A,A,A,A,A,B,A,A
UNC21489424,A,B,B,B,B,B,B,A
UNC121388480,A,A,A,B,B,A,B,A
UNC21490169,A,B,B,A,A,B,A,B
UNC120426331,B,A,A,B,B,B,A,A
UNC21490579,A,B,B,A,A,A,A,B
JAX00038315,A,A,A,A,A,B,B,B
UNC21491612,B,B,B,B,B,A,A,B
UNC21492201,B,B,B,B,B,A,A,A
JAX00339718,A,A,A,A,A,A,A,B
JAX00339728,A,A,A,A,A,B,B,A
UNC21492765,B,B,B,B,B,A,A,A
UNC21493377,B,B,B,B,B,A,B,B
UNC21493974,A,A,A,A,A,B,B,B
UNC21494587,B,B,B,B,B,A,A,B
UNC21494979,B,B,B,B,B,A,A,A
UNC120426410,B,A,A,A,B,B,B,B
UNC21495855,A,B,B,A,A,B,B,B
JAX00038346,A,B,B,A,A,A,A,B
UNC21496176,A,B,B,A,A,A,B,B
UNC21496913,B,B,B,B,B,B,B,A
UNC21497641,B,A,A,B,B,A,B,A
UNC21497793,A,B,B,A,A,B,A,B
backupUNC120427232,B,A,A,B,B,A,B,B
JAX00339819,A,B,B,A,A,B,B,A
JAX00339821,A,A,A,A,A,B,A,A
UNC21499168,B,B,B,B,B,A,A,B
JAX00038366,A,A,A,A,A,B,B,A
UNC21499675,B,B,B,B,B,A,B,B
UNC21500982,A,B,B,A,A,A,A,B
UNC21501286,A,A,A,A,A,B,B,B
JAX00339847,A,A,A,A,A,B,A,A
UNC21502522,B,A,A,B,B,B,B,A
UNC21502867,A,B,B,A,A,B,A,B
UNC21503475,A,B,B,A,A,B,B,A
JAX00038387,B,A,A,B,B,A,A,A
UNC21504641,A,B,B,A,A,B,B,B
UNC21504997,B,A,A,B,B,A,B,A
UNC21505443,A,A,A,A,A,B,A,A
UNC21505948,B,A,A,B,A,B,B,B
UNC21506680,A,A,A,A,A,B,B,B
UNC21507521,B,B,B,B,B,A,A,B
UNC21507941,A,A,A,A,A,B,A,B
JAX00339935,B,B,B,B,B,B,B,A
JAX00339937,A,A,A,A,A,B,B,B
UNC21509060,B,B,B,B,B,A,A,A
UNC21509851,A,A,A,A,A,B,B,B
UNC21510371,B,B,B,B,B,A,A,A
UNC21510654,A,A,A,A,A,B,B,A
backupUNC121057817,B,B,B,B,B,A,A,A
UNC21510993,A,A,A,A,A,A,B,B
UNC21511111,B,B,B,B,B,A,A,A
backupUNC121058314,B,B,B,B,B,A,A,A
JAX00340017,A,A,A,A,A,A,A,B
UNC21513484,B,B,B,B,B,A,B,A
JAX00340041,B,B,B,B,B,B,A,B
UNC21514106,A,A,A,A,A,B,B,B
UNC21514481,B,B,B,B,B,A,A,A
UNC21514883,A,A,A,A,A,B,B,B
JAX00340067,A,A,A,A,A,A,A,B
UNC21515564,A,A,A,A,A,B,B,A
UNC21516172,A,A,A,A,A,B,A,B
UNC121060971,A,A,A,A,B,B,B,B
JAX00038466,A,B,A,A,A,A,A,A
JAX00340089,A,A,A,A,A,B,B,B
UNC21516828,A,A,A,A,A,B,B,B
UNC21517098,A,A,A,A,A,B,B,B
UNC21517802,A,A,A,A,A,B,B,A
UNC21518234,B,B,B,B,B,A,B,B
JAX00340111,B,B,B,B,B,B,B,A
UNC21518712,A,A,A,A,A,B,B,B
UNC21519140,A,A,A,A,A,B,B,B
UNC120195854,A,B,A,A,A,-,-,-
UNC21519441,A,A,A,A,A,B,B,B
JAX00340118,A,A,A,A,A,B,A,A
UNC21520310,A,A,A,A,A,B,B,A
UNC21520710,B,B,B,B,B,A,B,A
UNC21521068,B,B,B,B,A,B,B,B
JAX00340139,A,A,A,A,A,B,A,B
UNC21521795,B,B,B,B,B,A,A,A
UNC21523346,A,A,A,A,B,B,A,B
backupUNC121066656,B,B,B,B,A,A,A,B
UNC121066720,B,B,B,B,A,A,A,A
UNC21523779,A,A,A,A,B,B,B,B
UNC21524373,B,B,B,B,B,A,A,A
UNC21525003,B,B,B,B,B,A,A,A
UNC21526139,B,B,B,B,B,A,A,B
UNC21526856,B,B,B,B,B,A,A,A
UNC21527439,A,A,A,A,A,B,B,B
UNC21528081,A,A,A,A,A,B,B,B
JAX00340223,A,A,A,A,A,B,B,B
JAX00340224,B,B,B,B,B,A,B,B
UNC21528730,A,A,A,A,A,B,A,B
UNC21529271,A,A,A,A,A,B,B,A
UNC120195970,A,B,A,A,A,B,A,A
UNC21529936,B,B,B,B,B,A,A,A
UNC21530319,B,B,B,B,B,A,A,A
JAX00038554,B,B,B,B,B,B,B,A
JAX00340257,B,B,B,B,B,B,A,B
UNC21530971,B,B,B,B,B,A,A,B
UNC21531295,A,A,A,A,A,B,A,A
UNC21531637,B,B,B,B,B,A,A,A
UNC21531919,A,A,A,A,A,B,B,B
UNC21532361,A,A,A,A,A,B,B,B
JAX00038569,A,A,A,A,A,A,A,B
JAX00038570,A,A,A,A,A,B,A,A
UNC21532877,B,B,B,B,B,A,A,B
JAX00340288,B,B,B,B,B,A,A,A
JAX00340290,B,B,B,B,B,A,A,B
JAX00038577,A,A,A,A,A,B,B,B
UNC21533646,B,B,B,B,B,B,A,A
JAX00038580,B,B,B,B,B,A,A,A
UNC21533941,A,A,A,A,A,B,B,B
UNC21534337,A,A,A,A,A,B,B,B
UNC21534859,B,B,B,B,B,A,A,A
JAX00038587,B,B,B,B,B,A,A,B
UNC21535324,B,B,B,B,B,A,A,B
JAX00340327,A,A,A,A,A,B,B,B
UNC21535914,B,B,B,B,B,A,B,A
UNC21536336,A,A,A,A,A,B,B,B
JAX00340343,A,A,A,A,A,B,A,B
JAX00340350,A,A,A,A,A,B,B,B
UNC21537855,A,A,A,A,A,B,B,B
UNC21538360,A,A,A,A,A,B,B,A
UNC21538980,A,A,A,A,A,B,A,A
UNC21539522,B,B,B,B,B,A,A,A
UNC21540237,B,B,B,B,B,A,A,A
UNC21540855,B,B,B,B,B,A,A,A
UNC21541231,A,A,A,A,A,B,B,A
JAX00340386,A,A,A,A,A,A,A,B
backupJAX00038625,A,A,A,A,A,B,B,B
UNC21541544,A,A,A,A,A,B,-,A
JAX00038626,B,B,B,B,B,A,B,B
UNC21542131,A,A,A,A,A,B,B,B
JAX00340391,A,A,A,A,A,A,B,A
UNC21542471,A,A,A,A,A,B,B,B
JAX00340397,B,B,B,B,B,A,A,A
UNC21542950,A,A,A,A,A,B,B,B
UNC21543559,A,A,A,A,A,B,B,A
UNC21544350,B,B,B,B,B,A,B,A
UNC21545038,A,A,A,A,A,B,B,B
UNC21545735,A,A,A,A,A,B,B,B
UNC21546248,A,A,A,A,A,B,B,B
UNC21546733,A,A,A,A,A,B,B,A
UNC21547552,A,A,A,A,A,B,A,B
UNC21548163,A,A,A,A,A,B,B,B
UNC21548527,A,A,A,B,A,B,B,B
UNC21548586,B,B,B,A,B,A,A,A
UNC21548704,B,B,B,A,B,A,A,B
UNC21549021,B,B,B,B,B,A,B,B
UNC21549214,A,A,A,A,A,B,B,A
UNC21549357,A,A,A,B,A,B,B,B
JAX00340472,A,A,A,A,A,B,B,A
UNC21549529,A,A,A,B,A,A,A,B
UNC21549643,A,A,A,B,A,B,B,A
UNC21549801,B,B,B,A,B,A,B,A
UNC21550126,B,B,B,A,B,A,A,A
backupUNC121388892,B,B,B,A,B,B,A,A
UNC21550240,B,B,B,A,B,A,A,A
UNC21550512,A,A,A,A,A,B,B,B
UNC21551007,B,B,B,A,B,A,B,B
UNC21551057,A,A,A,B,A,B,B,A
UNC21551339,A,A,A,B,A,B,B,B
UNC21551552,A,A,A,B,A,B,B,B
JAX00340497,A,A,A,A,A,A,B,A
UNC21551800,B,B,B,A,B,B,A,A
JAX00340501,B,B,B,A,B,B,B,B
UNC21551981,A,A,A,B,A,B,A,A
UNC21552207,A,A,A,B,A,B,B,A
JAX00038680,B,B,B,B,B,A,A,A
UNC21552498,A,A,A,B,A,B,B,B
UNC21552733,B,B,B,A,B,A,A,A
JAX00038681,A,A,A,B,A,A,A,B
JAX00340511,A,A,A,A,A,B,A,A
UNC21552913,B,B,B,B,B,A,B,B
UNC21553204,B,B,B,B,B,A,A,B
UNC21553406,A,A,A,B,A,B,B,A
UNC21553581,A,A,A,B,A,B,B,B
UNC21553686,A,A,A,B,A,B,B,B
UNC21553859,B,B,B,B,B,A,B,B
UNC21553992,A,A,A,A,A,B,B,A
UNC21554074,A,A,A,B,A,B,B,A
JAX00340530,A,A,A,A,A,B,B,A
UNC21554313,B,B,B,A,B,A,-,B
UNC21554513,A,A,A,B,A,B,B,B
UNC21554755,B,B,B,A,B,B,A,B
UNC21554894,A,A,A,B,A,B,A,A
JAX00340539,A,A,A,A,A,B,A,A
UNC21555098,A,A,A,B,A,B,B,A
UNC21555204,B,B,B,A,B,A,A,A
UNC21555370,A,A,A,A,A,B,B,B
UNC21555463,B,B,B,A,B,A,A,A
JAX00340548,A,A,A,A,A,B,B,A
UNC21555693,A,A,A,A,A,B,A,A
JAX00340551,A,A,A,B,A,A,A,A
UNC21555898,B,B,B,A,B,A,A,B
UNC21555998,B,B,B,A,B,A,A,B
UNC21556214,A,A,A,A,A,B,B,A
UNC21556271,A,A,A,B,A,B,B,A
UNC21556346,B,B,B,A,B,A,B,B
UNC21556483,B,B,B,B,B,B,B,A
UNC21556667,A,A,A,A,A,B,B,A
UNC21556929,A,A,A,B,A,B,B,A
UNC21557027,A,A,A,B,A,B,B,A
UNC21557142,A,A,A,A,A,B,A,A
JAX00340569,B,B,B,A,B,A,A,B
UNC21557285,B,B,B,A,B,A,A,B
UNC21557494,B,B,B,B,B,A,A,B
UNC21557620,A,A,A,B,A,A,A,B
UNC21557789,A,A,A,A,A,B,B,A
UNC21558033,A,A,A,B,A,B,A,B
UNC21558149,B,B,B,A,B,A,A,B
UNC21558355,B,B,B,A,B,A,A,A
UNC120196274,B,A,B,A,B,A,A,A
UNC21558579,B,B,B,B,B,A,A,B
UNC21558822,A,A,A,B,A,B,B,A
JAX00340592,A,A,A,B,A,B,B,A
UNC21559085,B,B,B,A,B,A,B,B
UNC21559153,A,A,A,B,A,A,A,A
UNC21559280,A,A,A,B,A,B,B,B
UNC21559409,B,B,B,A,B,A,A,A
UNC21559692,A,A,A,A,A,B,A,A
UNC21559805,A,A,A,B,A,A,A,A
JAX00340618,B,A,B,B,A,A,A,B
UNC21560004,A,B,A,A,B,B,B,A
UNC21560219,A,A,A,B,A,B,A,B
backupUNC120196378,A,B,A,B,B,B,B,A
UNC21560483,A,A,A,B,A,A,B,A
UNC21560569,B,B,B,B,B,A,A,B
UNC21560651,A,A,A,B,A,B,B,A
UNC21560745,A,A,A,B,A,B,B,B
UNC21560800,B,B,B,A,B,A,B,B
JAX00340642,A,A,A,A,A,B,B,A
UNC21560981,B,B,B,A,B,A,A,B
UNC21561066,A,A,A,A,A,B,B,A
UNC21561495,A,A,A,A,A,A,A,B
UNC21562220,B,A,B,A,A,B,B,A
UNC21562496,A,A,A,A,A,B,A,B
UNC21563298,A,A,A,B,A,B,B,A
UNC21564054,B,A,B,B,A,B,A,B
UNC21564777,B,B,B,B,B,B,A,B
JAX00340758,A,A,A,A,A,B,B,A
UNC21565652,A,A,A,B,A,B,B,A
JAX00340763,B,A,B,B,A,A,A,B
JAX00340772,B,B,B,A,B,B,B,B
UNC21566402,B,B,A,B,B,B,B,B
UNC21567075,B,A,B,A,A,B,B,B
UNC120199018,B,A,B,B,A,A,B,A
UNC21568298,A,B,A,A,B,A,B,B
UNC21568831,A,B,A,A,B,B,B,A
UNC21569805,B,B,B,A,B,A,A,B
JAX00340835,B,B,B,A,B,B,B,B
JAX00340846,A,A,A,B,A,B,B,A
UNC21571314,A,A,B,B,A,B,B,A
UNC21571955,A,A,A,A,A,B,A,A
UNC21572277,A,A,A,A,A,B,B,B
UNC120199959,A,B,A,A,A,B,B,A
UNC21573488,A,A,B,A,A,B,A,A
JAX00340893,A,A,B,A,A,B,B,A
UNC21574354,B,B,B,A,B,B,B,A
JAX00340922,A,A,A,B,A,B,B,B
UNC21574919,A,A,A,B,A,B,B,B
UNC21575794,B,B,A,A,B,B,B,B
JAX00340939,A,A,B,B,A,A,A,A
JAX00340947,B,B,B,B,B,B,A,B
UNC21576754,A,A,B,B,B,B,B,B
JAX00340953,A,A,A,A,A,B,A,A
JAX00340961,A,A,B,B,A,B,A,B
UNC21578204,B,B,A,A,A,B,B,A
JAX00340983,A,A,A,B,A,A,A,B
UNC21578659,A,A,B,A,B,B,B,A
UNC21579658,A,A,A,A,A,B,B,B
JAX00341012,B,B,B,B,B,A,A,B
UNC21580517,A,A,B,B,A,A,B,B
UNC21580851,B,B,B,A,B,A,A,A
UNC21581638,A,A,A,A,A,B,B,A
JAX00341040,B,B,B,B,B,A,A,B
UNC21582262,B,B,A,B,B,A,B,B
UNC120201699,B,B,A,B,B,A,A,A
UNC21582756,B,B,B,B,B,A,B,A
UNC21583618,A,A,A,B,B,B,B,B
UNC21584188,B,B,B,B,B,A,A,B
UNC121103069,A,A,A,B,B,B,B,B
UNC21584768,A,A,A,B,A,B,B,B
UNC21585312,B,B,B,A,B,A,B,A
UNC21585678,A,A,A,A,A,A,A,B
UNC21586279,B,B,B,B,B,A,A,B
UNC21586874,A,A,A,A,A,B,B,A
UNC21587334,A,A,A,A,A,B,A,A
UNC21587856,A,A,A,B,A,B,B,B
UNC21588473,A,A,A,B,A,B,A,A
UNC21588734,B,A,B,B,A,B,B,B
UNC21588937,B,A,B,B,A,A,A,B
UNC21589789,A,A,A,A,A,A,A,B
UNC21590178,A,A,A,A,A,B,A,A
UNC21590586,B,B,B,B,B,A,A,B
JAX00038927,B,B,B,B,B,A,A,B
UNC21591148,A,A,A,A,A,B,B,A
UNC21591764,B,A,B,B,A,A,B,B
UNC21592254,A,A,A,A,A,A,A,B
JAX00341161,A,A,A,A,A,B,A,A
UNC21594249,A,A,A,B,B,B,B,B
JAX00038947,A,B,A,A,A,B,B,A
UNC21594808,A,B,A,B,B,A,B,B
UNC21595147,B,A,B,B,B,A,A,B
UNC21595530,A,A,B,A,A,A,A,A
JAX00341204,A,B,A,A,A,B,B,B
UNC21596026,A,A,A,B,A,A,B,B
UNC21596600,A,A,A,A,A,B,A,B
UNC21596925,A,A,A,A,B,B,B,A
JAX00341239,A,A,A,A,B,A,A,B
UNC21597330,A,B,A,B,B,B,B,B
UNC21597894,B,B,B,A,A,A,A,B
UNC120203086,A,B,A,B,B,A,A,A
UNC21598534,A,B,A,B,B,B,A,A
UNC21599425,A,B,A,A,A,B,B,B
UNC21600195,A,B,A,B,B,B,-,B
UNC21601070,B,B,B,B,A,A,A,B
UNC21601697,A,B,A,B,B,A,A,A
UNC120203703,B,A,B,A,A,B,A,B
UNC21602908,A,A,A,B,A,B,B,B
JAX00341351,A,A,A,A,A,B,B,B
UNC21604038,A,A,A,A,B,A,B,B
UNC21604280,A,B,B,B,B,B,B,B
JAX00341367,A,A,A,A,A,A,B,A
UNC120204066,B,A,B,A,B,B,B,A
UNC21605641,A,B,A,A,B,B,B,A
JAX00341412,A,B,A,B,B,A,A,A
UNC21607135,B,B,B,B,B,A,A,A
UNC21607890,B,B,B,A,B,A,A,B
UNC21609262,B,A,B,A,A,B,A,A
JAX00341506,B,A,B,A,A,A,A,A
UNC21610320,A,B,A,B,B,A,A,B
JAX00341542,B,A,B,B,A,A,A,A
UNC21611006,B,A,B,B,A,A,B,A
UNC21611722,A,A,A,B,A,B,B,B
backupUNC121120966,B,B,B,A,B,A,B,A
UNC21612295,A,B,A,B,B,A,A,B
UNC21612914,B,A,B,A,A,A,B,B
UNC21614404,A,B,B,B,B,A,A,A
JAX00341663,B,B,B,B,B,A,B,B
UNC21615663,B,B,B,A,B,A,A,A
UNC21616246,A,B,B,A,B,A,A,B
JAX00341727,A,B,B,A,B,A,A,A
UNC21617430,A,B,A,A,B,B,A,A
UNC21618166,A,A,B,B,A,B,A,A
UNC21618575,B,A,B,A,A,B,A,A
JAX00341750,B,B,B,B,B,A,A,B
JAX00341757,A,A,A,A,A,B,B,A
UNC21619648,B,A,B,B,B,A,A,B
UNC21619767,B,B,B,B,B,B,B,A
UNC21621339,A,B,A,A,A,A,A,A
UNC21621880,A,B,B,B,A,B,B,B
UNC21622161,A,B,B,A,A,A,B,A
JAX00341800,A,A,A,A,A,B,B,B
UNC21623238,B,A,A,A,B,B,B,A
UNC21623898,A,A,A,A,A,A,B,B
UNC21624913,A,B,B,B,A,A,A,A
UNC21625989,B,B,B,B,B,A,A,B
UNC21626396,A,A,A,B,A,A,A,A
UNC21627204,B,A,A,A,B,A,A,A
UNC21628098,B,B,B,B,B,A,B,B
UNC21628873,B,B,B,B,B,A,A,A
UNC21629765,B,B,B,B,B,A,A,B
UNC21630873,B,A,A,A,B,B,A,A
UNC21631107,B,A,A,A,B,B,B,A
UNC21632950,A,B,B,A,A,B,B,B
UNC21633067,B,A,A,B,B,B,A,B
UNC120430727,B,A,A,B,B,A,A,A
UNC21635029,B,B,B,B,B,A,A,A
JAX00341931,B,B,B,A,B,B,B,B
UNC21635443,B,A,A,A,B,B,B,B
JAX00341946,A,A,A,B,A,B,B,A
UNC21637349,B,A,A,A,B,A,A,B
UNC21637767,B,A,A,A,B,A,B,B
JAX00341974,A,B,B,B,A,A,B,A
UNC21638588,A,B,B,A,A,B,B,A
UNC120332936,A,B,B,B,A,B,A,B
UNC21639165,B,B,B,A,B,A,B,A
UNC21640155,A,B,B,B,A,B,B,B
UNC21640751,B,B,B,A,B,A,A,B
UNC21641645,A,B,B,B,B,A,A,A
UNC21643075,B,B,B,B,B,A,-,B
JAX00039184,A,A,A,A,A,B,B,A
UNC21643596,B,B,B,B,A,B,B,B
UNC21644859,A,A,A,A,A,A,A,B
UNC21645324,B,B,B,B,B,A,A,B
UNC21646191,B,B,B,B,B,A,A,A
UNC21646445,B,B,B,B,B,B,A,A
UNC21646857,B,A,A,A,A,B,B,A
UNC21647268,B,B,B,A,B,A,B,A
JAX00039204,A,B,B,A,A,A,A,A
UNC21647871,B,B,B,B,A,A,A,B
UNC21648022,A,A,A,A,B,B,B,B
backupUNC121138805,A,A,A,B,B,B,B,B
UNC21648691,B,A,A,B,A,B,B,B
JAX00342086,A,A,A,A,A,B,A,A
UNC21649558,A,A,A,A,A,B,A,A
UNC21649818,A,A,A,B,A,A,A,B
UNC21650120,B,B,B,A,B,A,A,A
UNC21650494,B,A,A,A,A,A,A,A
UNC21650779,A,A,A,B,A,B,B,B
UNC21651516,B,B,B,A,B,B,B,A
JAX00342105,B,B,B,A,B,A,A,A
JAX00342107,B,B,B,B,B,A,A,B
JAX00039223,B,A,A,B,A,A,B,B
UNC21651843,B,B,B,A,B,A,A,A
UNC21652584,A,A,A,B,B,A,B,B
UNC21652727,A,A,A,B,B,A,A,B
UNC21653019,A,A,A,B,B,B,A,B
UNC21653680,A,A,A,B,B,B,B,B
UNC21653862,A,A,A,A,A,A,A,B
UNC21654231,A,A,A,B,A,A,A,A
UNC21654545,B,B,B,B,A,B,B,B
JAX00342135,B,B,B,B,B,B,B,A
UNC21655138,A,A,A,A,A,B,A,B
UNC21655420,B,B,B,B,B,A,A,A
UNC21655817,A,A,A,B,A,B,B,A
UNC21656349,B,B,B,B,B,B,B,A
UNC21656406,B,B,B,A,B,B,A,B
UNC21656791,B,B,B,B,A,B,B,B
UNC21657013,A,A,A,B,A,A,A,A
JAX00342162,B,B,B,B,B,B,A,B
UNC21657638,B,B,B,B,A,A,A,B
UNC121144756,A,A,A,B,A,B,A,B
UNC21658449,A,A,A,B,A,B,B,B
UNC21658835,B,B,B,A,A,A,A,A
UNC21659553,B,B,B,B,A,B,A,B
UNC21659826,B,B,B,B,A,A,A,B
UNC21659971,A,A,A,A,B,B,A,A
UNC21660236,B,B,B,B,A,A,A,B
UNC21660829,B,B,B,B,B,A,A,B
UNC21662604,A,A,A,B,A,A,A,A
JAX00342201,A,A,A,B,A,B,B,B
UNC21664716,A,A,A,A,B,B,A,A
backupUNC121149293,A,A,A,B,B,B,B,B
UNC21665364,B,B,B,A,A,A,A,A
UNC21667400,A,A,A,A,B,B,A,B
JAX00342253,B,B,B,B,B,A,B,B
UNC21668292,B,B,B,B,A,B,B,A
JAX00342257,A,A,A,A,B,A,A,B
UNC21669755,B,B,B,B,A,A,A,B
UNC121152247,B,B,B,B,A,A,A,A
JAX00342288,B,B,B,B,B,A,A,B
UNC21672857,A,A,A,A,A,B,B,B
UNC21673883,A,A,A,A,A,B,B,B
UNC21675300,B,B,B,B,A,A,A,B
UNC21676026,A,A,A,A,B,B,B,B
JAX00342337,A,A,A,A,A,B,B,A
UNC21676758,B,B,B,B,A,B,A,B
UNC21677879,A,A,A,A,B,B,B,A
UNC21679269,A,A,A,A,A,B,B,A
JAX00342378,B,B,B,B,B,A,A,A
UNC21680204,A,A,A,A,A,B,B,B
JAX00039354,A,B,B,B,A,A,A,A
UNC21681844,A,A,A,A,A,B,A,B
UNC21682449,A,A,A,A,A,B,B,B
UNC21684139,B,B,B,B,B,A,A,B
UNC21686362,B,B,B,B,A,B,A,B
UNC21687718,A,A,A,A,B,B,B,A
UNC21688614,B,B,B,B,A,A,B,B
backupJAX00342453,B,B,B,B,A,A,A,B
UNC120433382,A,B,B,B,A,A,A,A
UNC21689506,A,A,A,A,B,B,B,B
UNC21690759,B,B,B,B,B,A,B,B
UNC21692153,A,A,A,A,B,B,B,A
UNC21693197,A,A,A,A,B,B,B,B
UNC21694493,A,A,A,A,A,B,B,A
UNC121432387,B,B,B,B,A,A,A,A
UNC21695899,B,B,B,B,A,A,A,A
UNC21696873,B,B,B,B,B,A,B,B
UNC21697692,A,A,A,A,B,B,B,A
UNC21698472,B,B,B,B,A,A,A,B
JAX00039436,B,B,B,B,B,A,A,A
UNC121171686,B,B,B,B,A,A,A,A
JAX00342570,A,A,A,A,A,B,B,B
UNC21701665,B,B,B,B,B,A,B,A
JAX00342572,B,B,B,B,B,A,B,B
UNC21703219,A,A,A,A,B,B,B,B
JAX00342596,B,B,B,B,B,A,A,A
UNC21703667,A,A,A,A,B,A,A,A
JAX00039456,A,A,A,A,A,B,B,A
UNC21704608,B,B,B,B,B,B,B,A
UNC21704873,A,A,A,A,A,B,B,A
UNC21704878,B,B,B,B,B,B,A,B
UNC21704892,A,A,A,A,A,A,B,A
UNC21704903,B,B,B,B,B,A,A,B
UNC21704926,A,A,A,A,A,B,B,A
UNC21704937,B,B,B,B,B,A,A,B
UNC21704941,A,A,A,A,A,B,B,A
UNC21704955,B,B,B,B,B,A,A,B
UNC21704966,A,A,A,A,A,B,A,A
UNC21704975,B,B,B,B,B,A,A,B
UNC21704977,B,B,B,B,B,A,B,B
UNC21704987,B,B,B,B,B,A,A,B
UNC21705032,B,B,B,B,B,A,A,B
UNC21705057,B,B,B,B,B,A,A,B
UNC21705063,A,A,A,A,A,B,A,A
UNC21705075,A,A,A,A,A,B,A,A
UNC21705080,A,A,A,A,A,B,A,A
UNC21705091,A,A,A,A,A,B,B,A
UNC21705096,A,A,A,A,A,B,B,A
UNC21705115,B,B,B,B,B,A,A,B
UNC21705118,B,B,B,B,B,A,A,B
UNC21705164,A,A,A,A,A,B,A,A
JAX00342612,A,A,A,A,A,B,B,A
UNC120433451,B,A,A,A,B,B,B,A
UNC21705923,A,A,A,A,A,A,A,B
UNC21707067,A,A,B,A,B,A,A,B
JAX00342641,A,A,A,A,B,A,A,A
UNC21707320,A,A,B,A,A,B,B,B
UNC21708154,B,B,A,B,A,A,B,A
UNC21708492,A,A,A,A,B,B,B,A
UNC21709071,A,A,B,A,B,B,B,A
UNC21709603,B,B,B,B,B,A,A,A
UNC21710461,A,A,B,A,B,B,B,B
JAX00342700,B,B,A,B,A,A,A,B
JAX00342716,A,A,A,A,B,B,B,B
UNC21711530,B,B,B,B,A,A,A,A
B6_rs29206394,B,A,B,B,B,B,B,B
UNC21712062,B,B,B,B,A,A,B,A
JAX00342730,B,B,B,B,A,A,A,A
UNC21712710,B,B,A,B,A,A,A,B
JAX00039498,B,B,A,B,A,A,A,B
UNC21713356,B,B,A,B,A,A,A,A
JAX00342756,A,A,A,A,A,B,A,A
JAX00342761,B,B,B,B,B,B,A,B
UNC21713991,B,B,B,B,B,A,A,B
backupJAX00039505,A,A,B,A,A,B,B,A
UNC21714796,A,A,A,A,A,B,A,A
UNC21715566,B,B,A,B,A,A,A,B
UNC21716170,A,A,A,A,B,B,B,B
UNC21716622,A,A,B,A,A,B,B,B
JAX00342806,B,B,B,B,B,A,B,B
UNC21717560,A,A,A,A,A,B,B,A
UNC21717969,A,A,B,A,A,A,B,B
JAX00039525,A,A,B,A,A,B,B,A
UNC21718496,B,B,A,B,A,A,A,A
UNC21718670,A,A,A,A,A,A,B,B
JAX00342843,A,A,B,A,A,-,A,A
JAX00342845,B,B,B,B,B,A,B,B
UNC21719507,A,A,B,A,A,B,B,A
UNC21720550,B,B,B,B,B,A,A,A
UNC21721273,B,B,A,B,B,A,B,B
UNC120210236,B,B,A,B,A,A,-,A
JAX00342873,A,A,B,A,A,A,A,A
UNC21721639,A,A,A,A,A,A,A,B
UNC21722211,B,B,A,B,B,A,A,B
JAX00342887,B,B,B,B,B,A,A,B
UNC21722840,A,A,B,A,A,A,B,A
UNC21723090,A,A,B,A,A,B,A,A
UNC21723370,B,B,A,B,B,A,A,B
UNC21723638,B,B,A,B,A,A,A,A
UNC21724289,A,A,A,A,B,B,B,A
UNC21724665,A,A,A,A,A,B,B,A
UNC21725034,A,A,B,A,B,A,B,A
JAX00342932,B,B,A,B,B,B,A,A
JAX00342933,B,B,B,B,B,B,B,A
UNC21725960,B,B,A,B,A,A,B,A
UNC21727423,B,B,A,B,B,A,B,B
UNC120212333,A,A,B,B,B,A,A,B
UNC21727700,B,B,B,B,B,B,B,A
UNC21728359,A,A,A,A,A,B,B,A
UNC21728882,A,A,A,A,B,B,B,B
UNC21729238,B,B,A,B,B,A,A,B
UNC21729865,A,A,B,A,B,B,A,B
UNC21730373,B,B,A,B,B,B,B,A
UNC21730888,A,A,B,A,A,B,A,B
UNC21731043,B,B,A,B,B,A,A,A
UNC21731782,A,A,A,A,A,B,B,B
UNC21732309,A,A,A,A,B,A,A,A
JAX00343047,B,B,A,B,B,A,A,B
UNC21733334,A,A,B,A,A,B,A,B
UNC21733624,B,B,A,B,B,A,A,A
UNC21734407,A,A,B,A,B,A,B,B
JAX00343087,A,A,B,A,A,A,A,B
UNC21734627,A,A,B,A,B,B,B,B
UNC21735253,B,B,A,B,B,A,A,B
JAX00039620,B,B,A,B,A,B,B,A
UNC21736141,B,B,A,B,A,A,B,A
UNC21736493,A,A,A,A,B,A,A,A
UNC21737006,B,B,B,B,A,A,B,A
UNC21737291,A,A,A,A,B,B,B,B
UNC21737618,A,A,A,A,A,A,A,B
JAX00343146,A,A,A,A,A,A,B,A
UNC21738140,A,A,A,A,B,A,B,B
UNC21738568,A,A,B,A,A,A,B,B
UNC21738865,B,B,A,B,A,A,A,A
UNC120214146,B,A,B,A,A,B,B,B
UNC21739992,A,A,A,A,A,A,A,B
UNC21740808,B,B,B,B,B,A,A,B
UNC21741427,A,A,A,A,A,B,A,A
UNC21742021,B,B,A,B,A,B,A,A
UNC21742502,B,B,A,B,B,B,B,B
UNC21743058,A,B,A,B,A,B,B,A
UNC21743359,A,A,A,A,A,A,B,A
JAX00343238,B,B,A,B,A,A,A,A
UNC21743998,A,A,B,A,B,B,B,B
backupJAX00343251,A,B,B,B,B,A,A,B
JAX00343261,A,B,B,B,B,B,B,B
UNC21745067,A,A,B,A,B,A,B,B
UNC21745561,A,A,B,A,A,B,A,B
JAX00039675,B,A,A,A,A,B,B,B
UNC21746210,B,B,B,B,B,A,A,A
UNC21746563,B,A,A,A,A,A,A,A
UNC21746812,A,B,A,B,B,A,A,B
UNC21747439,B,B,B,B,A,A,A,A
JAX00343339,A,A,A,A,A,B,A,A
JAX00343343,A,A,A,A,A,A,A,B
UNC21747969,B,A,B,A,B,B,A,A
JAX00343352,B,A,B,A,B,B,B,A
UNC21748509,A,A,B,B,B,B,B,B
UNC21748883,A,A,B,A,B,B,B,A
UNC21749873,B,B,B,B,B,A,A,A
JAX00039700,B,B,A,A,A,A,A,A
UNC21750286,A,A,A,B,A,B,B,A
UNC120514719,B,B,B,A,B,A,A,A
UNC21750535,B,B,B,A,B,A,B,A
UNC21751029,B,B,A,A,A,B,A,B
UNC21751906,A,A,B,A,B,A,A,B
JAX00343426,B,B,B,B,B,B,A,B
UNC21752849,A,A,A,A,A,-,B,B
UNC120334163,A,A,B,B,B,B,A,B
UNC21753510,A,A,B,B,B,B,A,B
UNC21753789,B,B,A,A,A,A,B,B
JAX00343472,B,B,B,B,B,A,B,B
UNC21754277,A,A,B,B,B,A,A,B
UNC21754563,B,B,B,A,B,B,B,B
JAX00039727,A,A,B,B,B,B,B,B
UNC21755025,B,B,A,A,A,A,A,A
UNC21755263,B,B,A,A,A,B,B,B
UNC21755855,B,B,B,B,B,A,B,B
UNC21756334,B,B,B,B,B,-,B,A
UNC21756738,B,B,A,A,A,A,A,A
UNC21756903,B,B,A,A,A,B,B,A
UNC21757340,B,B,A,A,A,A,B,B
UNC21757621,A,A,B,B,B,A,A,B
JAX00343583,A,A,B,B,B,B,B,B
UNC21758301,A,A,B,B,B,B,B,A
UNC21758880,B,B,A,A,A,B,B,B
UNC21759219,A,A,A,A,B,B,B,B
JAX00343614,B,B,B,B,A,B,B,B
UNC21759620,A,A,B,A,A,B,A,A
UNC21760239,B,B,B,B,B,B,A,B
JAX00343633,B,B,B,B,B,A,A,A
UNC21760555,A,A,B,B,B,A,A,B
backupJAX00343655,A,A,B,B,B,B,B,A
UNC21761638,B,B,B,A,B,A,A,A
UNC21762112,A,A,A,B,B,A,B,A
JAX00343692,B,B,B,B,B,A,A,A
UNC21762898,B,B,B,B,B,A,A,B
UNC120219069,B,B,A,B,A,A,A,A
UNC21763230,B,B,B,B,A,B,B,B
UNC21763677,A,A,A,A,A,A,B,B
UNC21764125,B,B,A,A,A,A,B,A
JAX00343741,B,B,A,A,A,A,A,A
UNC21765238,A,A,A,B,A,A,A,A
UNC21765758,B,B,B,B,B,A,A,A
UNC21766232,A,A,B,B,B,B,B,A
UNC21766943,A,A,A,B,B,B,A,B
UNC21767748,B,A,A,B,B,B,B,A
UNC21768139,A,A,B,A,A,B,B,B
UNC21768761,A,B,B,A,A,B,B,A
UNC21769258,B,A,A,B,B,A,B,B
backupUNC120434690,A,B,B,B,B,A,B,A
JAX00039832,B,A,A,B,B,B,B,B
JAX00343847,A,A,A,B,B,A,A,A
UNC120434947,B,A,A,B,B,A,A,B
UNC21770606,A,A,A,B,B,B,B,A
UNC21771132,B,A,A,A,A,A,A,A
JAX00039841,A,A,A,A,A,B,B,A
UNC21771730,A,A,A,A,A,A,A,B
UNC21771945,A,A,A,A,A,B,A,A
UNC21772030,A,A,A,A,A,B,B,A
UNC21772109,B,B,B,B,B,A,B,B
UNC21772193,B,B,B,B,B,A,A,B
UNC21772286,B,B,B,B,B,A,A,B
UNC21772393,B,B,B,B,B,A,B,B
UNC21772524,A,A,A,A,A,B,B,A
UNC21772587,A,A,A,A,A,B,B,A
UNC21772684,B,B,B,B,B,A,A,B
UNC21772719,A,A,A,A,A,B,A,A
UNC21772748,B,B,B,B,B,A,A,B
UNC21772871,B,B,B,B,B,A,A,B
UNC21772910,A,A,A,A,A,B,B,B
UNC21772961,A,A,A,A,A,B,B,A
UNC21773038,B,B,B,B,B,A,A,B
UNC21773102,B,B,B,B,B,A,A,B
JAX00343893,A,A,A,A,A,B,A,A
UNC21773142,A,A,A,A,A,A,A,B
UNC21773273,A,A,A,A,A,B,B,B
UNC21773786,B,B,B,B,B,A,B,B
UNC21774380,B,B,B,B,B,A,A,B
JAX00039866,A,A,A,A,A,A,B,A
JAX00343918,B,B,B,B,B,B,B,A
UNC21775378,A,A,B,B,A,B,B,A
backupUNC120219860,A,A,B,B,A,B,A,A
UNC21776133,B,B,A,A,B,A,A,B
JAX00343930,A,A,A,A,A,A,B,B
UNC21777069,B,B,B,B,B,A,A,A
JAX00039877,A,A,A,A,A,B,B,B
UNC21778099,B,B,B,B,B,B,A,A
JAX00343974,A,A,A,A,A,B,B,B
JAX00343975,A,A,A,A,A,A,B,A
UNC21779079,B,B,B,B,B,A,B,A
UNC21779963,A,A,B,A,A,B,B,B
UNC21780871,B,B,B,A,A,A,A,B
UNC21781983,B,B,B,B,A,B,B,B
UNC21782208,A,A,A,A,B,B,A,A
UNC21783086,A,A,A,A,A,A,A,B
backupUNC121217690,B,B,B,B,A,A,A,B
UNC21784630,A,A,A,B,A,B,B,A
JAX00039918,B,B,B,A,B,B,B,B
UNC21785529,A,A,B,A,A,A,A,-
UNC21786151,B,B,A,B,B,B,B,A
UNC21786215,B,B,A,A,B,B,B,A
UNC21786367,A,A,B,B,A,A,A,B
UNC21786436,A,A,A,B,A,A,A,A
JAX00344151,B,B,B,B,B,A,B,B
JAX00344152,B,B,A,A,B,B,B,A
UNC21786664,B,B,B,B,B,A,B,B
UNC21786756,B,B,A,A,B,B,B,A
JAX00344154,A,A,A,A,A,A,B,A
UNC21786922,A,A,A,A,A,B,A,B
UNC21787084,A,A,A,A,A,A,B,A
UNC21787189,B,B,A,A,B,B,B,B
UNC21787322,A,A,B,A,A,A,A,A
JAX00344164,B,B,B,B,B,B,B,A
UNC21787433,B,B,A,A,B,A,B,B
UNC21787562,B,B,A,A,B,A,A,A
UNC21787709,B,B,B,A,B,B,B,A
UNC21788021,B,B,B,A,B,B,B,B
UNC21788101,A,A,A,B,A,A,-,B
UNC21788185,A,A,A,B,A,B,B,B
UNC21788382,A,A,A,B,A,B,B,B
UNC21788580,A,A,A,B,A,B,A,B
UNC21788689,B,B,B,A,B,B,B,B
UNC21788875,A,A,A,B,A,A,B,B
UNC21788960,B,B,B,A,B,A,A,A
UNC21789121,B,B,B,A,B,A,A,A
UNC21789607,B,B,B,A,B,B,B,A
JAX00344185,A,A,A,B,A,A,B,B
UNC21790461,B,B,B,A,B,B,A,A
JAX00344189,A,A,A,B,A,A,A,B
UNC21790697,A,A,A,B,A,B,A,B
JAX00344190,A,A,A,B,A,A,A,B
UNC21790712,A,A,A,B,A,B,B,B
UNC21790805,A,A,A,A,A,A,A,B
JAX00039960,B,B,B,A,B,B,B,B
UNC120519063,A,A,A,B,B,A,A,B
UNC21791893,A,A,A,B,A,A,A,A
UNC21792249,A,A,B,B,A,A,B,B
UNC21792451,A,A,B,B,A,A,A,B
UNC21792585,A,A,B,B,A,B,A,B
JAX00344246,A,A,B,A,A,A,A,A
UNC21792757,A,A,A,B,A,A,A,B
UNC21793148,A,A,B,B,A,B,A,B
UNC21793500,A,A,B,B,A,B,B,B
UNC21794068,B,B,B,A,B,A,B,A
JAX00039974,B,B,A,A,B,B,B,A
UNC21794430,B,B,A,A,B,B,B,B
JAX00344283,A,A,A,A,A,A,B,A
UNC21794684,B,B,B,B,B,A,A,B
JAX00344291,A,A,A,A,A,A,A,B
UNC21795195,B,B,B,B,B,A,A,A
UNC21795548,A,A,A,A,A,B,B,A
UNC21795962,A,A,A,A,A,B,B,B
UNC21796169,B,B,B,B,B,A,A,A
UNC21796585,A,A,A,A,A,B,A,B
UNC21796851,B,B,B,B,B,A,A,A
UNC21797220,B,B,B,B,B,A,A,B
JAX00344326,A,A,A,A,A,A,A,B
JAX00344333,B,B,B,B,B,A,A,A
UNC21797644,A,A,A,B,A,A,A,A
UNC21797783,B,B,A,A,B,A,B,A
UNC21798152,B,B,A,A,B,A,A,A
JAX00344350,B,B,B,B,B,A,A,B
UNC21798473,A,A,A,B,A,B,B,B
UNC21798812,A,A,A,B,A,B,B,A
UNC21799058,A,A,A,A,A,B,A,A
UNC21799243,A,A,A,A,A,B,B,A
UNC21799569,A,A,A,B,A,B,B,A
UNC21800318,A,A,B,B,A,B,A,B
UNC21800440,B,B,A,A,B,B,A,A
UNC21800672,B,B,A,B,B,B,B,B
JAX00344390,A,A,B,A,A,A,A,B
UNC120225703,B,B,A,B,B,A,A,B
UNC21801172,B,B,A,B,B,A,A,A
UNC21801555,B,B,A,A,B,A,B,A
JAX00040009,B,B,B,B,B,A,A,B
UNC21801821,A,A,A,A,A,B,B,A
UNC21802083,A,A,A,B,A,B,B,B
UNC21802582,A,A,A,A,A,A,B,A
UNC21802988,B,B,B,A,B,A,A,B
UNC21803696,B,B,B,B,B,A,B,A
UNC21804072,A,A,A,A,A,B,B,A
UNC120435288,B,A,A,A,B,B,-,B
UNC21804878,A,A,A,A,A,B,A,A
UNC21805196,B,B,B,B,B,A,A,B
UNC21805461,B,B,B,B,B,A,A,A
UNC21806262,A,A,A,A,A,B,B,A
UNC21806283,A,A,A,A,A,B,A,A
JAX00344442,B,B,B,B,B,A,B,B
UNC21806345,B,B,B,B,B,A,-,B
JAX00344448,B,B,B,A,B,B,B,B
UNC21806755,A,A,A,A,A,B,B,A
JAX00344453,B,B,B,B,B,B,A,B
UNC21807123,A,A,A,A,A,A,A,B
UNC21807390,B,B,B,B,B,A,A,A
UNC21807895,B,B,B,B,B,A,B,B
UNC21808033,A,A,A,A,A,B,B,A
UNC21808386,A,A,A,A,A,B,B,B
UNC21808571,B,B,B,B,B,A,A,A
UNC21808929,B,B,B,B,A,A,A,A
UNC21809010,B,B,B,B,B,A,A,B
UNC21809372,A,A,A,A,A,B,B,A
UNC21809539,A,A,A,A,A,B,B,B
UNC21809878,A,A,A,A,A,B,B,A
UNC21810078,B,B,B,B,B,A,B,B
UNC21810639,B,B,B,B,B,A,A,A
JAX00344514,B,B,B,B,B,B,B,A
UNC21811046,B,B,B,B,A,A,A,A
UNC21811398,A,A,A,A,B,B,B,B
UNC21811820,A,A,A,A,A,B,A,A
JAX00344534,A,A,A,A,A,B,A,A
JAX00344538,A,A,A,A,A,B,A,A
UNC21812285,A,A,A,A,A,B,B,A
UNC21812500,A,A,A,A,A,B,B,B
UNC21812914,B,B,B,B,B,A,A,A
JAX00344565,A,A,A,A,A,B,B,A
JAX00344566,A,A,A,A,A,A,B,A
UNC21812973,A,A,A,A,B,B,B,B
UNC21813271,B,B,B,B,B,A,B,A
UNC21813504,B,B,B,B,A,A,A,B
JAX00344593,A,A,A,A,B,A,B,B
UNC21814563,A,A,A,A,B,B,B,B
UNC21814734,A,A,A,A,B,B,A,B
UNC21814906,A,A,A,A,B,B,B,A
UNC21815234,A,A,A,A,A,B,B,B
JAX00344612,A,A,A,A,B,B,B,A
UNC21815377,A,A,A,A,B,B,B,B
UNC21815627,A,A,A,A,B,B,B,B
JAX00344622,B,B,B,B,B,A,A,A
UNC21815826,A,A,A,A,B,B,A,A
UNC21816851,B,B,B,B,B,A,A,A
UNC21817166,B,B,B,B,A,A,A,A
UNC21817592,B,B,B,B,A,A,A,A
UNC21817943,A,A,A,A,B,B,A,B
UNC21818242,B,B,B,B,A,A,A,B
UNC21818364,B,B,B,B,B,A,A,A
UNC21818638,A,A,A,A,B,B,B,B
UNC21818993,A,A,A,A,B,B,B,B
JAX00040095,B,B,B,B,A,A,A,A
UNC21819364,B,B,B,B,A,A,B,A
UNC21819449,A,A,A,A,B,A,B,B
backupUNC121237008,A,A,A,A,A,B,B,B
UNC21820229,A,A,A,A,B,A,A,A
UNC21820485,B,B,B,B,B,A,A,A
UNC21820699,B,B,B,B,B,A,B,A
UNC21820962,A,A,A,A,A,B,B,A
UNC21821218,B,B,B,B,B,A,A,B
UNC21821487,A,A,A,A,A,B,B,A
UNC21821837,A,A,A,A,A,B,B,B
JAX00201638,A,A,A,A,A,B,B,A
UNC21822267,A,A,A,A,A,A,B,B
UNC21822546,B,B,B,B,B,A,A,B
UNC21822831,B,B,B,B,B,A,A,A
UNC21823272,A,A,A,A,A,B,B,B
UNC21823577,A,A,A,A,B,B,B,B
UNC120565670,B,B,B,B,A,A,A,A
UNC21823800,B,B,B,B,B,A,B,B
UNC21823986,A,A,A,A,B,B,B,A
JAX00040122,B,B,B,B,A,A,A,B
JAX00344766,A,A,A,A,A,B,A,A
UNC21824226,A,A,A,A,B,B,B,A
UNC21824568,B,B,B,B,B,A,A,A
JAX00344773,A,A,A,A,A,B,B,A
UNC21824853,B,B,B,B,B,A,A,B
UNC21825079,B,B,B,B,B,A,B,B
JAX00040129,B,B,B,B,A,A,A,A
UNC21825371,A,A,A,A,B,B,B,B
JAX00040131,A,A,A,A,B,A,A,A
UNC21825884,B,B,B,B,B,A,A,A
UNC21826309,B,B,B,B,A,A,A,B
UNC21826729,B,B,B,B,A,B,A,A
UNC21826969,B,B,B,B,A,A,B,A
UNC21827493,A,A,A,A,B,B,B,B
UNC21828139,B,B,B,B,A,A,A,B
UNC21828278,A,A,A,A,B,B,B,B
UNC21828693,A,A,A,A,B,A,B,B
UNC21828844,B,B,B,B,A,A,B,B
UNC21829222,A,A,A,A,B,B,B,B
JAX00344860,A,A,A,A,B,B,B,A
UNC21829566,B,B,B,B,A,A,A,B
JAX00344864,A,A,A,A,B,B,B,A
UNC21829813,B,B,B,B,A,A,A,B
UNC21830102,B,B,B,B,B,A,A,B
UNC21830380,B,B,B,B,B,A,B,B
JAX00040154,A,A,A,A,B,B,B,B
UNC21830783,A,A,A,A,B,B,B,B
UNC21831084,A,A,A,A,B,B,B,A
UNC21831356,A,A,A,A,A,B,B,B
UNC21831882,A,A,A,A,A,B,A,B
UNC21832218,A,A,A,A,B,B,B,B
UNC21832806,A,A,A,A,A,B,B,B
UNC21833090,B,B,B,B,B,A,A,A
UNC21833376,B,B,B,B,B,A,B,B
UNC21833740,B,B,B,B,B,A,A,B
UNC21834234,B,B,B,B,B,A,A,A
UNC21834358,A,A,A,A,A,B,B,B
UNC21834611,B,A,A,B,B,A,B,A
UNC21835136,B,A,A,B,B,A,A,B
UNC21835418,A,B,B,A,A,B,B,A
UNC120435580,B,A,A,B,B,A,B,B
UNC21835670,A,A,A,A,A,B,A,A
JAX00345002,B,B,B,B,B,B,B,A
UNC21835946,B,B,B,B,B,A,A,B
JAX00345011,B,B,B,B,B,B,B,A
UNC21836373,A,A,A,A,A,B,B,B
UNC21836610,B,B,B,B,B,A,A,A
UNC21836874,A,A,A,A,A,B,A,B
JAX00345062,A,A,A,A,A,B,A,B
UNC21837639,A,A,A,A,A,B,B,A
UNC21837894,A,A,A,A,A,B,B,B
UNC21838050,A,A,A,A,A,B,B,B
JAX00345074,A,A,A,A,A,B,B,B
UNC21838629,B,A,A,B,A,B,B,A
UNC21839112,A,B,B,A,B,A,B,A
UNC21839382,A,B,B,A,B,A,A,B
UNC21839605,B,A,A,B,A,A,B,B
UNC21840138,B,A,A,B,A,A,B,B
UNC21840426,B,A,A,B,A,A,B,A
UNC21840663,A,B,B,A,B,A,B,B
UNC21841193,B,A,A,B,A,B,B,A
UNC21841500,B,A,A,B,A,B,B,A
UNC21841758,A,B,B,A,B,B,A,A
UNC21842218,B,A,A,B,A,A,B,A
UNC21842417,A,B,B,A,B,B,B,B
UNC21842910,A,B,B,A,B,A,A,A
UNC21843222,B,A,A,B,A,B,B,A
UNC21843470,B,A,A,B,A,B,B,A
UNC21843806,B,A,A,B,A,A,B,A
UNC21843948,A,B,B,A,B,A,B,B
UNC21844386,B,A,A,B,A,B,B,A
UNC21844691,B,A,A,B,A,B,B,A
UNC21844978,B,A,A,B,A,B,B,A
UNC21845333,A,B,B,A,B,B,A,B
backupJAX00345217,A,B,B,A,B,A,A,B
UNC21845717,A,B,B,A,B,A,B,B
UNC21846007,B,A,A,B,A,B,B,A
UNC21846399,A,A,A,B,A,B,A,A
UNC21846558,A,B,B,B,B,A,B,A
JAX00345252,A,A,A,A,A,A,A,B
JAX00345259,B,A,A,A,A,A,A,A
UNC21847203,A,B,B,A,B,B,A,B
UNC21847338,B,B,B,A,B,B,A,A
JAX00040230,A,B,B,A,B,A,A,A
UNC21847786,A,B,B,A,A,A,A,A
UNC21847927,B,B,B,B,B,B,A,B
UNC21848389,A,A,A,A,B,A,A,B
UNC21848529,A,A,A,A,A,B,A,B
UNC21848807,A,B,B,B,A,A,B,B
JAX00040236,A,B,B,B,A,B,B,B
UNC21849055,A,A,A,B,A,B,A,A
UNC21849301,B,B,B,A,A,A,A,B
UNC21849501,B,A,A,A,B,A,A,A
UNC21849873,B,A,A,B,A,B,B,B
UNC21850475,A,A,A,B,A,A,A,A
UNC21850629,A,A,A,B,B,A,B,A
JAX00345313,B,A,A,B,B,B,B,B
UNC120441142,A,B,B,A,B,A,A,A
UNC21851121,B,B,B,A,B,A,A,B
UNC21851398,B,A,A,B,B,A,B,B
JAX00345330,A,A,A,A,B,A,A,A
UNC21851572,B,B,B,B,B,B,A,B
UNC21851803,A,B,B,B,A,A,B,A
JAX00345337,A,B,B,B,A,B,B,A
UNC21852055,A,B,B,-,B,B,-,A
JAX00345356,B,B,B,B,B,A,B,B
UNC21852264,A,B,B,B,B,B,B,B
JAX00345362,A,A,A,A,A,A,B,A
UNC21852388,A,A,A,B,A,B,A,A
UNC21852983,A,A,A,A,B,A,A,A
UNC21853099,B,B,B,A,B,A,A,B
UNC21853120,B,A,A,A,A,A,A,A
JAX00040262,B,A,A,B,A,B,B,A
UNC21853187,A,A,A,B,A,A,B,A
UNC21853218,A,A,A,B,A,B,A,A
UNC21853256,B,B,B,A,B,A,A,B
UNC21853286,A,B,B,B,B,B,B,B
UNC21853392,B,B,B,A,B,B,A,B
UNC21853439,B,B,B,A,B,B,A,B
UNC21853488,A,A,A,B,A,B,B,A
UNC21853539,A,B,B,A,B,A,A,B
UNC21853580,B,B,B,A,B,B,B,B
UNC21853639,B,B,B,A,B,B,A,B
JAX00345394,B,B,B,B,B,A,B,B
UNC21853703,A,A,A,B,A,B,B,A
UNC21853776,B,A,A,B,A,B,B,A
UNC21853905,B,B,B,A,B,B,A,B
UNC21853956,B,A,A,B,B,A,B,B
UNC21854003,B,A,A,B,A,A,B,A
UNC21854030,B,B,B,A,B,A,A,B
UNC21854084,B,B,B,A,B,B,B,B
UNC21854143,B,A,A,A,A,A,A,A
UNC21854181,B,A,A,B,B,B,B,B
UNC21854251,B,A,A,A,B,B,A,B
UNC21854274,B,B,B,B,A,B,B,A
UNC21854312,B,B,B,A,B,B,B,B
UNC21854347,B,B,B,A,B,A,A,B
UNC21854461,B,A,A,B,A,A,B,A
JAX00345396,A,A,A,B,A,B,B,A
JAX00345400,B,B,B,B,B,B,A,B
JAX00345409,A,A,A,A,A,A,A,B
UNC21854915,A,B,B,A,B,A,A,A
JAX00040269,A,B,B,A,B,A,A,A
JAX00040271,A,B,B,A,B,A,A,A
UNC21855364,B,A,A,A,B,A,B,B
JAX00345427,B,B,B,B,A,B,B,A
UNC21855778,A,A,A,B,B,B,B,B
UNC21856307,A,A,A,A,A,A,A,B
UNC21856718,B,A,A,A,A,B,A,A
JAX00345462,A,A,A,A,A,B,A,A
UNC21857205,A,B,B,B,A,B,B,A
UNC21857457,B,B,B,B,B,A,A,B
UNC120442837,B,A,A,B,B,A,B,A
UNC21857946,A,B,B,A,B,A,A,B
JAX00345480,A,A,A,A,B,A,A,A
UNC21858339,A,A,A,B,B,B,B,A
UNC21858874,A,B,B,A,A,B,A,B
JAX00345492,B,A,A,A,B,A,A,A
JAX00345501,A,A,A,A,B,B,A,B
UNC21859122,B,A,A,A,A,A,A,B
UNC21859350,A,A,A,B,A,A,A,A
UNC21859679,A,B,B,A,B,A,A,B
UNC21860164,A,A,A,B,B,B,B,B
UNC21860543,A,A,A,B,A,A,B,A
UNC21860830,B,B,B,B,B,B,A,A
UNC21861016,B,B,B,A,B,A,A,A
UNC21861288,A,B,B,A,A,B,A,A
UNC21861840,A,B,B,B,B,A,B,A
UNC21862103,B,B,B,B,B,B,A,B
JAX00345569,B,A,A,A,A,A,A,B
UNC21862230,A,B,B,B,B,B,B,A
UNC21862534,A,A,A,B,A,B,B,B
UNC21862809,B,B,B,A,B,B,A,B
JAX00345588,B,A,A,B,A,B,B,A
UNC21863243,B,B,B,A,A,A,A,B
UNC21863446,B,B,B,A,A,B,B,B
UNC120443824,B,A,A,B,B,B,B,A
UNC21863677,A,B,B,A,B,A,A,B
UNC21864236,A,A,A,B,A,B,B,B
UNC21864475,B,B,B,B,B,B,A,B
UNC21865142,B,B,B,B,B,A,B,B
UNC21865409,B,B,B,A,B,A,A,B
UNC21865997,B,A,A,A,A,B,A,B
JAX00040338,A,B,B,A,B,A,A,A
UNC21867269,B,A,A,B,A,A,B,B
UNC21867305,A,A,A,B,A,A,A,A
UNC21867886,A,B,B,B,B,B,B,A
UNC21868243,B,A,A,A,A,B,A,B
UNC21868622,B,A,A,B,A,B,B,A
UNC21868983,A,B,B,A,B,A,A,A
UNC21869456,A,A,A,B,A,B,A,A
UNC21869711,B,B,B,A,B,B,B,B
UNC21869818,B,A,A,A,A,A,A,A
UNC21870094,A,A,A,B,A,B,B,A
UNC21870402,B,A,A,B,A,B,B,B
UNC21870643,B,B,B,A,B,B,A,B
backupUNC120445049,A,B,B,A,B,-,A,A
JAX00345694,B,A,A,A,A,A,A,B
UNC21871016,A,A,A,B,A,A,A,A
UNC21871208,B,A,A,B,A,B,B,A
JAX00345713,B,A,A,A,A,A,A,A
UNC21871736,B,B,B,A,B,A,A,A
UNC21872104,B,B,B,A,B,A,A,B
UNC21872548,A,B,B,A,B,B,A,A
UNC21872706,B,B,B,B,B,A,A,A
UNC21873142,B,A,A,B,A,B,B,B
JAX00040379,A,B,B,A,B,A,A,A
UNC21873650,A,B,B,A,A,B,B,A
JAX00345771,B,B,B,B,B,A,A,B
JAX00040385,A,A,A,B,B,A,A,B
UNC21874271,A,A,A,B,B,B,A,B
UNC21874638,A,A,A,B,A,A,A,A
UNC21875086,B,A,A,B,B,B,A,A
JAX00345794,B,A,A,B,B,A,A,A
UNC21875595,A,B,B,A,A,B,B,A
UNC21876034,B,A,A,B,A,B,B,A
UNC21876569,A,A,A,A,A,B,A,A
UNC21877117,A,A,A,A,A,A,A,B
JAX00345845,B,A,A,A,A,B,B,A
UNC21877194,A,A,A,B,A,A,A,A
JAX00345849,A,B,B,B,B,B,B,B
JAX00345850,A,A,A,A,A,A,A,B
UNC21877667,A,B,B,B,B,B,B,B
JAX00345858,A,A,A,A,A,B,B,B
UNC21877830,B,B,B,B,B,A,B,B
JAX00345865,A,A,A,A,A,A,B,A
UNC21877849,B,B,B,B,B,B,B,A
JAX00345869,B,B,B,B,B,B,B,A
UNC21877874,A,A,A,A,A,B,A,A
UNC21877883,B,B,B,B,B,A,B,B
UNC21877892,B,B,B,B,B,A,A,B
UNC21877903,B,B,B,B,B,A,A,B
UNC21877911,B,B,B,B,B,A,A,B
UNC21877922,B,B,B,B,B,A,A,B
UNC21877930,A,A,A,A,A,B,B,A
UNC21877932,A,A,A,A,A,B,B,A
UNC21877940,B,B,B,B,B,A,A,B
UNC21877956,A,A,A,A,A,B,B,A
UNC21877965,A,A,A,A,A,B,B,A
UNC21877981,B,B,B,B,B,A,A,B
UNC21877999,B,B,B,B,B,A,A,B
UNC21878010,B,B,B,B,B,A,A,B
UNC21878014,A,A,A,A,A,B,B,A
UNC21878022,A,A,A,A,A,B,B,A
UNC21878032,B,B,B,B,B,A,A,B
UNC21878039,B,B,B,B,B,B,B,A
UNC21878046,A,A,A,B,A,A,A,A
UNC21878092,A,B,B,B,B,A,B,B
JAX00345882,A,A,A,A,A,A,A,B
UNC21878654,B,B,B,A,B,B,A,B
UNC21878986,A,B,B,A,B,B,B,A
UNC21880619,B,A,A,B,A,B,B,A
UNC21881036,B,A,A,A,A,A,B,A
UNC21881822,A,B,B,B,B,B,B,A
UNC21882221,B,A,A,A,A,B,B,B
UNC21882834,B,A,A,A,A,B,B,B
JAX00040432,A,B,B,A,B,B,B,A
JAX00345977,A,A,A,B,A,A,A,B
UNC21883243,A,B,B,A,B,A,B,A
JAX00345986,A,B,B,A,B,A,A,B
UNC21884049,A,B,B,A,B,B,B,B
UNC21884477,A,A,A,B,A,B,B,A
UNC21885052,B,A,A,B,A,B,B,A
UNC21886127,A,A,A,B,A,A,B,A
UNC21886208,B,A,A,B,A,B,B,B
UNC120448239,B,A,A,A,A,B,A,B
UNC21886619,A,B,B,B,B,B,B,B
JAX00346076,B,B,B,A,B,A,A,B
UNC21887106,A,A,A,B,A,B,A,A
JAX00346092,B,B,B,B,B,A,A,B
UNC21887502,B,B,B,A,B,A,A,B
UNC21887846,B,A,A,A,A,B,B,B
JAX00346109,A,B,B,B,B,B,B,A
UNC21888278,B,A,A,B,A,B,B,B
UNC21888405,A,B,B,B,B,A,A,B
UNC21888897,A,A,A,B,A,B,A,A
JAX00040468,A,A,A,B,A,B,B,A
UNC21889641,A,A,A,B,A,B,B,A
UNC21890173,A,B,B,B,B,B,B,B
UNC21890572,A,B,B,B,B,B,B,A
UNC21890891,B,A,A,A,A,B,A,B
UNC21891236,B,A,A,A,A,B,B,B
JAX00346191,B,B,B,B,B,A,A,A
UNC21891727,B,B,B,A,B,B,B,B
UNC21892259,A,A,A,A,A,B,B,B
JAX00346212,A,A,A,A,A,B,B,B
UNC21892699,B,B,B,B,B,A,B,B
JAX00346227,A,A,A,A,A,B,A,A
JAX00346232,A,A,A,A,A,A,B,A
UNC21893289,A,B,B,A,B,A,A,B
JAX00346242,A,B,B,A,B,B,B,B
UNC21893896,B,A,A,A,A,A,A,A
UNC21894713,B,B,B,B,B,A,A,A
UNC21894836,A,A,A,A,A,A,B,B
UNC21894866,B,B,B,B,B,B,A,B
UNC21894871,B,B,B,B,B,B,A,B
UNC21894876,A,A,A,A,A,A,B,A
UNC21894882,B,B,B,B,B,B,A,B
UNC21895001,A,A,A,A,A,A,B,B
JAX00040503,B,B,B,B,A,A,B,A
UNC21895393,B,A,A,A,B,B,A,B
UNC120531234,A,A,A,B,B,B,A,B
UNC21895656,B,A,A,B,B,B,A,A
UNC21896061,A,A,A,A,B,A,A,A
UNC21896279,A,B,B,A,B,B,B,A
UNC21896569,B,A,A,B,B,B,B,B
UNC21896996,A,A,A,A,B,B,A,A
backupUNC120450395,A,B,B,A,B,A,A,A
UNC21897329,A,B,B,A,A,B,B,A
UNC21897753,A,A,A,A,A,A,A,B
JAX00346327,A,A,A,A,A,A,A,B
UNC21898110,A,B,B,B,A,B,A,A
UNC21898549,B,A,A,A,A,B,A,B
UNC21899158,B,A,A,A,A,A,B,B
JAX00346353,A,A,A,A,A,A,B,A
UNC21899528,B,A,A,A,B,A,A,A
JAX00346361,A,A,A,A,A,A,A,B
UNC21899867,B,A,A,A,B,A,A,B
UNC21900279,A,B,B,B,A,A,B,A
UNC21900481,B,A,A,A,B,A,B,B
UNC21901004,B,A,A,A,A,A,A,B
UNC21901585,A,B,B,B,B,B,B,B
UNC21901982,B,A,A,A,B,A,A,B
JAX00346451,A,B,B,B,B,B,B,A
UNC21902359,B,A,A,A,B,B,A,B
UNC21902671,A,B,B,B,A,A,A,A
JAX00346457,A,B,B,B,B,B,B,A
UNC21903725,B,B,B,B,B,B,B,A
UNC21903990,A,B,B,B,A,B,B,A
backupUNC120454602,B,A,A,A,A,B,A,B
UNC21904375,A,B,B,B,A,A,B,A
JAX00346515,A,A,A,A,A,B,A,A
UNC21904880,A,B,B,B,A,B,A,A
JAX00040559,A,B,B,B,A,A,B,A
JAX00346528,B,B,B,B,B,B,B,A
UNC21905249,A,B,B,B,B,A,B,B
UNC21906047,A,B,B,B,A,A,A,B
JAX00040563,B,A,A,A,A,A,A,A
UNC21906858,A,B,B,B,A,B,A,A
UNC21907228,A,B,B,B,A,A,B,A
UNC21907812,A,B,B,B,A,B,A,A
UNC21908416,A,A,A,A,B,B,A,B
UNC21909121,A,B,B,B,B,A,A,A
UNC21909408,B,A,A,A,A,A,A,B
UNC21909862,B,A,A,A,B,A,B,B
UNC21910467,A,B,B,B,A,A,B,A
backupUNC120458166,B,A,A,A,B,B,A,B
UNC21910865,B,A,A,A,B,A,B,B
UNC21911375,B,A,A,A,B,A,A,B
JAX00040584,B,A,A,A,B,A,A,B
UNC21912275,A,B,B,B,A,A,B,A
JAX00346667,A,B,B,B,B,B,B,A
UNC21912921,A,B,B,B,B,A,A,A
UNC21913131,B,A,A,A,A,B,B,B
UNC21913689,A,B,B,B,A,B,B,A
UNC21914019,A,B,B,B,B,A,B,A
JAX00346703,B,A,A,A,A,A,A,B
UNC21914395,B,A,A,A,B,B,B,B
UNC21914824,B,A,A,A,A,A,A,A
UNC21915030,A,B,B,B,A,A,B,A
UNC120460713,B,A,A,A,B,B,B,A
UNC21915432,B,A,A,A,B,A,A,B
UNC21915857,A,B,B,B,A,A,B,B
UNC21916108,A,B,B,B,A,B,A,A
UNC21916527,B,A,A,A,A,B,A,B
JAX00040612,A,B,B,B,A,B,B,A
UNC21916828,A,B,B,B,A,A,B,A
JAX00346766,B,B,B,B,B,B,B,A
UNC21917093,A,B,B,B,A,B,B,A
UNC21917219,A,B,B,B,B,B,B,B
JAX00346781,B,B,B,B,B,A,B,B
JAX00346785,B,A,A,A,B,A,A,A
UNC21917603,A,B,B,B,A,B,A,A
UNC21918021,B,A,A,A,B,A,A,A
UNC21918262,B,A,A,A,B,B,A,B
UNC21918598,A,B,B,B,A,A,A,A
UNC21918889,A,A,B,A,B,A,A,B
UNC21919226,B,A,B,A,B,B,A,A
UNC21919574,A,B,A,B,A,B,B,A
JAX00346864,A,B,A,B,A,A,A,A
JAX00346873,B,A,B,A,B,A,A,A
UNC21920221,A,B,B,B,B,B,A,B
UNC120227583,B,B,A,B,A,A,A,B
UNC21920815,A,A,B,A,A,B,B,B
UNC21921030,A,B,A,B,A,A,B,B
UNC21921910,A,B,B,B,A,B,B,B
UNC21922588,B,A,B,A,B,A,A,B
UNC21922851,B,A,B,A,A,A,A,A
UNC21923702,B,A,A,A,A,B,B,B
UNC21923969,A,B,A,B,A,A,B,B
JAX00347015,A,A,B,A,B,A,A,B
UNC21926257,B,B,B,B,-,B,B,A
UNC21926579,B,B,B,B,B,A,B,B
UNC21927449,B,B,B,B,B,B,A,B
UNC21927955,B,A,B,A,A,B,A,B
UNC21928467,A,B,A,B,B,B,B,B
JAX00040680,A,B,A,B,B,B,B,A
JAX00347128,A,A,A,A,A,A,B,A
JAX00347132,A,A,A,A,B,A,B,A
UNC21930013,B,B,B,B,A,A,A,B
UNC21932208,B,A,B,A,A,A,A,B
UNC21933229,A,A,A,A,A,A,B,A
UNC21933801,B,B,B,B,B,B,B,A
UNC21934231,B,A,B,A,A,A,A,A
UNC21935271,B,B,B,B,A,B,B,B
UNC120467261,B,A,A,A,B,B,A,A
UNC21936334,B,B,B,B,-,B,A,B
UNC21937304,B,A,B,A,A,B,A,B
UNC21938018,A,B,A,B,B,B,B,B
UNC21939504,A,B,B,B,B,B,A,A
UNC21939934,A,B,A,B,A,B,A,A
UNC21940706,B,B,B,B,B,A,A,B
UNC120242952,B,A,B,A,B,A,B,B
UNC21941492,B,A,B,A,A,B,A,B
JAX00347275,A,B,B,B,B,B,B,A
UNC21942686,A,B,B,B,B,B,B,B
UNC120248559,-,B,A,B,A,A,-,A
UNC120473931,B,A,-,A,A,B,-,B
UNC120312201,A,B,A,B,B,-,A,A
JAX00347721,A,B,B,B,B,B,B,A
JAX00347726,A,B,B,B,B,B,B,A
JAX00347774,A,B,A,B,B,B,B,B
UNC21971951,B,A,B,A,B,B,B,B
JAX00347797,A,A,B,A,A,A,A,A
UNC21972472,A,B,B,B,B,B,B,B
UNC21972696,A,B,A,B,B,A,B,B
JAX00040854,A,B,A,B,A,A,A,A
UNC21973153,B,A,B,A,B,A,A,B
UNC21973338,A,A,A,A,B,A,A,A
UNC21973760,B,B,B,B,B,B,A,B
UNC21974149,A,B,A,B,A,A,A,A
UNC21974381,B,B,A,B,B,B,B,A
JAX00040862,B,A,B,A,A,A,A,B
UNC21975640,A,B,B,B,A,A,B,B
UNC21975833,B,B,A,B,B,B,B,B
JAX00347857,A,A,A,A,B,A,A,A
UNC21976211,B,A,B,A,A,B,A,B
UNC21976746,A,A,B,A,B,B,A,B
UNC21977056,A,B,A,B,A,A,A,A
UNC21977566,A,B,A,B,A,B,B,A
JAX00347902,B,B,B,B,B,A,B,B
JAX00347907,A,B,B,B,B,B,B,B
UNC21978006,B,B,A,B,B,B,B,A
UNC21978673,B,A,A,A,A,A,A,B
UNC21978878,B,A,A,A,B,B,A,B
backupUNC120269493,A,A,B,A,B,B,A,A
UNC21979799,A,A,A,A,B,A,B,B
UNC21980157,A,B,A,B,B,A,A,B
UNC21980519,B,A,B,A,B,A,B,B
UNC21981054,A,B,B,B,B,A,B,A
JAX00347969,B,A,A,A,A,A,A,B
JAX00347972,A,A,B,A,B,B,A,A
JAX00347973,B,A,A,A,A,B,A,B
UNC21981358,B,A,A,A,B,A,A,B
UNC21981856,B,A,B,A,B,B,A,B
UNC21982408,B,A,B,A,B,A,A,A
UNC21982912,B,B,B,B,A,A,A,B
UNC21983016,B,A,A,A,A,B,B,A
UNC21983763,A,A,A,A,A,B,A,A
UNC21984059,A,B,B,B,B,A,A,A
UNC21984454,B,A,B,A,B,A,A,B
JAX00348077,A,B,B,B,B,B,B,B
JAX00348078,B,B,B,B,B,A,B,B
UNC21985258,B,B,B,B,A,B,A,B
UNC21985527,B,A,B,A,B,A,A,A
UNC21986224,B,A,A,A,A,A,B,A
UNC21986488,B,B,B,B,A,A,A,A
UNC21986954,B,B,A,B,A,B,B,A
UNC21987168,B,A,A,A,A,B,-,A
UNC21987773,B,A,A,A,B,B,B,A
UNC21988024,A,B,B,B,A,B,B,A
UNC21988536,B,B,A,A,A,B,B,B
UNC21989138,B,B,B,A,A,A,A,B
JAX00348178,A,B,B,B,B,B,B,A
UNC21989561,B,A,A,A,A,B,A,A
UNC21989859,A,B,B,B,B,B,A,A
JAX00348203,B,B,A,B,B,B,B,B
UNC120483125,A,B,B,B,B,A,B,A
UNC21990625,A,B,A,B,B,A,A,B
UNC21991164,A,A,A,B,B,B,B,A
UNC21991607,A,A,B,A,A,B,B,B
JAX00348252,B,B,B,A,A,B,B,A
JAX00348256,B,B,B,A,A,B,B,A
UNC21991916,A,B,A,A,A,B,B,B
UNC21992307,A,B,B,A,A,B,A,B
UNC21993069,B,B,B,A,A,B,A,B
UNC21993928,A,A,B,A,A,B,A,B
JAX00040949,A,A,B,A,A,B,B,B
UNC21994341,B,B,B,B,B,A,A,A
UNC21994667,A,B,A,A,A,A,B,A
UNC21995304,B,B,A,A,A,B,B,B
UNC21996033,B,A,A,B,B,A,B,A
UNC21996535,B,A,A,A,A,B,B,A
UNC21996819,B,B,A,B,B,B,-,A
UNC21997623,B,A,A,A,A,B,A,B
UNC21997923,B,B,A,A,A,B,B,B
UNC21998787,B,A,B,B,A,A,B,A
UNC21999027,A,A,A,A,B,B,B,A
UNC21999242,A,B,A,A,A,B,A,A
UNC22000434,A,A,A,B,B,A,A,A
UNC22001538,A,A,B,B,A,B,A,A
UNC22001729,A,A,A,A,A,B,A,B
UNC22002148,B,B,A,B,A,B,A,B
JAX00348423,B,B,A,B,A,B,B,B
UNC22002484,A,A,A,A,A,A,B,B
JAX00348435,B,B,B,B,B,B,A,B
UNC22002912,B,A,B,B,A,A,A,B
UNC22003306,B,A,A,A,A,A,B,A
UNC22003624,A,B,A,A,A,A,A,A
JAX00040995,A,B,A,A,B,B,B,A
UNC22004369,B,B,B,B,B,A,A,B
UNC22004685,B,B,A,A,B,B,A,B
UNC22004901,A,A,A,A,A,A,B,B
UNC120275656,B,B,A,A,B,B,A,B
UNC22005506,B,A,B,B,A,B,B,B
UNC22005937,B,B,A,B,A,B,B,A
JAX00041018,B,A,A,A,A,B,B,A
UNC22007913,A,B,B,A,B,B,B,B
JAX00041021,B,A,A,A,A,A,A,A
UNC22009696,B,B,B,A,A,A,A,A
JAX00348548,A,A,A,A,A,B,A,A
UNC120276024,B,B,A,A,A,B,B,A
UNC22011688,A,B,B,B,A,B,A,B
UNC22013902,A,B,A,A,B,A,B,B
UNC22014866,B,B,A,A,B,B,A,B
UNC22015795,B,B,B,B,A,A,A,B
UNC22015971,A,A,B,B,B,A,A,B
UNC22016080,B,B,A,A,A,B,B,A
UNC22016423,B,B,B,A,B,B,B,B
UNC22017191,B,A,B,B,B,A,A,A
UNC120277617,A,B,A,A,A,A,B,B
UNC22018069,A,A,A,A,B,B,B,A
UNC22018154,B,B,A,A,A,B,B,A
UNC22018689,B,B,B,B,A,B,B,B
UNC22019062,B,B,A,A,B,B,A,B
UNC22019374,A,B,A,A,A,A,A,B
UNC22020307,A,A,A,A,A,A,B,B
UNC22020702,A,A,A,A,B,A,A,A
UNC22020967,A,A,B,B,A,A,A,B
UNC22021457,B,B,B,B,B,A,A,B
UNC22021885,B,B,B,B,B,A,B,A
UNC22022138,B,A,A,A,A,A,A,A
UNC22022320,B,B,A,A,B,A,A,B
UNC22022754,A,B,B,B,A,A,B,A
UNC22022976,B,A,B,B,B,A,A,B
