# Founder genotypes (A/B/-) for MegaMUGA chromosome 19
# nrow 2225
# ncol 9
marker,A,B,C,D,E,F,G,H
JAX00468921,B,B,B,B,B,B,A,B
backupJAX00086312,A,A,A,A,A,B,B,B
JAX00468938,A,A,A,A,A,B,A,B
UNC190137872,A,B,B,A,B,A,-,A
B6_rs30503185,B,A,B,B,B,B,B,B
repB6_rs30503185,B,A,B,B,B,B,B,B
JAX00468967,A,A,A,A,A,B,B,B
JAX00468987,A,A,A,A,A,A,B,A
UNC29827168,B,A,A,B,A,B,A,B
UNC29827681,A,A,A,A,A,B,A,A
UNC29828334,A,A,A,A,A,B,B,B
UNC29828976,A,B,B,A,B,B,B,B
UNC29829291,A,A,A,A,A,B,A,B
JAX00469067,A,A,A,A,A,B,B,B
JAX00469069,A,A,A,A,A,B,A,A
UNC29830560,A,A,A,A,A,B,A,A
UNC29831148,B,B,B,B,B,A,A,A
JAX00469121,A,A,A,A,A,B,B,A
UNC29831860,A,B,B,A,B,A,A,A
UNC29832192,A,B,B,A,B,B,B,A
UNC29832780,A,B,B,A,B,A,A,B
JAX00469178,B,B,B,B,B,B,B,A
UNC29834997,B,A,A,B,A,A,B,B
UNC29836189,A,B,B,A,B,B,A,B
JAX00086422,A,B,B,A,B,B,A,A
JAX00469261,B,B,B,B,B,A,A,B
UNC29837025,B,B,B,B,B,A,A,A
UNC29837897,A,B,B,A,B,A,A,A
UNC190139327,A,B,B,A,B,A,A,A
UNC29839866,A,B,B,A,B,A,B,A
UNC190279660,A,B,B,A,B,A,A,A
UNC29840729,A,B,B,A,B,A,A,B
UNC29841215,B,A,A,B,A,A,B,B
UNC29841737,A,B,B,A,B,B,A,A
UNC29842600,A,B,B,A,B,B,B,A
UNC29843285,A,B,B,A,B,B,B,B
backupUNC190139992,B,A,A,B,A,B,-,B
UNC29843650,B,A,A,B,A,B,B,A
UNC29844952,A,B,B,A,B,B,A,A
UNC29845290,A,B,B,A,B,B,A,A
UNC29845938,B,A,A,B,A,B,B,B
UNC29847184,B,B,B,B,B,A,A,A
UNC29847961,B,A,A,B,A,A,A,B
UNC190140427,A,B,B,A,B,B,-,A
UNC29849062,A,B,B,A,B,B,A,A
UNC29849578,A,B,B,A,B,B,B,A
JAX00469547,A,A,A,A,A,B,B,A
UNC29850416,A,B,B,A,B,A,A,A
JAX00469562,B,A,A,B,A,B,B,A
backupUNC190140806,B,A,A,B,A,B,A,A
UNC29851182,A,B,B,A,B,A,A,B
JAX00469573,B,B,B,B,B,B,A,B
JAX00469605,B,B,B,B,B,A,A,B
UNC29852402,A,A,A,A,A,B,B,A
JAX00469629,A,A,A,A,A,B,A,A
UNC29853003,A,A,A,A,A,B,B,B
UNC29853576,A,A,A,A,A,B,B,B
JAX00469668,B,B,B,B,B,A,A,B
UNC29854243,A,B,B,B,B,B,B,B
UNC29855562,B,B,B,B,B,A,B,A
UNC29855954,A,A,A,A,A,B,B,A
UNC29856661,B,B,B,B,B,A,A,A
UNC29857130,B,B,B,B,B,A,A,A
UNC29857813,B,B,B,B,B,A,A,B
UNC29858472,B,B,B,B,B,A,B,B
UNC29859195,A,A,A,A,A,B,B,A
backupJAX00469786,B,B,B,B,B,A,A,A
UNC29860444,B,B,B,B,B,A,A,A
UNC29861333,A,A,A,A,A,B,B,B
UNC29862012,B,B,B,B,B,A,B,A
UNC190000807,B,B,A,B,A,B,A,B
JAX00469833,B,B,B,B,B,A,A,B
UNC29863583,B,B,B,B,B,A,A,A
JAX00469854,B,B,B,B,B,A,B,B
UNC29864506,A,A,A,A,A,B,B,B
UNC29865458,B,B,B,B,B,A,A,B
UNC29866051,B,B,B,B,B,A,A,A
JAX00469933,B,B,B,B,B,B,B,A
JAX00086690,B,B,B,B,B,A,A,A
JAX00469943,B,B,B,B,B,A,B,B
UNC29867469,A,A,A,A,A,B,B,B
JAX00469956,A,A,A,A,A,B,B,A
UNC29868074,B,B,B,B,B,A,A,B
JAX00214284,B,B,B,B,B,A,A,B
UNC29868820,B,B,B,B,B,B,B,A
UNC29869217,B,B,B,B,B,A,A,B
UNC29869483,A,A,A,A,A,B,B,A
UNC29869587,A,A,A,A,A,B,B,A
UNC29869670,B,B,B,B,B,A,B,B
UNC29869860,A,A,A,A,A,B,B,B
UNC29870082,A,B,B,B,B,A,A,A
JAX00086716,A,B,B,B,B,A,A,A
UNC29870159,B,B,B,B,B,A,B,B
UNC29870238,B,A,A,A,A,B,B,B
UNC29870343,B,B,B,B,B,A,A,B
UNC29870437,A,A,A,A,A,B,B,A
UNC29870591,B,B,B,B,B,A,A,B
UNC29870739,-,B,B,B,B,A,B,B
UNC29870891,A,B,B,B,B,B,B,B
UNC29870993,A,A,A,A,A,B,B,A
UNC29871077,B,A,A,A,A,B,B,B
UNC29871139,B,B,B,B,B,A,A,B
UNC29871202,B,B,B,B,B,A,B,B
UNC29871338,B,A,A,A,A,B,B,B
UNC29871426,B,A,A,A,A,A,A,B
UNC29871593,B,A,A,A,A,B,B,B
JAX00470016,A,A,A,A,A,B,A,A
UNC29872192,B,B,B,B,B,B,B,A
backupJAX00470023,A,A,A,A,A,B,B,B
UNC29872760,A,B,B,B,B,A,A,A
JAX00470030,A,A,A,A,A,B,A,A
UNC29872947,B,B,B,B,B,A,A,B
UNC29873192,A,B,B,B,B,A,A,A
UNC29874065,B,A,A,A,A,A,B,B
UNC29874718,A,B,B,B,B,B,A,A
UNC29875272,B,A,A,A,A,B,B,B
UNC29875321,B,B,B,B,B,A,B,B
UNC29875419,B,B,B,B,B,A,A,B
UNC29875605,A,A,A,A,A,B,B,A
UNC29875786,A,B,B,B,B,B,B,A
JAX00470089,B,B,B,B,B,B,A,B
JAX00470093,A,A,A,A,A,A,B,B
JAX00470100,B,B,B,B,B,A,A,B
UNC29876186,B,B,B,B,B,A,A,A
UNC29876798,A,B,B,B,B,A,A,A
UNC29877603,A,B,B,B,B,A,A,A
backupJAX00470129,B,A,A,A,A,A,B,B
JAX00470130,B,A,A,A,A,B,A,B
UNC29877980,B,A,A,A,A,B,A,B
JAX00086798,B,A,A,A,A,B,B,B
UNC29878671,B,A,A,A,A,A,B,A
UNC29878754,A,B,B,B,B,A,A,B
UNC29879331,B,A,A,A,A,B,B,B
JAX00470180,B,A,A,A,A,B,A,B
UNC29879933,A,A,A,B,A,B,A,B
UNC190659558,A,A,A,B,A,A,B,B
UNC29880316,A,A,A,B,A,B,B,B
UNC29880732,B,B,B,A,B,B,B,B
JAX00470212,B,B,B,A,B,A,A,A
UNC29881093,B,B,B,B,B,A,A,B
JAX00086820,A,B,B,B,B,A,A,B
JAX00086821,B,A,A,A,A,A,A,A
UNC29881497,B,A,A,A,A,A,B,A
JAX00470226,A,A,A,A,A,B,A,A
UNC29882074,A,B,B,A,B,B,B,A
UNC29882454,A,B,B,A,B,A,A,B
JAX00470266,A,A,A,A,A,A,A,B
UNC29883391,A,B,B,A,B,B,A,A
JAX00086834,A,B,B,A,B,A,A,A
UNC29883931,B,B,B,B,B,A,A,A
UNC29884249,A,A,A,A,A,B,A,B
UNC29884876,B,A,A,B,A,B,A,A
UNC29885105,B,B,B,B,B,A,A,B
UNC29885109,B,B,B,B,B,A,A,B
UNC29885129,A,A,A,A,A,B,B,A
UNC29885140,B,B,B,B,B,A,A,B
UNC29885153,A,A,A,A,A,A,B,A
UNC29885159,B,B,B,B,B,B,A,B
UNC29885182,B,A,A,B,A,A,A,B
UNC29885197,B,B,B,B,B,A,B,B
UNC29885214,B,A,A,B,A,A,A,B
UNC29885337,A,B,B,B,B,A,A,B
JAX00470322,B,A,A,A,A,B,B,A
UNC29885525,B,A,A,A,A,B,B,B
UNC29885773,B,B,B,B,B,A,B,B
JAX00086849,A,A,A,A,A,B,B,A
UNC29885979,B,B,B,B,B,A,A,B
UNC29886257,A,B,B,B,B,A,A,A
UNC29886490,A,A,A,A,A,B,B,B
UNC29886815,A,B,B,B,B,A,A,A
UNC29887070,A,B,B,B,B,B,A,B
UNC29887285,B,A,A,A,A,B,B,A
UNC29887516,B,A,A,A,A,B,B,A
UNC29887867,A,A,A,A,A,B,B,A
UNC29888106,A,A,A,A,A,B,A,A
UNC29888249,A,A,A,A,A,B,B,B
UNC29888412,B,B,B,B,B,A,A,B
UNC29888703,B,B,B,B,B,A,A,A
UNC29888902,B,A,A,A,A,A,A,A
UNC29889206,A,B,B,B,B,B,A,A
JAX00470430,B,B,B,B,B,B,B,A
UNC29889577,A,B,B,B,B,A,A,A
backupJAX00470445,B,A,A,A,A,B,B,B
UNC29890663,A,B,B,B,B,A,B,B
UNC29890790,B,B,B,B,B,A,B,B
UNC29891116,B,B,B,B,B,A,A,B
UNC29891263,A,A,A,A,A,A,A,B
UNC29891670,B,A,A,A,A,B,A,B
UNC29891994,B,A,A,A,A,B,B,A
JAX00470472,A,A,A,A,A,A,B,A
UNC29892146,A,B,B,B,B,A,A,B
UNC29892502,B,B,B,B,B,A,B,B
UNC29892845,A,B,B,B,B,A,A,A
UNC29893228,A,A,A,B,A,B,B,A
UNC29893273,A,B,B,B,B,A,A,B
backupUNC190188354,B,B,B,A,B,A,A,B
JAX00470506,A,A,A,A,A,B,B,B
UNC29893682,B,A,A,B,A,A,A,B
UNC29893945,A,B,B,A,B,B,B,A
UNC29894001,B,B,B,B,B,A,A,A
UNC29894668,A,A,A,A,A,B,B,A
UNC29895024,A,A,A,A,A,B,B,B
JAX00086907,A,B,B,A,B,B,B,A
UNC190145963,A,B,B,A,B,-,A,B
JAX00086915,A,B,B,A,B,B,A,A
UNC29898159,A,B,B,A,B,A,A,B
JAX00470651,A,B,B,A,B,B,B,A
UNC29899468,B,A,A,B,A,B,A,B
JAX00470703,B,A,A,B,A,B,A,A
UNC29901794,A,B,B,A,B,B,A,A
JAX00470711,A,A,A,A,A,B,B,A
JAX00470713,A,A,A,A,A,A,B,A
UNC29902290,B,A,A,B,A,A,B,B
backupUNC190238128,B,B,B,B,B,A,A,A
JAX00470751,A,A,A,A,A,B,B,A
UNC29903693,B,A,A,B,A,B,B,B
UNC29905027,A,A,A,A,A,B,B,B
JAX00470781,-,B,B,-,B,A,A,B
UNC29907130,B,A,A,B,A,A,B,B
UNC29908079,B,A,A,B,A,A,B,B
UNC29911918,A,B,B,A,B,B,B,B
JAX00087002,A,A,A,A,A,B,B,A
JAX00470945,B,B,B,B,B,A,A,B
JAX00087004,A,B,B,A,B,A,A,A
JAX00214366,B,B,B,B,B,A,A,B
JAX00470959,A,A,A,A,A,A,A,B
UNC29912474,A,B,B,A,B,A,B,A
JAX00087007,B,A,A,B,A,A,B,B
UNC29914887,A,A,A,A,A,B,B,B
UNC29916571,B,B,B,B,B,B,A,A
UNC29917420,A,B,B,A,B,B,B,B
JAX00087048,A,A,A,A,A,B,B,A
JAX00471057,B,B,B,B,B,B,A,B
UNC29920552,A,A,A,A,A,B,B,B
backupJAX00471123,A,A,A,A,A,B,B,B
UNC29924973,B,B,B,B,B,A,A,B
UNC29926482,A,A,A,A,A,B,B,B
UNC29928057,B,B,B,B,B,A,A,A
UNC29928949,A,A,A,A,A,A,B,B
UNC29930708,A,A,A,A,A,B,B,B
UNC29931917,B,B,B,B,B,A,A,B
UNC29932950,B,B,B,B,B,A,A,A
JAX00471333,B,B,B,B,B,A,A,A
JAX00087144,B,B,B,B,B,A,A,A
UNC29934392,A,A,A,A,A,B,B,B
JAX00471367,B,B,B,B,B,A,A,A
JAX00471368,A,A,A,A,A,A,B,A
UNC29936159,B,B,B,B,B,-,B,A
JAX00471402,A,A,A,A,A,B,B,B
UNC29937035,B,B,B,B,B,A,A,B
JAX00471425,A,A,A,A,A,B,B,B
UNC29937544,B,B,B,B,B,A,A,A
UNC29937819,B,B,B,B,B,A,A,A
UNC29938361,B,B,B,B,B,A,A,A
UNC29938807,B,B,B,B,B,A,B,A
UNC29939243,A,A,A,A,A,B,B,A
UNC29939434,B,A,A,B,A,B,B,B
backupJAX00471466,A,A,A,A,A,B,B,B
JAX00471469,B,B,B,B,B,B,B,A
UNC29939979,A,A,A,A,A,B,B,B
UNC29940387,A,A,A,A,A,B,B,B
UNC29941057,A,A,A,A,A,B,A,B
UNC29941286,B,B,B,B,B,A,A,B
UNC29941521,A,A,A,A,A,B,B,B
UNC29941863,A,A,A,A,A,B,B,B
JAX00471535,B,B,B,B,B,A,B,B
UNC29942382,B,A,A,B,A,A,A,B
UNC29942477,A,B,B,A,B,B,A,A
backupUNC190150199,B,A,A,B,A,B,A,B
UNC29943742,B,B,B,B,B,B,B,A
JAX00471573,A,A,A,A,A,B,B,A
UNC29944287,B,A,A,B,A,A,A,B
UNC29945134,A,B,B,A,B,B,B,A
UNC29945522,B,A,A,B,A,A,B,B
UNC29946099,B,B,B,B,B,A,A,A
UNC29946550,B,B,B,A,B,A,A,A
UNC29946873,A,A,A,B,A,B,A,A
UNC29947208,A,A,A,B,A,A,B,A
UNC29947593,A,A,A,B,A,B,B,A
UNC29948342,A,B,B,A,B,B,B,B
UNC190150911,A,B,B,B,B,A,A,B
B6_rs30616566,A,B,A,A,A,A,A,A
UNC29949105,A,A,A,A,A,B,A,B
UNC29949215,A,B,B,B,B,A,A,B
UNC29949622,B,A,A,A,A,B,B,B
UNC29950329,A,A,A,A,A,B,B,A
JAX00471714,B,B,B,A,B,B,A,B
UNC29951090,B,B,B,A,B,A,B,B
JAX00471717,B,B,B,A,B,A,A,B
UNC29952194,A,A,A,A,A,B,A,B
JAX00087243,B,B,B,A,B,B,B,B
UNC29953093,A,B,B,B,B,B,B,B
UNC29953665,B,B,B,A,B,B,B,A
UNC29954046,B,A,A,B,B,B,B,B
JAX00087252,A,A,A,B,A,B,B,A
JAX00471766,A,A,A,B,A,B,B,A
UNC190219180,B,B,B,A,B,A,A,B
UNC29955309,B,A,A,A,A,B,B,B
JAX00087260,B,A,A,A,A,B,B,B
UNC29955868,A,B,B,B,A,B,B,B
UNC29956097,A,B,B,B,A,A,A,B
UNC29956737,A,B,B,B,A,A,A,B
UNC29957779,B,A,A,A,B,B,B,A
UNC29959158,A,B,B,A,A,A,A,B
UNC29959263,A,B,B,A,B,B,A,A
backupUNC190151809,A,B,B,A,B,A,A,A
UNC29959891,A,A,A,A,B,B,-,B
JAX00471862,B,B,B,B,A,A,A,A
JAX00087284,B,B,B,B,B,A,B,B
UNC29960639,A,B,B,A,A,B,A,A
JAX00087286,B,A,A,B,B,B,B,B
UNC29960872,B,A,A,B,B,A,A,B
UNC29961581,B,B,B,B,B,A,A,B
UNC29961782,B,A,A,B,B,B,B,B
UNC29962120,B,B,B,A,B,B,B,B
UNC29962412,A,A,A,A,A,B,A,A
UNC29962820,A,A,A,A,A,B,B,A
UNC29963455,B,A,B,A,A,A,A,A
UNC29963672,A,B,A,A,B,A,A,A
JAX00087302,A,A,A,B,A,B,B,A
UNC29964775,B,A,B,A,A,B,A,B
UNC29965246,A,A,A,A,A,A,B,B
JAX00471977,A,B,A,A,B,B,B,B
UNC29965991,B,B,B,B,B,A,A,B
UNC_rs51740727,A,B,A,A,B,B,B,B
JAX00471997,B,B,B,B,B,B,A,B
UNC29967020,B,B,B,B,A,B,A,A
UNC29967755,B,B,B,B,B,B,B,A
UNC29968044,B,B,A,B,B,B,A,B
UNC29968746,B,B,B,B,B,A,A,B
UNC29969287,A,B,B,A,A,B,B,B
JAX00472067,A,B,B,A,A,B,B,A
UNC29970734,B,B,A,B,B,A,A,B
UNC29971338,A,B,B,A,A,A,B,B
UNC29972530,A,B,B,A,A,B,A,A
UNC29973573,B,A,A,B,B,B,A,B
UNC29974085,A,B,B,A,A,B,B,B
UNC190006033,A,B,A,A,A,B,A,B
UNC29975168,B,A,B,B,B,A,A,B
JAX00472093,B,A,B,B,B,A,A,B
UNC29975528,B,B,B,A,B,A,B,B
UNC29976303,B,B,B,A,B,A,A,B
UNC29976876,B,B,B,B,B,A,A,A
UNC29977806,A,B,A,B,A,B,B,A
UNC29978163,B,B,A,B,B,A,B,B
UNC29978405,A,A,A,B,B,B,A,B
UNC29979011,A,A,A,A,A,A,A,B
UNC29979375,B,B,A,A,A,B,A,A
UNC29979813,B,B,A,A,A,A,B,A
UNC29980198,B,B,A,A,A,A,A,A
JAX00087368,B,B,A,A,A,B,B,B
UNC29980781,A,A,A,B,B,A,A,A
UNC29981183,B,B,A,A,A,A,B,B
JAX00472188,B,B,A,A,A,B,B,B
UNC29981886,B,B,A,A,A,B,B,A
JAX00472209,B,B,A,A,A,A,A,A
JAX00472210,A,A,B,B,B,B,A,B
UNC29982619,A,A,A,B,B,B,A,B
UNC29982703,A,A,A,B,B,A,B,B
UNC29983221,B,B,A,A,A,B,A,A
UNC29984302,A,A,A,B,B,B,B,A
UNC29984777,A,A,A,B,B,A,A,A
JAX00087390,B,B,B,A,A,A,A,B
backupJAX00087393,A,A,A,B,B,B,B,A
UNC29986094,B,B,A,B,B,A,A,A
UNC29986400,A,A,B,A,A,A,B,B
UNC29986740,A,A,A,B,B,B,B,A
UNC29986867,A,A,B,A,A,A,A,A
UNC29987246,A,A,A,B,B,B,A,A
UNC29987431,B,B,A,B,B,A,A,A
UNC29987683,B,B,A,A,A,B,B,A
UNC29987937,A,A,B,B,B,B,A,B
UNC29988128,A,A,B,A,A,B,B,B
UNC29988545,B,A,B,B,B,B,B,B
UNC29988765,A,A,A,A,A,B,A,A
UNC29989167,B,A,A,B,B,A,A,A
UNC29989401,A,A,A,A,A,B,B,A
UNC29989459,B,A,B,B,B,A,B,B
UNC29989796,A,B,A,A,A,B,B,B
UNC29989895,A,A,A,A,A,B,A,B
UNC29990033,B,A,B,B,A,A,A,B
UNC29990134,B,B,B,B,A,B,B,B
UNC29990261,B,B,B,B,A,A,A,B
UNC29990402,A,A,B,A,A,B,A,A
UNC29990641,A,B,B,A,B,B,B,A
UNC29990937,B,A,B,B,B,B,B,A
UNC29991125,B,B,B,B,A,B,B,B
UNC29991297,B,B,B,B,A,A,A,B
UNC29991449,A,A,B,A,A,B,A,A
UNC29992102,A,B,A,A,A,A,A,A
JAX00472418,A,A,A,A,B,A,A,A
UNC29993459,B,B,B,B,A,A,B,B
UNC29994726,A,A,B,A,B,A,B,A
UNC29995760,B,A,A,B,B,A,B,A
UNC29996617,B,A,B,B,A,A,A,B
backupUNC190011440,B,B,A,B,A,B,A,A
UNC29997895,A,A,A,A,A,B,B,A
UNC29999296,B,B,A,B,A,A,A,B
UNC190011937,B,A,B,B,A,A,B,A
UNC30000038,A,B,A,A,B,B,B,B
UNC30000910,A,A,B,A,A,B,A,B
UNC30001791,A,B,A,B,A,A,A,A
UNC30002902,B,B,B,B,B,A,A,B
UNC30004268,B,B,A,B,B,B,B,B
UNC30005204,A,B,B,B,A,A,A,B
UNC30006733,B,A,A,B,A,B,A,A
backupJAX00472649,B,B,B,B,A,A,A,B
UNC30008575,B,A,A,B,B,A,B,A
UNC190012516,A,B,A,A,A,A,A,A
UNC30011308,A,B,B,B,A,B,A,B
UNC30012752,B,B,B,B,B,A,A,B
UNC30014063,B,B,A,A,A,A,A,A
UNC30014769,B,B,A,B,B,B,B,B
UNC30015695,A,B,B,B,A,A,B,B
UNC30016856,B,A,B,A,A,B,B,B
UNC30018487,B,A,B,B,A,B,A,B
UNC30019704,B,B,A,B,A,A,A,B
UNC30021532,B,A,B,B,B,A,B,B
UNC30022738,A,A,A,B,A,A,B,B
UNC30023004,B,B,B,B,A,A,B,A
UNC30024399,B,B,B,B,A,B,A,B
backupUNC190015857,B,B,A,A,B,B,B,A
UNC30026456,A,A,B,A,A,B,B,A
UNC30027347,B,A,B,B,A,A,A,B
UNC30028496,A,A,A,B,B,B,B,B
UNC30029578,B,A,B,A,B,A,B,A
UNC30030595,B,B,B,B,A,B,A,A
UNC30031959,B,A,A,A,A,A,B,B
UNC_rs48616694,A,B,B,B,B,A,B,A
UNC30034091,A,A,B,A,A,-,A,A
UNC30034523,A,B,A,A,A,A,A,A
UNC30036431,A,A,A,A,B,B,A,A
UNC30037239,A,A,A,A,B,A,B,B
UNC30038296,B,B,B,B,B,A,A,B
UNC30039801,B,B,B,B,A,A,B,B
UNC30040019,A,B,B,B,B,B,B,B
UNC30041866,A,A,B,B,B,B,B,A
UNC30042645,A,B,A,B,B,B,B,A
UNC190017824,B,B,A,B,A,A,A,A
UNC30047104,A,A,A,B,A,A,A,B
UNC30047816,B,B,A,B,A,A,A,A
UNC30048931,B,B,B,B,A,A,B,B
UNC30050142,B,A,B,A,A,A,A,B
backupUNC190661115,A,A,A,B,B,A,B,B
UNC30050953,B,B,A,A,B,A,B,A
UNC30053031,A,B,A,A,B,B,B,B
UNC190157471,A,B,B,A,A,B,-,A
UNC30054058,A,B,B,A,B,B,A,A
UNC30054859,B,B,A,B,A,A,A,B
UNC30055933,B,A,B,B,A,B,A,A
UNC30058067,A,B,B,B,A,A,B,B
UNC30058439,A,A,A,A,A,B,A,B
UNC30059107,B,B,A,A,A,B,A,A
UNC30059190,B,B,A,B,A,A,A,A
UNC30059483,B,B,B,B,A,B,B,B
UNC30059742,B,A,B,A,B,B,B,A
UNC30059880,A,B,A,A,B,A,B,B
backupUNC190020296,A,B,A,A,A,B,A,B
UNC30060151,B,B,B,A,A,A,A,A
UNC30060418,B,B,B,A,B,A,A,B
UNC30060698,A,A,A,A,B,A,B,A
UNC30060865,A,A,A,A,B,B,B,A
UNC30061160,A,B,A,B,A,B,B,B
UNC30061553,B,A,B,A,A,A,A,A
UNC30061755,A,A,A,A,B,B,B,A
UNC30062259,A,A,A,A,B,B,B,A
UNC30062476,B,A,B,A,B,A,B,A
UNC30062611,A,B,A,B,A,A,A,B
UNC30062740,A,A,A,A,B,A,A,A
UNC30062848,A,B,A,B,A,B,A,B
UNC30063108,B,A,B,A,A,B,A,A
UNC30063356,B,A,B,A,B,B,B,B
UNC30063476,A,A,B,B,A,A,A,B
UNC30063500,B,B,B,B,A,B,-,B
UNC30063721,B,A,B,B,B,A,B,A
UNC30063842,A,A,A,A,B,B,B,A
UNC30063921,A,A,A,A,A,A,B,A
UNC30064187,B,B,B,B,A,A,A,A
UNC30064318,B,A,B,B,B,B,B,A
UNC30064552,B,B,B,B,B,A,B,B
UNC30064692,B,B,B,B,A,B,B,B
UNC30064886,A,B,A,A,B,B,B,B
UNC30065116,B,A,A,B,B,B,B,B
UNC30065348,B,A,A,B,B,B,B,A
UNC30065671,A,A,A,A,A,A,B,A
UNC30066092,B,B,B,B,B,A,B,A
UNC30066270,B,A,B,B,A,A,A,B
UNC30066440,B,B,B,B,A,B,B,B
UNC30066455,A,A,A,A,A,B,A,A
UNC30066521,B,B,B,B,A,A,A,B
UNC30066540,B,A,B,B,A,A,A,A
UNC30066561,B,A,B,B,B,B,B,A
UNC30066607,A,A,A,A,B,A,B,A
UNC30066642,B,B,B,B,A,A,B,B
UNC30066672,B,B,B,B,A,A,A,B
UNC30066709,A,A,A,A,B,B,B,A
UNC30066724,A,B,A,A,B,B,B,B
UNC30066749,B,A,B,B,A,A,A,A
UNC30066767,B,A,B,B,A,A,A,A
UNC30066843,A,A,A,A,B,B,B,A
UNC30066875,B,A,B,B,A,A,A,A
UNC30066899,B,A,B,B,A,A,A,A
UNC30066936,A,A,A,A,B,B,B,A
UNC30066970,A,A,A,A,B,B,B,A
UNC30066989,A,B,A,A,A,A,A,B
UNC30067012,B,B,B,B,A,A,A,B
UNC30067042,A,A,A,B,B,B,B,A
UNC190158824,B,A,A,B,A,B,A,B
UNC30067657,A,A,B,A,A,B,A,B
UNC30067939,A,B,A,B,A,A,B,A
UNC30068300,A,B,A,A,B,A,A,A
UNC30068568,B,A,B,B,A,B,A,A
UNC30069000,B,B,B,B,B,A,B,B
UNC30069398,B,A,B,B,B,B,B,A
UNC30069852,A,A,A,B,B,B,B,B
UNC30070164,A,A,A,A,B,A,A,A
UNC30071644,B,A,B,B,B,A,B,A
UNC30071922,A,A,A,A,B,B,B,B
UNC30072077,A,A,A,A,B,B,A,A
UNC30073684,A,B,B,A,B,A,B,B
UNC30073846,B,B,B,A,A,B,A,A
backupUNC190023474,B,A,B,A,B,A,A,A
UNC30074481,A,B,B,A,A,B,A,B
UNC30075310,B,B,B,B,B,A,B,B
UNC30075530,B,B,B,A,A,A,A,A
UNC30075931,A,A,A,A,B,B,B,A
UNC30076257,B,B,A,B,A,A,A,A
JAX00473644,A,B,A,B,A,B,A,A
UNC30076859,A,B,B,B,B,B,A,B
UNC30077035,A,B,B,A,A,B,A,B
UNC30077480,A,A,A,A,B,A,B,B
UNC30078218,B,B,B,B,A,A,A,B
UNC30078738,B,A,B,A,A,A,A,A
UNC30079282,A,A,A,A,B,A,A,A
UNC30079595,A,A,B,B,A,B,A,B
UNC30079939,B,B,A,A,A,A,A,B
UNC30080726,A,A,A,A,A,B,A,A
UNC30081265,A,B,B,A,A,A,A,B
UNC30082027,A,A,A,A,B,A,B,B
UNC30082900,B,A,A,A,B,B,B,B
UNC30083200,A,A,A,A,A,B,B,A
UNC30083671,B,A,A,A,B,A,B,A
UNC30084504,B,B,A,B,B,A,B,B
UNC30084655,A,A,B,A,B,B,B,B
UNC30085531,A,A,A,B,B,A,A,A
UNC30085927,B,B,B,A,A,A,A,B
UNC30086534,A,B,B,B,B,A,B,B
UNC30087193,B,A,A,B,B,B,B,A
UNC30087701,A,B,B,A,A,A,A,A
UNC30088360,B,B,B,A,A,A,B,A
UNC30088468,B,B,B,A,A,B,B,A
backupUNC190160608,B,A,A,B,B,A,A,A
UNC30089534,A,A,A,B,B,A,A,A
UNC30090430,A,B,B,B,B,A,A,A
UNC30091044,B,B,B,B,B,A,B,A
UNC30091384,B,B,B,B,B,A,A,B
UNC190025397,B,A,B,B,B,A,A,A
JAX00473905,A,A,A,A,A,B,A,A
UNC30091927,B,B,B,B,B,A,A,A
UNC30092679,B,B,B,A,A,B,A,A
UNC30092955,B,A,A,B,B,A,A,B
UNC30093443,B,B,B,A,A,B,B,B
UNC30094417,B,B,B,A,B,B,B,A
UNC30094591,A,B,B,A,A,A,A,A
UNC30095367,A,A,A,B,A,B,A,A
UNC30095890,A,B,B,A,B,A,B,A
UNC30096312,A,A,A,B,A,B,B,B
UNC30096811,B,A,A,B,A,A,B,B
UNC30097327,A,B,B,A,B,B,B,A
UNC30097665,A,A,A,B,A,A,A,A
UNC30098100,A,B,B,B,B,A,A,B
UNC30098828,A,B,B,B,B,A,A,A
JAX00474064,A,A,A,B,A,B,A,B
UNC30099221,A,A,A,B,A,A,B,A
UNC30099465,A,A,A,B,A,B,A,A
UNC30100148,B,B,B,A,B,A,A,A
UNC30100604,A,A,A,B,A,B,B,B
UNC30101148,B,A,A,A,A,A,A,B
UNC30101693,B,A,A,A,A,B,A,A
UNC30102034,A,B,B,B,B,A,A,A
UNC30103065,B,A,A,A,A,B,B,B
UNC30103151,A,B,B,B,B,B,A,A
UNC30103919,A,B,B,B,B,A,A,B
UNC30104199,A,B,B,B,B,B,B,A
JAX00087917,B,A,A,A,A,B,B,A
UNC30105268,A,B,B,B,B,A,A,A
UNC30106027,B,A,A,A,A,A,B,B
UNC30106304,A,B,B,B,B,A,A,B
UNC30106772,B,B,B,B,B,A,A,A
UNC30107261,B,B,B,B,B,A,A,B
UNC30107716,A,B,B,B,B,B,A,A
UNC30108070,B,A,A,A,A,B,B,B
UNC30108228,B,B,B,B,B,A,B,A
UNC30108503,A,A,B,B,B,A,A,A
UNC30108783,B,A,B,B,B,A,A,A
UNC30109066,A,A,A,A,A,B,B,A
UNC30109247,B,A,A,A,A,B,B,B
UNC30109500,B,B,B,B,B,A,B,B
UNC30109707,A,B,B,B,B,A,A,A
UNC30109889,A,B,B,B,B,A,A,A
UNC30109923,B,A,A,A,A,A,A,B
UNC30110173,A,B,B,B,B,B,B,B
UNC30110608,B,B,A,A,A,B,A,B
UNC30110929,A,B,B,B,B,A,A,B
UNC30111172,A,A,B,B,B,A,B,A
UNC30111243,B,A,B,B,B,A,A,A
UNC30111529,B,B,A,A,A,A,B,B
UNC30111801,B,B,B,B,B,A,B,B
UNC30111972,B,A,A,A,A,B,B,A
UNC30112095,B,B,B,B,B,B,B,A
UNC30112382,A,B,A,A,A,B,B,B
UNC30112605,B,B,A,A,A,B,B,A
UNC30112848,A,A,B,B,B,B,A,B
UNC190026191,A,A,B,B,B,B,B,B
UNC30113043,B,B,A,A,A,A,A,A
UNC30113192,A,B,A,A,A,B,B,A
UNC30113599,A,B,A,B,A,A,A,A
UNC30113928,A,A,A,A,A,B,A,A
UNC30114204,B,B,B,B,B,A,A,B
UNC30114397,B,B,B,B,B,A,A,B
UNC30114583,B,B,B,B,B,A,A,B
UNC30114780,B,B,B,B,B,A,B,B
UNC30114925,A,A,A,A,A,B,B,A
UNC30115180,B,A,B,A,B,A,A,B
backupUNC190026579,B,A,B,A,B,A,B,B
UNC30115621,B,B,B,B,B,A,A,B
UNC30115852,A,A,A,A,A,B,A,A
UNC30116015,B,B,B,B,B,A,A,B
UNC30116243,B,B,B,B,B,A,A,B
UNC30116486,A,B,B,B,B,A,A,B
UNC30116610,B,B,B,B,B,A,A,B
UNC30116751,B,B,B,B,B,A,B,B
UNC30116915,B,B,B,B,B,A,A,B
UNC30117152,A,A,A,A,A,B,B,A
UNC30117332,B,B,B,B,B,A,A,B
UNC30117549,A,A,B,A,B,B,A,A
UNC30117647,A,A,B,A,B,B,B,A
UNC30117824,A,A,A,A,A,B,B,A
UNC30117950,A,B,A,A,A,A,A,A
UNC30118067,A,B,B,B,B,A,A,B
UNC30118229,B,A,A,A,A,B,A,A
UNC30118461,A,B,A,B,A,A,A,B
UNC30118681,A,B,B,B,B,B,A,B
UNC30118998,A,A,A,B,A,A,A,A
UNC30119513,A,A,A,A,A,A,B,B
UNC30120025,B,B,B,B,B,A,A,B
JAX00087986,A,B,A,B,A,B,B,A
JAX00474414,A,B,A,B,A,B,A,A
UNC30120924,B,A,B,A,B,B,A,B
UNC30121010,B,A,A,A,A,A,A,A
UNC30121953,A,B,A,B,A,A,A,A
UNC30122445,A,B,B,B,B,B,B,A
JAX00474436,B,A,A,A,A,A,A,B
JAX00087994,B,A,A,A,A,A,A,B
JAX00474437,B,A,A,A,A,A,A,B
UNC30123246,A,B,B,B,B,A,B,A
JAX00474442,B,B,B,B,B,A,B,B
UNC30123621,B,A,A,A,A,B,B,B
UNC30123957,B,A,B,A,B,A,B,A
JAX00088002,A,B,A,B,A,A,A,B
UNC30124707,A,A,B,A,B,B,A,A
UNC30125619,A,A,B,A,B,A,B,A
JAX00088010,B,B,A,B,A,B,B,B
UNC30125929,A,B,B,A,B,A,A,B
JAX00474494,B,A,A,B,A,A,B,A
UNC30126123,B,A,A,B,A,B,B,A
JAX00474500,B,B,A,B,A,B,B,B
JAX00088015,A,A,B,A,B,A,A,A
UNC30126613,A,A,B,A,B,B,A,A
JAX00474507,B,A,B,B,B,B,A,B
UNC30127177,A,B,A,A,A,B,A,A
UNC30127795,A,A,A,A,A,B,B,A
UNC30128348,A,B,A,A,A,B,B,A
UNC30128908,B,A,B,B,B,A,B,B
UNC30129668,A,B,B,A,B,B,B,B
UNC190118835,B,A,B,B,B,B,B,A
UNC30130210,A,A,B,B,B,A,A,A
UNC30130382,A,B,A,B,A,A,A,B
JAX00474583,B,B,A,A,A,B,B,A
UNC30131122,A,A,A,A,A,B,B,B
UNC30131377,A,A,B,B,B,A,B,B
JAX00474593,B,B,A,A,A,B,B,B
UNC30131992,B,B,A,B,A,A,B,A
JAX00088045,A,B,A,B,A,A,A,A
UNC30133329,A,A,B,A,B,B,B,A
JAX00474634,B,A,A,B,A,A,B,A
UNC30133801,A,B,B,A,B,A,A,B
UNC30134350,B,B,B,B,B,A,A,B
UNC30135096,B,A,A,B,A,A,B,B
JAX00474649,A,A,A,A,A,A,B,A
JAX00474655,B,B,B,B,B,B,A,B
UNC30135550,A,B,B,A,B,A,B,B
UNC30136851,A,B,B,B,B,B,B,B
UNC30137292,A,A,A,A,A,B,B,A
UNC30137555,A,A,A,A,A,-,A,B
UNC30138111,B,A,B,A,B,A,A,B
UNC30138828,A,B,A,B,A,B,B,B
UNC30139799,A,A,B,A,B,B,B,A
JAX00474740,B,B,B,B,B,A,B,B
UNC30140453,B,A,A,A,A,B,B,B
UNC30141159,A,B,B,B,B,B,A,B
UNC30141470,B,A,A,A,A,B,B,A
JAX00474772,B,B,B,B,B,A,A,B
UNC30142554,A,A,B,A,B,B,B,A
UNC30142970,B,A,B,A,B,B,B,B
UNC30143426,A,B,B,B,B,B,A,B
JAX00474803,A,B,B,B,B,B,B,B
UNC30144119,A,B,A,B,B,A,A,B
UNC30144579,A,B,A,B,B,B,B,B
UNC30144866,B,A,B,A,A,A,B,B
UNC30145625,B,B,A,B,B,A,A,A
JAX00474835,B,B,A,B,B,B,B,A
UNC30146004,B,B,A,B,B,A,A,B
UNC30146623,B,A,A,A,A,B,B,A
UNC30147087,A,B,A,B,B,B,A,A
UNC30148026,A,B,B,B,B,A,B,B
UNC30148273,A,B,A,B,B,A,A,B
UNC30148442,B,B,A,B,B,A,A,A
UNC30148778,A,A,A,A,A,B,B,A
UNC30148919,A,B,A,B,B,A,A,A
UNC30149201,B,A,B,A,A,A,B,B
UNC30149434,A,A,A,A,A,B,B,A
UNC30149565,B,B,B,B,B,A,B,B
UNC30149630,A,B,A,B,B,A,A,A
UNC30149746,B,A,B,A,A,B,B,B
UNC30149840,A,B,A,B,B,B,B,A
UNC30150271,A,B,B,B,B,A,B,B
UNC30150345,A,A,B,A,A,A,A,A
backupUNC190169111,A,B,B,B,B,A,A,B
UNC30150902,B,A,B,A,A,B,B,B
UNC30151090,B,A,B,A,A,A,A,B
UNC30151319,B,A,B,A,A,B,B,A
UNC30151518,B,A,B,A,A,A,B,A
UNC30151717,B,A,A,A,A,B,B,A
UNC30151931,A,B,A,B,B,A,A,A
UNC30152111,B,B,A,B,B,A,A,B
UNC30152415,A,A,A,A,A,B,B,A
UNC30152763,B,A,A,A,A,B,A,A
UNC30152922,A,B,B,B,B,A,A,B
UNC30153174,B,B,A,B,B,A,A,A
UNC190031953,B,A,B,A,A,A,B,B
UNC30153639,A,B,B,B,B,B,A,B
UNC30153772,A,A,A,A,A,A,A,B
JAX00088166,A,B,B,B,B,A,A,B
UNC30153927,B,A,A,A,A,B,A,A
UNC30154428,B,A,A,A,A,B,B,A
UNC30154739,B,A,A,A,A,B,B,A
UNC30154944,A,A,A,A,A,B,B,A
JAX00474998,B,B,B,B,B,A,A,B
UNC30155232,B,A,A,A,A,B,A,A
UNC30155279,A,B,B,B,B,A,A,B
UNC30155558,B,B,B,B,B,A,B,B
UNC30155833,B,B,A,B,B,B,B,B
JAX00475017,B,B,B,B,B,B,A,B
UNC30156343,B,A,B,A,A,B,B,B
UNC30156501,B,B,B,B,B,A,A,B
UNC30156768,A,B,B,B,B,A,A,B
UNC30157046,B,B,B,B,B,A,B,B
UNC30157346,B,A,-,-,-,B,B,B
UNC30157501,B,B,A,B,B,B,B,B
UNC30157819,A,B,B,B,B,B,B,B
UNC30158032,B,B,B,B,B,A,A,B
UNC30158253,B,B,B,B,B,A,B,B
UNC30158490,A,A,A,A,A,B,B,B
UNC30158696,B,A,B,A,A,B,B,A
UNC30159017,B,A,A,A,A,B,B,B
JAX00475082,B,B,B,B,B,B,B,A
JAX00475087,A,B,B,B,B,B,B,B
UNC30159169,A,A,A,A,A,B,B,A
UNC30159358,B,B,B,B,B,A,B,B
UNC30159560,B,B,A,B,B,A,A,A
UNC30159856,B,A,A,A,A,B,B,A
UNC190032283,B,A,B,B,B,-,B,B
JAX00475110,B,B,A,B,B,A,A,B
UNC30160193,B,B,A,B,B,A,B,B
UNC30160474,B,B,B,B,B,A,A,B
UNC30160771,B,B,A,B,B,A,A,B
UNC30161048,A,A,A,A,A,A,A,B
UNC190436035,B,B,B,B,A,A,A,A
UNC30161592,A,A,B,A,A,A,B,B
JAX00475132,B,B,A,B,B,A,A,A
UNC30161918,B,B,A,B,B,A,B,A
JAX00088205,A,A,B,A,A,A,A,B
JAX00475136,A,A,A,A,A,A,A,B
UNC30162622,A,A,B,A,A,B,B,A
JAX00088209,A,A,B,A,A,B,B,A
UNC30162928,A,A,B,A,A,B,B,B
JAX00475156,B,B,B,B,B,B,A,B
UNC30163486,B,B,B,B,B,A,A,A
UNC30163725,A,A,B,A,A,A,B,B
UNC30164169,A,A,B,A,A,B,B,B
UNC30164499,B,B,B,B,B,A,A,B
UNC30164867,B,B,A,B,B,A,A,A
UNC30165315,B,B,A,B,B,A,A,B
UNC30165688,B,B,A,B,B,B,A,A
UNC30166386,B,B,A,B,B,A,B,A
JAX00088226,A,A,B,A,A,A,A,B
JAX00088227,A,A,B,A,A,A,A,B
UNC30167157,B,B,A,B,B,A,A,A
UNC190034224,B,B,A,B,B,A,A,B
UNC30167510,B,B,A,B,B,A,A,A
JAX00475214,A,A,A,A,A,A,B,A
UNC30168030,B,B,A,B,B,A,A,B
UNC30169071,B,B,B,B,B,A,B,B
UNC30169348,A,A,B,A,A,B,B,B
backupUNC190034651,A,A,B,A,A,-,-,B
JAX00475243,A,A,A,A,A,A,A,B
UNC30169909,A,A,B,A,A,B,B,B
UNC30170307,A,A,A,A,A,B,B,A
UNC30170473,A,A,B,A,A,A,A,A
UNC30170966,B,B,B,B,B,A,B,A
UNC30171515,A,A,A,A,A,B,B,A
UNC30171956,B,B,B,B,B,A,A,A
UNC30172186,B,B,B,B,B,A,A,A
UNC30172563,A,A,A,A,A,A,B,B
UNC30172893,A,A,A,A,A,B,B,A
JAX00475294,B,B,B,B,B,B,B,A
UNC30173700,A,A,A,A,A,B,B,B
UNC30174108,A,A,B,A,A,B,B,B
JAX00475305,A,A,A,A,A,B,B,A
UNC30174299,B,B,B,B,B,A,B,B
UNC30174460,B,B,B,B,B,A,A,B
UNC30174625,B,B,B,B,B,A,A,A
UNC30174911,A,A,B,A,A,B,B,B
UNC30175656,B,B,B,B,B,A,B,A
UNC30176317,B,B,B,B,B,A,A,B
JAX00475330,B,B,B,B,B,B,B,A
UNC30176763,B,B,B,B,B,A,A,A
JAX00475342,A,A,B,A,A,A,A,B
UNC30177315,B,B,A,B,B,A,A,A
UNC30177571,A,A,B,A,A,B,A,B
UNC30178120,B,B,B,B,B,A,A,B
UNC30178290,B,B,B,B,B,A,A,B
UNC30178852,A,A,B,A,A,B,A,A
JAX00475379,B,B,B,B,B,A,A,A
UNC30179422,B,B,A,B,B,A,A,A
JAX00475380,B,B,A,B,B,A,A,A
JAX00088303,A,A,B,A,A,B,B,A
UNC30180314,B,B,B,B,B,A,A,A
UNC30180808,A,A,B,A,A,B,B,B
UNC30181134,A,A,B,A,A,A,B,A
UNC30182106,B,B,A,B,B,A,A,A
JAX00088315,B,B,A,B,B,A,A,B
UNC30182758,A,A,B,A,A,A,A,A
UNC30183361,B,B,B,B,B,A,A,A
UNC30183769,A,A,A,A,A,B,A,B
UNC30184319,B,B,B,B,B,A,A,B
UNC30184813,B,B,B,B,B,A,A,A
JAX00475458,A,A,A,A,A,A,A,B
UNC30185638,A,A,B,A,A,A,A,A
UNC30186003,B,B,B,B,B,B,A,A
UNC30186387,A,A,B,A,A,B,B,A
JAX00088339,A,A,B,A,A,B,A,B
UNC30187109,A,A,B,A,A,B,B,B
JAX00475495,A,A,B,A,A,A,B,B
UNC30187388,B,B,A,B,B,B,-,B
UNC30188444,A,A,A,A,A,B,B,A
UNC30188929,A,A,A,A,A,B,B,A
UNC30189352,B,B,A,B,B,A,A,A
JAX00088351,A,A,B,A,A,A,A,B
UNC30189613,A,A,B,A,A,A,B,B
UNC190036580,A,A,B,A,A,B,A,B
UNC30190536,B,B,B,B,B,A,B,A
UNC30190932,B,B,A,B,B,A,A,A
JAX00088360,A,A,A,A,A,A,A,B
UNC30191339,B,B,B,B,B,A,A,B
JAX00475562,B,B,B,B,B,B,A,B
UNC30191980,B,B,B,B,B,A,B,B
UNC30192357,B,B,B,B,B,A,A,A
JAX00475577,A,A,A,A,A,B,B,B
UNC30193448,A,A,B,A,A,B,B,B
UNC30193784,A,A,B,A,A,B,B,A
UNC30194773,A,A,B,A,A,B,B,A
UNC30195210,A,A,A,A,A,B,A,A
UNC30195616,B,B,B,B,B,A,A,A
UNC30195754,A,A,A,A,A,B,B,B
UNC30195781,A,A,A,A,A,A,A,B
UNC30195834,A,A,B,A,A,B,B,A
UNC30195886,B,B,B,B,B,A,B,B
UNC30195892,B,B,B,B,B,A,A,B
UNC30195939,B,B,B,B,B,A,A,B
UNC30195985,B,B,B,B,B,B,B,A
UNC30196025,A,A,A,A,A,B,B,B
UNC30196091,B,B,B,B,B,B,A,B
UNC30196132,A,A,A,A,A,A,B,A
UNC30196216,B,B,B,B,B,B,B,A
UNC30196254,B,B,B,B,B,A,A,B
UNC30196283,B,B,B,B,B,A,B,B
UNC30196349,A,A,A,A,A,B,B,B
UNC30196430,A,A,A,A,A,A,B,B
UNC30196604,A,A,A,A,A,B,B,A
UNC30197172,A,A,A,A,A,B,B,B
JAX00475642,B,B,B,B,B,A,B,A
JAX00475646,A,A,A,A,A,A,B,B
UNC30197966,B,B,B,B,B,A,A,A
UNC30198546,A,A,B,A,A,B,A,B
backupJAX00088399,B,B,A,B,B,A,A,B
UNC30199206,B,B,A,B,B,A,A,B
UNC30199631,B,B,A,B,B,A,A,A
UNC30200563,B,B,A,B,B,A,A,A
UNC30201274,A,A,A,A,A,B,B,B
UNC30201958,A,A,A,A,A,B,A,B
JAX00475719,A,A,A,A,A,B,B,A
UNC30202096,B,B,B,B,B,A,A,B
UNC30202476,B,B,A,B,B,B,B,B
UNC30203301,A,B,A,A,B,B,A,A
UNC30203653,A,A,B,A,A,A,B,B
JAX00088432,A,A,B,A,A,A,A,B
UNC30203900,A,A,B,A,A,A,A,B
UNC30204570,A,A,B,A,A,A,A,A
UNC30205249,B,B,A,B,B,B,A,B
JAX00088444,A,B,B,A,B,B,A,B
UNC30206298,A,A,A,A,A,B,A,A
UNC30206821,B,B,B,B,B,B,A,B
UNC30207193,A,A,A,A,A,A,B,A
JAX00475787,B,B,B,B,B,B,A,B
UNC30207428,B,B,B,B,B,A,B,B
UNC30207909,B,B,B,B,B,B,A,B
UNC30208244,A,A,A,A,A,A,B,B
JAX00088467,B,A,B,B,A,B,A,B
UNC30208784,B,A,B,B,A,B,A,B
JAX00088470,A,B,A,A,B,A,B,A
UNC30209395,B,A,A,B,A,A,A,A
UNC30209713,A,A,B,A,A,A,B,A
UNC30210099,A,A,A,A,A,B,B,A
UNC30210284,B,B,A,B,B,B,B,A
UNC30210488,A,A,A,A,B,A,A,A
UNC30210600,A,A,A,A,A,B,A,A
UNC30210936,A,A,A,A,A,B,B,A
UNC30211159,B,B,B,B,B,A,A,B
UNC30211314,A,A,A,A,A,B,A,A
UNC30211500,B,B,B,B,B,A,A,B
UNC30211645,B,B,B,B,B,A,A,B
UNC30211827,A,A,A,A,A,B,B,A
UNC30212220,A,A,A,A,A,B,A,A
UNC30212707,A,A,A,A,A,B,B,B
UNC30212834,B,B,B,B,B,A,A,B
UNC30212975,A,A,A,A,A,B,B,B
UNC30213131,B,B,B,B,B,A,B,B
UNC30213301,B,B,B,B,B,A,A,A
JAX00475870,B,B,B,B,B,A,B,B
UNC30213550,B,A,A,A,A,B,B,B
UNC30213881,B,A,A,B,B,B,A,B
UNC30214052,B,A,A,B,B,B,B,B
UNC30214131,B,A,A,B,B,A,A,B
UNC30214234,B,A,A,B,B,A,A,A
UNC30214345,A,B,B,A,A,B,B,A
UNC30214530,A,A,A,A,A,B,A,A
UNC30214803,A,A,A,A,A,B,B,B
UNC30215051,A,A,A,B,B,B,A,B
UNC30215158,A,B,B,B,A,A,A,B
UNC30215375,A,B,B,B,B,A,B,B
UNC30215621,B,A,A,A,A,A,B,A
UNC30215840,A,B,B,B,B,A,A,B
UNC30216089,A,A,A,B,B,-,B,B
UNC30216360,A,A,A,B,B,A,A,B
UNC30216687,A,B,B,B,B,B,B,B
UNC30216887,A,A,A,A,A,B,-,B
UNC30217002,B,B,B,B,B,A,B,B
UNC30217153,B,B,B,B,B,A,A,A
UNC30217339,B,A,A,A,B,A,A,B
UNC190172045,B,A,A,A,B,B,B,B
UNC30217539,A,A,A,A,B,A,A,B
UNC30217607,B,B,B,B,A,A,A,A
JAX00088520,A,A,A,A,B,A,A,B
UNC30218469,B,B,B,B,B,A,B,B
UNC30219967,B,B,B,B,A,A,A,A
UNC30221931,B,B,B,B,A,A,A,B
JAX00088551,B,B,B,B,B,A,B,B
UNC30223401,B,B,B,B,A,A,A,A
UNC30224862,A,A,A,A,B,B,A,B
JAX00476068,B,B,B,B,B,A,B,B
JAX00088587,B,B,B,B,B,A,A,B
JAX00476074,B,B,B,B,A,A,A,A
UNC30225538,B,B,B,B,B,A,A,A
JAX00476084,A,A,A,A,A,B,B,A
UNC30226622,B,B,B,B,B,A,B,B
UNC30226893,A,A,A,A,B,B,B,B
JAX00476097,B,B,B,B,A,A,B,A
JAX00476103,B,B,B,B,B,A,A,B
JAX00476105,B,B,B,B,B,A,B,B
UNC30227172,A,A,A,A,B,B,B,B
UNC30227688,A,A,A,A,B,B,B,A
UNC30227840,A,A,A,A,A,B,B,A
UNC30228013,B,B,B,B,B,A,B,B
UNC30228534,A,A,A,A,B,B,B,B
UNC30228779,B,A,A,A,A,A,B,A
UNC30229742,B,A,A,A,B,A,B,B
UNC30230086,B,A,A,A,B,B,B,A
UNC30230276,B,A,A,A,A,B,B,A
UNC190172958,A,B,B,B,A,B,A,A
UNC30230603,A,A,A,A,B,B,B,B
JAX00476191,B,A,A,A,A,A,A,A
UNC30230953,B,A,A,A,A,B,B,B
UNC30231155,A,B,B,B,A,B,A,A
UNC30231436,B,A,A,A,A,B,B,B
JAX00476213,A,A,A,A,A,A,A,B
UNC30231676,A,B,B,B,A,A,B,A
UNC190469181,A,A,A,A,B,B,B,A
UNC30232200,B,B,B,B,B,A,B,A
JAX00476221,B,B,B,B,A,A,A,A
UNC30232556,A,A,A,A,B,A,B,B
UNC30232946,B,B,B,B,B,A,A,B
UNC30233284,A,A,A,A,A,B,B,A
UNC30233529,B,B,B,B,B,A,A,B
UNC30233827,B,B,B,B,B,A,B,B
UNC30234022,A,A,A,A,A,B,B,A
UNC30234305,A,A,A,A,A,B,B,A
UNC30234572,B,A,A,A,B,A,B,B
UNC30234737,A,B,B,B,A,B,B,A
JAX00476263,A,B,B,B,A,B,B,A
UNC30235341,B,A,A,A,B,A,A,A
JAX00476271,A,B,B,B,A,A,A,B
UNC30235680,A,B,B,B,A,A,A,B
UNC30235919,B,A,A,A,B,B,B,A
UNC30236020,A,B,B,B,A,B,A,A
UNC30236563,A,A,A,A,A,B,B,B
UNC30236903,B,B,B,B,B,A,A,B
UNC30237347,A,B,B,B,A,A,B,A
JAX00088653,A,B,B,B,A,A,A,A
UNC30237557,B,A,A,A,B,B,A,B
UNC30237856,B,A,A,A,B,A,A,B
UNC30238184,B,B,B,B,B,A,A,A
backupUNC190174193,A,B,B,B,A,A,B,B
UNC30239491,B,A,A,A,B,B,B,A
UNC30240078,B,A,A,A,B,A,B,B
UNC30240487,B,A,A,A,B,A,B,B
backupJAX00088675,A,B,B,B,A,A,A,A
UNC30241861,A,A,A,A,A,B,A,B
UNC30243725,B,B,B,B,B,A,A,A
UNC30244735,A,B,B,B,A,A,A,A
JAX00476451,A,A,A,A,A,B,B,A
UNC30247166,A,A,A,A,B,B,B,A
UNC30248058,A,A,A,A,A,B,B,B
JAX00476469,A,A,A,A,A,B,A,A
UNC30249483,B,B,B,B,A,A,A,A
UNC30250329,A,A,A,A,B,B,A,B
JAX00476488,B,B,B,B,A,A,A,A
UNC30251451,A,A,A,A,B,B,B,B
UNC30252509,B,B,B,B,A,A,A,B
UNC30253575,A,A,A,A,A,B,B,B
JAX00476513,B,B,B,B,B,B,B,A
UNC30255760,A,A,A,A,B,B,A,B
UNC30256311,A,A,A,A,B,B,B,B
UNC30256816,B,B,B,B,B,A,A,B
UNC30256898,B,B,B,B,A,B,B,A
UNC30256921,B,B,B,B,B,A,A,B
UNC30256939,B,B,B,B,A,A,A,A
UNC30256984,A,A,A,A,B,B,B,B
UNC30256998,B,B,B,B,A,A,A,A
UNC30257032,B,B,B,B,B,A,B,B
UNC30257063,B,B,B,B,A,B,-,A
UNC30257083,B,B,B,B,A,A,A,A
UNC30257101,A,A,A,A,B,B,B,B
UNC30257126,B,B,B,B,A,A,A,A
UNC30257145,A,A,A,A,B,A,B,B
UNC30257203,A,A,A,A,A,B,B,A
UNC30257246,A,A,A,A,A,B,B,A
UNC30257255,B,B,B,B,B,A,B,B
UNC30257285,B,B,B,B,B,A,A,B
UNC30257434,B,B,B,B,A,B,B,B
UNC30257829,B,B,B,B,B,A,B,A
CEAJAX00476568,B,B,B,B,B,B,B,A
UNC30258589,A,A,A,A,A,B,B,B
UNC30259117,B,B,B,B,B,A,B,B
UNC30260611,B,B,B,B,B,B,B,A
UNC30261073,B,A,B,B,B,A,A,B
UNC30261542,B,A,A,B,B,A,A,A
UNC30261995,B,A,A,B,B,A,B,A
JAX00476632,A,A,A,A,A,B,B,A
UNC30262791,A,A,A,A,A,B,A,A
UNC30263377,A,A,A,A,A,B,B,B
UNC30264413,B,A,A,B,B,A,A,A
JAX00088788,B,A,A,B,B,B,B,B
UNC30264607,A,A,B,A,A,A,A,A
UNC30265409,B,B,B,B,B,A,A,B
UNC30266022,B,B,B,B,B,A,B,B
UNC30267063,A,B,A,A,A,A,A,B
UNC30268264,A,B,A,A,A,A,A,A
UNC30268748,B,B,B,B,B,A,B,B
UNC30269234,B,B,B,B,B,A,A,B
JAX00088816,A,B,A,A,A,B,B,A
UNC30269603,B,A,A,B,B,A,A,B
UNC30269970,B,A,B,B,B,A,A,B
UNC30270295,B,A,B,B,B,A,A,B
UNC30270927,B,B,B,B,B,A,B,B
UNC190041098,A,B,A,A,A,A,A,A
UNC30271229,A,A,A,A,A,B,B,A
UNC30272052,A,A,A,A,A,B,B,A
UNC30272199,B,B,B,B,B,A,A,B
UNC30272368,B,B,B,B,B,A,B,B
UNC30272501,A,A,A,A,A,B,B,A
UNC30272586,B,B,B,B,B,A,A,B
UNC30272687,B,B,B,B,B,A,A,B
UNC30272810,A,A,A,A,A,B,B,A
UNC30272917,B,B,B,B,B,A,B,B
UNC30273049,A,A,A,A,A,B,B,A
UNC30273349,B,B,B,B,B,A,A,B
UNC30273492,B,B,B,B,B,A,A,B
JAX00088844,A,A,A,A,A,B,A,A
UNC30273790,B,B,B,B,B,A,A,B
UNC30273929,B,B,B,B,B,A,A,B
UNC30274077,A,A,A,A,A,B,B,A
UNC30274198,B,A,B,B,B,A,A,B
UNC30274280,A,A,A,A,A,B,A,A
UNC30274409,B,A,B,B,B,A,A,B
UNC30274651,A,B,A,A,A,A,A,B
UNC30274765,A,B,A,A,A,B,B,B
UNC30274859,A,A,A,A,A,B,A,A
UNC30274954,B,A,B,B,B,A,A,B
UNC30274999,A,B,A,A,A,B,B,A
UNC30275178,B,B,B,B,B,A,A,B
UNC30275281,A,B,A,A,A,B,B,A
UNC30275404,A,A,A,A,A,B,A,A
UNC30275540,A,B,A,A,A,B,B,A
UNC30275735,B,B,B,B,B,B,B,A
UNC30275835,B,A,B,B,B,B,B,A
UNC30276047,B,A,B,B,B,A,A,A
UNC30276224,A,B,A,A,A,A,B,B
UNC30276491,A,B,A,A,A,B,B,B
UNC30276657,A,B,A,A,A,B,B,B
JAX00476797,B,A,B,B,B,B,B,A
UNC30276799,A,B,A,A,A,B,A,B
UNC30276879,A,A,A,A,A,A,A,B
UNC30277066,A,B,A,A,A,A,B,B
UNC30277312,B,A,B,B,B,A,A,A
UNC30277502,B,A,B,B,B,A,A,A
UNC30277608,A,A,A,A,A,B,B,B
UNC30277815,B,A,B,B,B,B,A,B
UNC30277851,A,A,A,A,A,B,B,A
UNC30277942,A,B,A,A,A,B,B,A
JAX00476829,B,B,B,B,B,A,A,B
UNC30278135,B,A,B,B,B,A,A,B
UNC30278442,A,A,A,A,A,A,A,B
UNC30278663,B,B,B,B,B,A,B,B
UNC30278697,B,B,B,B,B,A,A,A
UNC30278871,B,B,B,B,B,A,A,B
UNC30279009,B,A,B,B,B,A,A,A
UNC30279246,A,B,A,A,A,B,A,B
JAX00088874,A,B,A,A,A,B,B,B
UNC30279383,A,B,A,A,A,B,B,B
UNC30279485,A,A,A,A,A,B,B,B
backupUNC190042442,A,B,A,A,A,-,A,B
UNC30279616,B,A,B,B,B,A,A,B
UNC30279811,B,A,B,B,B,A,A,A
UNC30279971,B,A,B,B,B,B,A,B
UNC30280171,A,B,A,A,A,B,B,B
UNC30280369,A,B,A,A,A,B,A,A
UNC30280526,A,B,A,A,A,B,B,A
UNC30280868,A,B,A,A,A,B,B,A
UNC30281085,A,A,A,A,A,B,A,A
UNC30281363,B,B,B,B,B,A,A,B
UNC30281668,A,A,A,A,A,B,B,A
UNC30282030,B,B,B,B,B,A,A,B
UNC30282872,B,A,B,B,B,A,B,B
JAX00088894,A,B,A,A,A,B,B,A
UNC30283534,A,B,A,A,A,B,B,A
UNC30284006,B,A,B,B,B,A,A,B
UNC30284651,B,B,B,B,B,B,A,A
UNC30284882,A,B,A,A,A,B,A,B
UNC30285405,A,B,A,A,A,B,B,B
UNC30285888,B,A,B,B,B,A,A,A
UNC30286219,B,A,B,B,B,B,B,B
UNC30286399,A,B,A,A,A,A,B,B
UNC190044398,B,A,B,B,B,B,A,A
JAX00476974,B,A,B,B,B,B,B,B
UNC30287406,B,A,B,B,B,A,A,A
UNC30287661,B,A,B,B,B,A,A,A
UNC30287958,B,A,B,B,B,A,A,B
UNC30288809,B,B,B,B,B,A,A,B
UNC30289112,A,B,A,A,A,B,B,B
UNC30289331,B,B,B,B,B,B,A,A
UNC30289754,B,A,B,B,B,A,A,A
UNC30290785,A,A,A,A,A,B,B,A
UNC30291116,B,A,B,B,B,A,A,B
UNC30291402,A,B,A,A,A,B,B,A
UNC30291628,A,B,A,A,A,A,B,A
UNC30292077,A,B,A,A,A,B,A,A
JAX00088935,B,A,B,B,B,A,A,B
UNC30292387,A,B,A,A,A,B,B,A
UNC30292803,A,B,A,A,A,B,B,B
UNC30293082,A,B,A,A,A,B,B,A
UNC30293331,B,B,B,B,B,A,A,A
UNC30293650,B,B,B,B,B,A,B,B
UNC30294194,A,B,A,A,A,B,B,B
UNC30294727,B,B,B,B,B,A,A,B
UNC30295974,B,A,B,B,B,A,B,B
UNC30296924,B,A,B,B,B,A,A,A
UNC30297139,A,A,A,A,A,A,A,B
UNC30297902,B,A,B,B,B,B,A,B
UNC30298859,A,B,A,A,A,B,B,A
UNC30299037,A,A,A,A,A,A,B,A
UNC30299581,B,B,B,B,B,B,B,A
UNC190047471,B,A,B,B,B,B,A,B
JAX00477224,B,A,B,B,B,B,B,B
UNC30303215,B,B,B,B,B,A,B,B
UNC30304188,A,B,A,A,A,A,B,A
UNC30305167,B,A,B,B,B,A,B,B
UNC30306526,A,B,A,A,A,B,-,A
UNC30307171,B,A,B,B,B,A,A,A
UNC30307645,A,A,A,A,A,B,B,A
UNC30307810,B,A,B,B,B,A,B,B
UNC30308105,A,B,A,A,A,B,B,A
UNC30308285,B,B,B,B,B,A,A,B
UNC30308455,B,A,B,B,B,A,A,B
UNC30308619,A,B,A,A,A,B,A,A
UNC30308844,B,A,B,B,B,A,A,B
UNC30309042,A,B,A,A,A,A,A,A
UNC30309268,A,A,A,A,A,B,B,B
UNC30309315,B,B,B,B,B,A,B,A
UNC30309447,A,A,A,A,A,B,B,A
JAX00477352,B,B,B,B,B,A,B,B
UNC30309532,B,B,B,B,B,A,A,A
UNC30309613,B,A,B,B,B,A,A,B
UNC30309705,B,A,B,B,B,A,A,B
JAX00089057,B,A,B,B,B,A,A,B
UNC30309860,B,A,B,B,B,B,B,B
UNC30309967,B,B,B,B,B,A,A,B
UNC30310085,A,A,A,A,A,B,A,A
UNC30310225,A,B,A,A,A,B,B,A
UNC190051683,A,B,A,A,A,B,-,A
UNC30310625,A,B,A,A,A,B,A,B
UNC30310726,B,A,B,B,B,A,A,A
UNC30310811,B,A,B,B,B,A,A,A
UNC30310939,B,A,B,B,B,B,B,B
UNC30311036,A,A,A,A,A,B,A,A
JAX00089065,B,A,B,B,B,B,B,A
UNC30311181,B,A,B,B,B,B,B,A
UNC30311299,A,A,A,A,A,B,B,A
JAX00477385,B,B,B,B,B,A,A,B
UNC30311367,B,A,B,B,B,A,A,B
UNC30311502,B,B,B,B,B,A,B,B
UNC30311590,B,A,B,B,B,A,A,A
UNC30311763,A,B,A,A,A,B,B,B
UNC30311893,A,A,A,A,A,B,B,A
UNC30312004,B,B,B,B,B,A,A,A
UNC30312086,A,A,A,A,A,A,B,B
UNC30312232,B,B,B,B,B,A,A,A
UNC30312674,A,B,A,A,A,B,B,B
UNC30314426,A,B,A,A,B,A,B,B
UNC30315337,A,B,A,A,B,B,B,B
UNC30316397,A,A,A,A,B,B,B,B
UNC30318087,B,A,B,B,B,A,A,A
UNC30319023,A,A,A,A,B,B,B,A
UNC30319635,B,B,B,B,A,A,B,B
UNC30320280,B,B,B,B,B,A,A,A
UNC30321102,B,A,B,B,A,A,A,A
backupUNC190052983,B,A,B,B,A,B,A,A
UNC30322169,B,B,B,B,A,B,B,A
UNC30323050,A,B,B,B,B,A,B,A
JAX00477586,B,A,A,A,A,B,B,B
JAX00089114,B,B,B,B,B,A,B,B
UNC30324577,A,B,A,A,A,A,A,A
UNC30325011,A,A,A,A,A,B,B,A
UNC30325708,A,B,B,B,A,B,B,B
UNC190053298,A,B,A,A,A,-,A,A
UNC30326120,A,B,B,B,B,B,B,B
UNC30326852,B,A,B,B,B,A,B,A
UNC30327020,B,A,A,A,A,B,B,B
UNC30327989,B,A,B,B,B,A,B,B
UNC30328686,A,A,B,B,A,B,B,A
UNC30328851,A,A,A,A,B,A,A,A
UNC30329433,B,A,A,A,A,A,A,A
JAX00477671,B,A,B,B,B,A,A,B
UNC30330174,B,A,B,B,B,B,A,B
UNC190054056,B,B,A,A,A,B,B,B
UNC30330531,B,B,B,B,B,A,A,B
UNC30331580,B,B,B,B,A,B,B,B
JAX00089161,B,A,B,B,A,A,A,B
JAX00477709,B,A,B,B,B,B,B,A
UNC30331816,B,A,B,B,A,A,A,A
UNC30332510,A,B,B,B,B,B,A,B
UNC30333430,A,B,B,B,B,B,B,A
UNC30333897,B,A,A,A,A,B,B,B
JAX00089174,A,B,A,A,A,A,A,A
UNC30334487,B,B,A,A,A,B,B,B
UNC30335216,A,A,B,B,B,A,A,B
UNC190055214,B,A,B,B,B,B,A,B
UNC30337081,B,A,A,A,A,B,B,A
UNC30338130,B,B,B,B,B,A,A,B
UNC30338778,A,A,B,B,B,B,A,B
UNC30339490,B,B,A,B,B,B,A,B
UNC30340219,A,B,B,A,B,B,B,A
UNC30340737,B,A,B,B,B,A,A,A
UNC30341093,B,B,B,B,A,A,A,A
UNC190177517,A,B,B,A,A,B,A,A
JAX00477864,B,B,B,B,A,B,B,A
UNC30342229,A,B,A,A,B,B,A,B
UNC30342371,B,B,A,B,B,A,A,A
JAX00477899,A,B,A,A,B,B,B,B
UNC30343052,B,A,B,B,A,A,A,B
JAX00089221,B,A,B,B,A,A,A,A
JAX00477927,A,A,A,A,A,B,A,A
UNC30343498,B,B,A,B,A,B,B,A
UNC30344157,B,B,B,B,A,B,A,B
UNC30345737,A,A,A,A,B,B,A,A
UNC30346115,B,A,A,B,A,A,A,A
UNC30347226,B,A,B,B,A,B,B,B
UNC30348151,A,A,A,A,B,A,B,B
UNC30348877,B,A,B,B,B,A,A,B
UNC30349853,B,A,A,B,B,A,B,B
JAX00478037,B,B,A,B,B,A,A,B
UNC30350463,A,A,A,A,A,A,A,B
UNC30351150,B,B,B,B,A,A,A,A
UNC30351570,A,B,A,A,B,A,B,B
backupUNC190261546,A,A,A,A,B,B,A,B
UNC30352747,B,A,A,B,A,A,A,A
UNC30353071,B,B,B,B,A,B,A,B
backupJAX00089271,B,A,B,B,A,A,A,A
UNC30353644,A,A,A,A,B,B,B,B
UNC30354272,B,A,A,B,B,B,A,A
UNC30354727,B,A,B,B,B,A,A,B
UNC30354821,B,A,A,B,A,A,A,A
UNC30355310,A,A,B,A,A,B,B,B
JAX00478143,A,A,B,A,A,B,B,B
UNC30355891,B,B,A,B,B,B,B,B
UNC30356247,A,B,B,A,A,B,A,B
UNC30356852,B,B,A,B,A,B,B,A
UNC30358255,B,A,A,B,A,B,B,A
UNC30358655,A,A,B,A,B,B,B,A
UNC30358854,A,A,A,A,B,A,A,A
UNC30359130,A,B,A,A,A,B,A,A
UNC30359317,A,B,A,A,A,A,B,A
UNC30359657,B,A,A,B,A,A,A,A
UNC30359858,B,B,B,B,B,A,A,B
UNC30360291,B,A,B,B,B,A,A,B
UNC30360382,A,B,A,A,A,B,B,A
UNC30360663,B,A,A,B,A,B,A,A
UNC30361081,B,B,B,B,B,A,B,B
UNC30361371,A,B,B,A,B,A,A,B
UNC30361571,B,B,B,B,A,B,B,A
UNC30361747,A,A,B,A,A,A,A,B
UNC190540654,B,A,A,B,B,-,-,A
UNC30362100,A,B,A,A,A,B,B,A
UNC30362439,B,A,B,B,B,A,B,B
UNC30362847,A,A,B,A,A,B,B,B
UNC30362865,A,A,B,A,A,A,A,A
UNC30363308,A,B,A,A,A,A,B,A
JAX00478257,B,B,B,B,B,A,B,B
UNC30363583,B,A,A,B,B,B,A,A
UNC30363965,A,B,B,A,A,B,B,B
UNC30364210,A,A,B,A,A,B,B,B
UNC30364509,A,B,B,A,A,B,A,B
UNC30364923,B,B,A,B,B,B,-,B
UNC30364997,B,B,A,B,B,B,A,A
UNC30365399,A,B,A,A,A,B,A,A
UNC30365654,A,A,A,A,A,B,B,A
UNC30365722,A,A,A,A,A,A,A,B
UNC30365954,B,B,A,B,B,A,B,A
UNC30366563,B,B,B,B,A,B,B,A
UNC30366739,B,A,A,B,A,B,A,A
UNC30366966,A,A,B,A,A,A,B,A
UNC30367183,A,A,A,A,B,A,A,A
UNC30367401,B,B,B,B,B,A,A,B
UNC30367541,A,B,A,A,A,A,A,A
backupJAX00089352,B,A,A,B,A,B,B,A
UNC30367950,B,A,A,B,A,A,B,A
UNC30368203,B,A,A,B,B,B,A,B
UNC30368681,A,A,A,A,A,B,B,B
UNC30369381,B,A,B,B,B,B,B,A
UNC30369819,B,B,A,B,A,A,B,A
UNC30370037,A,B,B,A,B,B,B,A
UNC30370272,B,B,B,B,B,A,A,A
UNC30370500,B,A,A,B,A,B,B,A
UNC30371336,A,B,A,A,A,B,B,A
UNC30371955,A,B,A,A,A,B,B,B
UNC30372430,A,B,A,A,B,A,A,A
backupJAX00478436,A,B,A,A,B,B,B,B
UNC30372847,B,B,B,B,A,A,B,B
UNC30373111,B,A,A,B,A,A,A,A
UNC30373398,B,A,B,B,A,B,B,A
UNC30373668,A,B,A,A,A,B,B,A
UNC30374219,A,A,A,A,A,B,A,A
UNC30374306,B,B,B,B,B,A,A,B
UNC30374368,B,A,A,A,A,B,B,A
UNC30374411,A,B,B,B,B,A,A,B
UNC30374484,B,B,B,B,B,A,B,B
UNC30374511,B,B,B,B,B,A,A,B
UNC30374557,A,A,A,A,A,B,B,A
UNC30374655,B,B,B,B,B,A,B,B
UNC30374698,B,B,B,B,B,A,A,B
UNC30374737,A,A,A,A,A,B,B,A
UNC30374826,A,A,A,A,A,B,B,A
UNC30374845,B,B,B,B,B,A,A,B
UNC30374877,A,A,A,A,A,B,A,A
UNC30374907,A,A,A,A,A,B,B,A
UNC30374933,A,A,A,B,A,A,A,A
UNC30374971,B,A,B,A,B,A,A,A
UNC30375041,A,B,A,A,A,A,A,B
UNC30375143,B,B,B,A,B,B,B,B
UNC30375182,A,B,A,A,A,B,B,A
UNC30375227,B,B,B,B,B,A,B,B
UNC30375245,B,A,B,A,B,A,A,A
UNC30375285,B,A,B,B,B,B,B,B
UNC30375320,B,B,B,B,B,A,A,B
UNC30375331,B,A,B,A,B,A,A,A
UNC30375376,A,A,A,A,A,A,B,A
UNC30375391,B,A,B,A,A,A,A,A
UNC30375460,B,B,B,B,B,A,A,B
UNC30375665,A,B,A,A,A,A,A,A
UNC30376606,A,A,A,A,A,B,B,B
UNC30376908,A,B,A,A,A,B,A,B
UNC190180843,B,A,A,B,B,A,A,B
JAX00089402,B,A,B,B,A,B,B,A
UNC30377634,B,B,B,A,B,B,B,B
UNC30377929,B,A,B,A,A,A,A,B
UNC30378192,A,A,A,A,A,B,B,B
UNC30378943,B,B,B,B,A,B,B,B
backupUNC190204157,B,B,B,A,B,A,B,A
UNC30379866,A,B,A,B,A,A,B,B
UNC30380457,A,B,A,A,A,B,B,A
JAX00478612,A,B,A,A,A,A,A,A
UNC30381154,A,B,A,B,A,B,A,A
UNC30381459,B,B,B,B,A,B,B,B
UNC30382053,A,B,A,A,A,B,A,B
UNC30382562,B,A,B,B,B,B,A,B
JAX00478636,B,A,B,B,B,A,A,B
JAX00478640,B,A,B,B,B,A,A,B
UNC30382898,A,B,A,A,A,B,B,A
JAX00089436,B,B,B,B,B,A,B,B
UNC30383318,B,A,B,B,B,A,B,B
UNC30383650,A,A,A,A,A,B,B,A
UNC30383779,B,B,A,B,A,B,B,B
JAX00089446,A,B,A,A,A,A,A,A
UNC30384222,A,B,B,B,B,B,B,B
UNC30384645,A,A,A,A,A,A,A,B
UNC30385087,B,B,B,A,B,B,B,B
UNC30385419,A,A,B,A,A,A,A,A
JAX00089456,A,B,A,A,A,A,A,A
UNC190065781,A,B,A,A,A,B,A,A
UNC30385989,B,B,B,B,B,A,B,B
UNC30386089,B,B,B,B,B,A,A,B
UNC30386265,A,B,A,A,A,B,B,A
UNC30386434,B,A,B,B,B,A,A,B
UNC30386515,A,A,A,A,A,B,A,A
UNC30386596,B,B,B,B,B,A,A,B
UNC30386742,B,A,B,B,B,A,A,B
UNC30386897,A,A,A,A,A,A,B,B
UNC30387039,A,A,A,B,B,A,A,A
UNC30387146,B,A,B,B,B,A,A,A
UNC30387215,B,B,B,B,B,A,B,B
UNC30387382,B,A,A,B,B,B,B,A
UNC30387430,A,A,B,A,A,B,B,B
UNC30387747,A,B,B,B,B,B,B,A
UNC30387899,B,B,A,A,A,B,B,A
UNC30388029,B,B,B,B,B,B,A,B
UNC30388123,B,A,A,-,A,-,A,A
JAX00478708,B,B,B,A,A,A,A,A
UNC30388406,A,A,A,A,A,A,A,B
UNC30388622,B,B,B,B,B,A,B,B
UNC30388775,A,A,B,A,A,B,B,B
UNC30388863,B,B,A,A,A,B,B,A
JAX00478727,A,A,B,A,A,A,A,B
UNC30389045,A,A,B,A,A,A,A,A
UNC30389272,A,A,A,B,B,B,B,B
UNC30389509,B,B,B,B,B,A,B,B
UNC30389653,B,B,B,B,B,A,A,A
JAX00478741,B,B,A,B,B,B,B,B
UNC30389853,A,A,A,A,A,B,B,A
UNC30389906,B,B,A,A,A,A,A,A
UNC30390221,A,A,A,B,B,B,B,B
JAX00478756,B,B,A,B,B,B,B,B
UNC30390358,B,B,B,B,B,A,B,B
UNC30390881,A,B,B,A,A,A,A,A
backupJAX00478761,B,A,A,B,B,B,A,A
UNC30391227,A,A,A,B,B,B,A,A
UNC30391332,B,B,B,B,B,B,B,A
UNC30391631,A,B,B,B,B,A,A,B
UNC30391738,B,A,B,A,A,A,A,A
UNC30391944,A,A,B,B,B,A,B,A
UNC30392264,A,A,B,B,B,B,B,A
UNC30392673,B,B,B,B,B,A,A,A
UNC30392944,A,B,A,A,A,B,B,A
UNC190122704,B,A,B,B,B,A,-,A
JAX00089500,B,A,B,B,B,A,A,B
UNC30393368,B,A,B,B,B,B,A,A
JAX00478797,A,A,A,A,A,B,A,A
UNC30393500,B,B,A,A,A,B,B,B
UNC30394191,A,A,A,A,A,B,B,A
UNC30394720,B,A,B,B,B,A,B,B
UNC30396042,A,A,A,B,B,A,A,A
UNC30396412,B,B,B,B,B,A,A,B
UNC30396873,A,B,A,A,A,A,B,A
backupUNC190181624,B,A,A,A,A,B,B,A
UNC30397183,A,A,B,B,B,A,B,B
JAX00478865,A,A,A,A,A,A,B,A
UNC30398748,A,B,A,A,B,B,B,B
UNC30398983,A,B,B,B,A,A,A,B
UNC30399642,A,A,A,A,A,A,B,A
UNC30400006,A,A,B,A,A,B,B,B
UNC30400546,A,B,B,B,B,A,A,A
UNC30401037,A,A,A,B,B,B,A,A
UNC30401456,A,A,B,B,A,B,B,B
JAX00478936,B,A,B,B,B,A,A,B
UNC30402027,A,B,A,A,A,B,B,A
UNC30402472,A,A,A,B,A,A,A,A
UNC30402765,B,A,A,B,B,A,B,B
UNC30403774,A,B,A,B,B,B,B,B
UNC30404798,B,A,A,B,B,B,B,A
JAX00478992,A,B,B,A,A,B,A,B
UNC30405272,B,A,B,A,A,B,B,A
UNC30406201,B,A,A,A,B,B,A,B
UNC30406793,A,B,B,B,A,B,A,A
UNC30407111,B,B,A,A,B,A,A,B
UNC30407806,A,B,A,B,B,B,B,B
UNC30408346,B,B,B,B,B,A,A,A
UNC30409023,B,B,B,A,B,A,B,B
UNC30409278,A,A,A,B,B,A,A,B
UNC190070295,B,A,B,B,A,A,B,A
UNC30410614,B,A,B,A,A,A,B,A
UNC30410944,B,B,B,B,A,A,A,A
UNC30411631,A,A,A,B,B,B,B,A
UNC30412231,A,B,A,A,A,B,B,A
UNC30412855,A,B,A,B,B,B,A,A
UNC30413820,A,A,A,B,B,B,B,A
JAX00089607,B,B,B,A,A,B,B,B
UNC30414168,A,A,A,B,B,B,B,A
UNC30414721,B,A,B,B,B,A,A,A
UNC190071402,A,B,A,A,A,A,-,B
JAX00479167,B,A,B,A,A,A,A,A
UNC30415603,A,B,A,B,B,A,A,B
JAX00479176,B,B,B,A,A,B,B,B
UNC30416212,A,B,A,A,A,B,A,B
UNC30416595,B,A,B,A,A,B,B,A
UNC30417087,A,B,A,A,A,A,A,B
UNC30417262,B,A,B,B,B,A,A,A
UNC30417394,B,A,B,B,B,A,A,A
UNC30417664,B,B,B,B,B,A,B,B
UNC30417776,A,B,A,B,B,B,B,B
UNC30417976,A,A,A,A,A,B,B,A
UNC30418085,B,A,B,B,B,A,A,A
UNC30418212,A,B,A,A,A,B,B,B
UNC30418404,B,A,B,A,A,B,A,A
UNC30418819,A,B,A,B,B,A,A,B
UNC30418961,B,A,B,A,A,A,A,A
UNC30419124,A,B,A,A,A,B,B,B
UNC30419261,A,B,A,A,A,B,A,B
UNC30419484,A,B,A,B,B,A,A,B
UNC30419788,B,A,B,A,A,A,A,A
JAX00479250,B,B,B,B,B,A,A,B
UNC30420034,B,A,B,B,B,A,A,A
UNC30420128,A,B,A,A,A,B,A,B
UNC30420419,B,A,B,A,A,B,B,A
UNC30420519,A,B,A,A,A,B,B,B
UNC30420657,B,B,B,A,A,A,A,B
UNC30420826,B,A,B,B,B,A,A,A
UNC30421082,A,A,A,A,A,B,A,A
UNC30421308,A,B,A,A,A,A,A,B
JAX00479274,A,B,A,A,A,A,A,B
UNC30421462,A,B,A,A,A,B,B,B
UNC30421895,A,B,A,A,A,B,B,B
UNC30422044,B,A,B,B,B,A,B,A
UNC30422185,A,B,A,A,A,A,A,B
JAX00479284,B,A,B,B,B,A,A,B
UNC30422346,B,B,B,B,B,B,B,A
UNC30422583,B,A,B,B,B,A,A,B
JAX00479293,B,A,B,A,A,B,B,B
UNC30422993,B,A,B,A,A,A,B,B
UNC30423127,A,A,A,B,B,B,B,A
UNC30423453,A,A,A,B,B,B,A,B
UNC30423574,A,B,A,B,B,B,B,A
UNC30423837,A,B,A,B,B,A,B,A
UNC30423897,A,B,A,B,B,B,A,A
UNC30424139,B,A,B,B,B,A,A,B
UNC30424227,B,B,B,A,A,B,B,B
UNC30424412,B,A,B,B,B,A,A,B
UNC30424540,A,A,A,A,A,B,A,A
UNC30424705,A,A,A,B,B,B,B,A
UNC30424881,A,A,A,B,B,B,B,A
UNC30425061,A,A,A,B,B,A,A,A
UNC30425204,B,B,B,A,A,A,A,B
UNC30425371,A,A,A,A,A,A,B,A
UNC30425479,B,B,B,B,B,B,A,B
UNC30425543,B,B,B,B,B,B,A,B
UNC30425653,B,A,B,A,A,B,A,A
UNC30425806,A,A,A,A,A,B,B,B
UNC30425927,A,A,A,B,B,B,A,A
UNC30426098,A,B,A,B,B,B,B,B
UNC30426276,B,B,B,A,A,A,A,B
UNC30426366,B,A,B,A,A,A,B,B
JAX00479340,B,A,B,A,A,A,B,A
UNC30426544,B,B,B,B,B,A,B,B
UNC30426699,A,A,A,A,A,B,B,A
UNC30426888,B,A,B,A,A,A,B,A
UNC30427028,B,B,B,A,A,A,A,A
UNC30427113,B,B,B,A,A,A,B,A
UNC30427206,A,B,A,A,A,A,A,A
UNC30427389,A,A,A,B,B,B,A,B
UNC30427502,B,A,B,A,A,B,B,B
UNC30427516,A,A,A,A,A,B,B,B
UNC30427598,B,B,B,A,A,B,B,A
UNC30427664,B,B,B,A,A,A,B,B
UNC30427755,A,A,A,B,A,B,B,B
UNC30427919,B,A,B,A,B,B,B,B
UNC30428020,B,A,B,A,B,B,A,B
UNC30428302,A,B,A,B,A,A,B,B
UNC30428488,A,B,A,B,A,A,B,B
UNC30428557,A,B,A,B,A,A,A,A
UNC30428718,B,B,B,A,B,B,A,A
UNC30428871,B,B,B,A,B,B,A,B
UNC30428964,A,A,A,B,A,A,A,B
UNC190075200,B,A,B,A,B,A,A,A
UNC30429133,A,A,A,A,B,B,A,B
UNC30429251,B,A,A,B,B,B,A,B
UNC30429468,B,A,A,B,B,B,B,B
UNC30429526,A,A,A,A,A,A,B,A
UNC30429611,A,A,A,A,A,A,B,A
UNC30429736,A,A,A,A,A,A,B,A
UNC30429832,A,A,A,A,A,A,B,A
UNC30430021,A,B,B,A,B,B,B,B
UNC30430530,B,B,B,B,A,A,A,A
UNC30431056,B,B,B,B,A,B,A,A
UNC30431528,A,A,A,A,A,B,A,B
UNC30431845,B,B,B,B,B,A,A,A
UNC190183073,B,A,A,B,B,A,B,B
UNC30432300,B,A,A,B,A,B,B,A
UNC30432490,A,A,A,A,A,B,B,A
UNC30432967,A,A,A,A,A,B,B,B
UNC30433668,A,A,A,A,A,B,A,B
UNC30434239,B,B,B,B,B,A,A,A
UNC30434516,A,A,A,A,A,B,B,A
UNC30435258,A,A,A,A,A,B,B,B
UNC30436377,A,A,A,A,A,A,B,B
UNC30436885,B,B,B,B,B,B,A,A
UNC30437599,A,A,A,A,A,B,-,A
JAX00479457,B,B,B,B,B,A,A,A
UNC30438146,A,A,A,A,A,B,B,B
UNC30438794,B,B,B,B,B,A,B,A
UNC30439553,B,B,B,B,B,A,A,A
UNC30440035,B,B,B,B,B,A,A,A
UNC30440776,A,A,A,A,A,B,B,A
UNC30441337,A,A,A,A,A,B,B,A
UNC30442173,B,B,B,B,B,A,B,B
UNC190075366,A,A,B,A,B,B,B,B
UNC30443003,B,B,B,B,B,B,B,A
UNC30443318,B,B,A,B,A,A,A,A
UNC30444963,B,B,A,B,A,B,B,B
UNC30445991,A,A,B,A,B,B,A,A
UNC30446285,A,A,A,A,A,B,A,B
UNC30447907,A,A,B,A,A,A,A,B
UNC190076418,B,B,A,B,B,A,A,A
UNC30449417,A,A,B,A,B,B,B,B
UNC30449924,B,B,A,B,A,B,A,A
UNC30450661,A,A,B,A,A,B,B,B
UNC30452218,B,B,A,B,A,A,B,A
UNC30452657,B,B,B,B,B,A,A,A
UNC30453311,B,B,B,B,B,A,B,B
UNC30453567,B,B,B,B,A,A,A,B
UNC30453604,B,B,B,B,B,A,B,B
UNC30453730,A,A,B,A,B,A,A,A
UNC30453879,B,B,A,B,A,A,A,B
UNC30453969,A,A,B,A,A,B,B,A
UNC30454085,B,B,B,B,B,A,B,B
UNC30454401,B,B,A,B,A,A,A,B
UNC30454467,B,B,B,B,A,A,A,B
UNC30454619,B,B,A,B,A,A,A,B
UNC30454711,A,A,B,A,A,A,B,A
UNC30454854,A,A,B,A,A,B,B,A
UNC30454947,B,A,B,B,B,B,A,B
UNC30455037,A,B,A,A,A,A,A,A
UNC30455151,B,A,B,B,B,A,A,B
UNC30455276,A,B,A,A,A,B,B,A
UNC30455368,A,B,A,A,A,A,B,A
UNC30455459,A,B,A,A,A,B,B,A
UNC30455642,A,B,A,A,A,A,A,A
UNC30456453,A,A,B,A,B,A,A,B
JAX00089827,A,B,A,A,A,A,B,A
UNC30456992,B,A,B,A,A,B,A,A
UNC30458049,B,B,B,B,B,A,B,A
UNC30460099,A,B,B,A,A,B,B,A
UNC30462455,B,A,B,A,A,A,A,A
UNC30464876,B,A,B,A,A,A,B,A
UNC30466280,A,B,B,B,B,A,A,B
UNC30468811,B,B,B,B,B,A,A,A
backupUNC190084318,A,B,A,B,B,A,A,A
UNC30471658,A,B,B,B,B,A,B,B
UNC30474069,A,B,A,A,A,A,A,A
UNC30474540,B,B,B,B,B,A,A,B
UNC30475312,B,B,B,A,B,A,B,A
backupUNC190264320,B,B,B,A,B,-,A,A
UNC30477874,A,A,A,B,A,A,B,A
JAX00479907,B,B,B,B,B,B,A,B
UNC30479003,A,A,B,B,A,B,B,A
UNC30479905,A,A,B,B,A,A,A,A
UNC30483291,B,A,B,B,B,B,B,B
UNC30484703,A,A,B,A,A,A,B,A
B6_rs30447436,B,A,B,B,B,B,B,B
UNC190593408,B,B,B,A,B,A,A,B
UNC30486817,B,B,B,A,B,B,B,A
UNC30487913,A,A,B,A,A,B,A,A
UNC30488845,A,B,A,A,A,B,B,B
UNC30490318,A,B,B,A,A,A,A,A
UNC30491785,A,B,A,A,B,A,A,A
UNC30493224,B,B,B,B,B,A,A,B
UNC30493844,B,A,B,B,A,A,B,A
UNC30495390,A,B,A,B,A,B,B,B
JAX00089985,A,A,A,A,A,B,A,A
UNC30496752,A,B,A,A,A,A,B,A
JAX00089990,B,A,B,B,B,A,A,B
UNC30497862,A,A,B,A,A,A,A,A
UNC30499351,A,A,A,A,A,B,B,A
UNC30500434,B,A,B,B,B,A,A,A
UNC30500882,B,A,B,B,B,B,B,B
UNC30501090,B,A,B,B,B,A,A,B
UNC30501297,A,A,A,A,A,A,A,B
UNC30501539,A,B,A,A,A,B,B,A
UNC30501709,B,B,B,B,B,A,B,B
UNC30502018,A,A,A,A,A,B,B,A
UNC30502244,B,B,B,B,B,A,A,B
UNC30502539,B,B,B,B,B,A,B,B
UNC30502756,B,B,B,B,B,A,A,B
UNC30502881,A,A,A,A,A,A,A,B
UNC30503411,A,B,A,A,A,B,B,A
UNC30503606,A,A,A,A,A,A,B,B
UNC30503711,A,A,A,B,A,A,A,A
UNC30503833,B,A,B,A,B,A,A,A
JAX00480169,A,A,A,B,A,A,B,B
UNC30504003,A,A,A,A,A,A,B,A
UNC30504108,A,A,A,A,A,A,B,B
UNC30504255,A,A,A,A,A,B,A,A
UNC30504357,A,A,A,B,A,A,A,A
UNC30504421,A,A,A,B,A,A,A,A
UNC30504523,B,B,B,B,B,B,B,A
UNC30504627,B,B,B,B,B,B,A,B
UNC30504758,A,A,A,B,A,A,B,A
UNC30504967,A,A,A,B,A,A,B,A
UNC30505089,B,B,B,B,B,A,B,B
UNC30505193,B,B,B,A,B,A,A,A
UNC30505256,A,A,A,B,A,A,A,B
UNC30505452,B,B,B,B,B,A,B,A
UNC30505627,A,A,A,A,A,B,B,A
UNC30505811,A,A,A,A,A,B,B,B
UNC30505994,B,B,B,A,B,A,B,A
UNC30506059,A,B,A,B,A,B,A,B
UNC30506243,A,A,A,B,A,A,A,A
UNC30506398,B,B,B,A,B,A,A,B
UNC30506508,B,B,B,A,B,A,A,A
UNC30506735,A,B,A,A,A,A,B,B
UNC30506985,B,A,B,A,B,A,A,B
UNC30507271,A,B,A,A,A,B,A,B
UNC30507437,A,B,A,A,A,B,B,A
UNC30507690,B,A,B,B,B,A,A,A
UNC30507761,A,A,A,B,A,B,A,B
UNC30507834,B,B,B,A,B,B,B,A
JAX00480263,A,A,A,B,A,A,B,B
UNC30507926,B,B,B,A,B,A,A,A
UNC30508022,B,B,B,A,B,A,A,A
UNC30508061,A,A,A,A,A,A,B,A
UNC30508072,A,A,A,B,A,A,A,B
UNC30508133,A,A,A,A,A,B,A,A
UNC30508173,A,A,A,A,A,B,B,A
UNC30508333,A,B,A,A,A,A,A,A
UNC30508362,A,A,A,A,A,A,A,B
UNC30508437,B,B,B,B,B,A,B,B
UNC30508562,B,B,B,B,B,A,A,A
UNC30508654,B,B,B,A,B,B,A,A
UNC30508671,A,A,A,A,A,A,B,A
UNC30508709,A,A,A,A,A,B,A,A
UNC30508729,B,B,B,B,B,B,B,A
UNC30508887,B,B,B,B,B,A,A,A
UNC30508945,B,B,B,B,B,B,A,B
UNC30508993,A,A,A,A,A,A,B,B
UNC30509094,A,A,A,B,A,B,B,B
UNC30509147,B,B,B,B,B,A,A,A
UNC30509185,B,B,B,B,B,A,A,A
UNC30509200,A,A,A,A,A,A,B,A
UNC30509226,B,B,B,B,B,A,B,B
UNC30509293,B,B,B,B,B,A,B,A
UNC30509424,B,B,B,B,B,B,B,A
UNC190090409,B,A,B,A,B,B,A,A
UNC30509549,A,A,A,A,A,B,B,B
UNC30509571,B,B,B,B,B,A,A,A
UNC30509661,A,A,A,A,A,B,A,B
UNC30509742,A,A,A,B,A,A,A,A
UNC30509994,A,A,A,A,A,B,A,A
UNC30510181,B,A,B,A,B,A,A,A
UNC30510729,B,B,B,B,B,A,A,B
UNC30510921,B,B,B,B,B,A,A,A
UNC30511269,B,B,B,B,B,A,B,B
UNC30511502,B,B,B,B,B,A,A,B
UNC30511790,B,B,B,B,B,A,A,B
UNC30512002,B,A,B,B,B,A,A,A
UNC30512622,A,B,A,A,A,A,B,B
UNC30512711,A,B,A,A,A,B,B,B
UNC30513052,B,A,B,B,B,A,B,A
UNC30513318,B,B,B,B,B,B,B,A
UNC30513635,B,B,B,B,B,A,A,B
UNC30513733,B,B,B,B,B,A,A,B
UNC30513905,B,A,B,B,B,A,A,A
UNC30513988,A,A,A,A,A,B,A,A
UNC30514064,A,A,A,A,A,A,A,B
UNC30514188,A,B,A,A,A,B,B,B
UNC30514273,A,A,A,A,A,A,B,A
UNC30514339,B,B,B,B,B,A,B,B
UNC30514476,B,B,B,B,B,A,B,B
UNC30514671,B,A,B,B,B,A,A,B
UNC30515197,A,A,A,A,A,B,B,B
UNC30515474,B,B,B,B,B,A,A,B
UNC30515926,B,A,B,B,B,B,B,B
UNC30516206,B,B,B,B,B,B,A,A
UNC30516321,B,B,B,B,B,A,A,A
UNC30516495,A,A,A,A,A,B,B,B
UNC30516909,A,A,A,A,A,B,B,A
UNC30517274,B,B,B,B,B,A,B,A
UNC30517540,B,B,B,B,B,A,A,A
UNC30517806,A,B,A,A,A,B,B,B
UNC30518133,A,A,A,A,A,B,B,B
UNC30518362,A,A,A,A,A,B,B,A
UNC30518936,A,A,A,A,A,A,A,B
UNC30519143,A,B,A,A,A,B,B,B
UNC30519379,A,B,A,A,A,B,B,B
UNC30519791,A,A,A,A,A,B,B,A
UNC30520020,B,B,B,B,B,A,B,B
UNC30520602,A,A,A,A,A,B,B,A
UNC30520838,A,B,A,A,A,B,B,B
backupUNC190091032,B,A,B,B,B,A,A,B
UNC30521127,B,A,B,B,B,A,A,A
UNC30521202,A,B,A,A,A,A,B,A
UNC30522139,A,A,A,A,A,B,B,B
JAX00090122,B,B,B,B,B,B,A,B
UNC30522937,A,B,A,A,A,B,A,A
UNC30524380,A,B,A,A,B,A,B,B
JAX00090138,B,B,B,B,B,B,A,B
UNC30525255,A,A,A,A,A,B,B,A
UNC30525626,A,A,A,B,A,A,A,A
UNC30526471,A,B,A,A,B,B,A,B
JAX00090151,A,A,A,A,A,B,B,A
UNC30527086,A,A,A,A,A,B,A,B
UNC30528414,B,B,B,B,B,A,A,A
UNC30529329,B,A,B,A,A,A,B,B
JAX00480567,A,A,A,A,A,B,A,A
JAX00480570,A,A,A,A,A,B,B,A
UNC30530122,B,B,B,B,B,A,A,B
UNC30530377,B,B,B,B,B,A,B,B
UNC30530729,A,A,A,A,A,B,B,A
UNC30531100,B,B,B,B,B,A,A,B
UNC30531513,B,B,B,B,B,A,A,A
UNC30532167,A,A,B,B,A,B,B,B
JAX00480623,A,A,B,B,A,B,B,B
UNC30532336,A,A,B,B,A,B,A,B
UNC30532837,A,A,B,B,A,B,B,A
UNC30533121,B,B,A,A,A,B,B,A
JAX00480641,A,A,A,A,A,B,B,A
UNC30533361,A,A,A,A,A,B,B,A
UNC30533587,A,A,A,A,A,B,A,A
UNC30533960,B,B,B,B,B,A,A,B
UNC30534212,B,B,B,B,B,A,A,A
UNC30534660,B,B,A,A,A,A,A,B
UNC30534808,A,B,A,A,A,B,B,B
UNC30535071,A,A,A,A,A,A,B,A
UNC30535265,A,A,A,A,B,B,B,A
UNC30535585,A,A,A,A,A,B,A,B
UNC30536136,A,B,A,A,A,B,B,A
UNC30536261,A,B,A,A,A,B,A,B
UNC190092662,B,A,B,B,B,A,A,A
UNC30536562,B,A,B,B,B,A,A,A
UNC30537007,B,B,B,B,B,A,A,A
UNC30537278,B,A,B,B,B,A,A,A
UNC30537625,A,B,A,A,A,B,B,A
UNC30537854,B,A,B,B,B,B,A,B
UNC30538315,A,A,A,A,A,B,B,A
UNC30538585,A,B,A,A,A,B,B,B
UNC30538985,A,B,A,A,A,B,B,A
UNC30539271,B,A,B,B,B,A,A,B
UNC30539898,B,A,B,B,B,A,B,B
UNC30540066,B,B,B,B,B,A,B,B
UNC30540323,A,B,A,A,A,B,B,B
UNC30540777,A,B,A,A,A,B,B,A
UNC190093358,A,B,A,A,A,-,-,A
UNC30541095,B,A,B,B,B,A,A,A
UNC30541264,B,B,B,B,B,A,A,A
UNC30541591,B,B,B,B,B,A,B,B
UNC30541812,B,B,B,B,B,A,A,B
JAX00090226,B,B,B,B,B,A,B,B
UNC30541895,A,A,A,A,A,A,A,B
UNC30542110,A,A,A,A,A,B,B,A
UNC30542389,B,B,B,B,B,A,A,B
UNC30542671,A,A,A,A,A,B,A,A
UNC30542850,B,B,B,B,B,A,A,B
UNC30543058,B,B,B,A,B,A,A,A
UNC30543375,B,B,B,B,B,A,A,B
UNC30543829,A,A,A,B,A,B,A,A
UNC30544344,A,A,B,B,B,A,B,B
JAX00480830,B,B,B,A,B,A,B,B
UNC30544538,A,A,A,B,A,B,B,A
UNC30544883,B,B,B,A,B,A,A,A
UNC30545287,B,B,B,B,B,A,B,B
UNC30545942,A,A,A,B,A,A,A,A
UNC30546083,A,A,B,B,B,A,A,A
JAX00480859,A,A,A,A,A,A,A,B
UNC30546524,A,A,B,B,B,A,B,B
JAX00090254,A,A,B,B,B,A,A,B
UNC30547799,A,A,B,B,B,B,B,B
UNC30548060,B,B,A,B,A,B,B,A
UNC190093865,A,A,B,A,B,B,A,B
UNC30548190,A,A,B,A,B,A,B,B
JAX00480891,B,B,A,A,A,A,A,A
UNC30548607,A,A,B,B,B,A,A,B
UNC30549270,A,A,B,A,B,A,A,A
UNC30549978,A,A,A,A,A,B,B,A
UNC30550409,B,B,B,A,B,B,B,B
UNC30550675,B,B,B,B,B,A,A,A
backupUNC190212525,B,B,B,A,B,A,A,B
UNC30550943,A,A,A,B,A,A,B,B
UNC30551235,A,A,A,B,A,B,B,B
UNC30551355,B,B,B,A,B,B,B,A
UNC30551850,B,B,B,A,B,A,B,A
UNC30552172,A,A,A,B,A,B,B,B
UNC30552529,B,B,B,B,B,B,B,A
UNC30552755,B,B,B,B,B,A,B,B
UNC30552975,B,B,B,A,B,A,A,A
UNC30553250,B,B,B,B,B,A,A,A
UNC30553516,B,B,B,A,B,B,B,B
UNC30553730,A,A,A,A,A,B,B,A
UNC30554045,A,A,A,A,A,B,A,B
UNC30554251,B,B,B,B,B,A,A,A
JAX00481020,A,A,A,A,A,A,A,B
UNC30554374,B,B,B,B,B,A,A,A
UNC30554639,B,A,A,A,A,B,B,B
UNC30554951,B,B,B,B,B,B,B,A
UNC30555204,A,B,B,B,B,A,B,A
UNC30555696,B,A,A,B,A,B,B,B
UNC30556064,B,B,B,B,B,A,B,B
UNC30556245,B,B,B,A,B,B,B,B
UNC30556595,A,A,A,B,A,B,B,B
UNC30556819,B,B,B,A,B,B,B,A
UNC30556961,A,A,A,B,A,A,A,B
UNC30557110,B,B,B,A,B,B,A,A
UNC30557303,A,A,A,B,A,B,B,A
UNC30557511,A,A,A,B,A,B,B,B
JAX00481071,A,A,A,A,A,B,B,B
UNC30557920,A,A,B,B,B,A,A,B
UNC30558073,B,B,A,A,A,B,A,B
UNC30558321,B,B,A,A,A,A,B,B
UNC30558533,A,A,B,B,B,B,A,B
UNC30558783,A,A,B,B,B,A,A,B
UNC30559086,B,B,A,A,A,B,B,A
UNC30559311,A,A,B,B,B,B,B,A
UNC30559492,A,A,B,B,B,A,A,A
UNC30559636,A,A,B,B,B,A,B,A
UNC30559855,A,A,B,B,B,B,A,B
UNC30560062,B,B,A,A,A,B,B,A
UNC30560333,A,A,B,B,B,B,B,A
UNC30560571,A,A,B,B,B,B,A,A
UNC30560818,A,A,B,B,B,B,A,A
UNC30561002,B,B,A,A,A,B,A,B
UNC30561077,A,A,B,B,B,B,B,A
JAX00481153,B,B,A,A,A,B,B,B
UNC30561293,A,A,B,B,B,B,-,A
UNC30561535,B,B,A,A,A,A,B,A
UNC190125023,B,B,A,A,A,A,A,A
UNC30561772,B,B,A,A,A,A,B,B
UNC30561916,A,A,B,B,B,A,B,B
UNC30562078,A,A,B,B,B,A,A,B
UNC30562261,A,A,B,B,B,A,A,B
UNC30562397,A,A,A,A,A,B,B,A
UNC30562586,A,A,A,A,A,B,B,B
UNC30562855,B,B,A,A,A,B,A,B
UNC30563087,A,A,A,A,A,B,B,B
UNC30563344,A,A,B,B,B,B,B,A
UNC30563413,A,A,B,B,B,B,A,A
UNC30563645,A,A,B,B,B,A,B,B
UNC30563918,A,A,B,B,B,A,A,B
UNC30564065,A,A,B,B,B,A,B,A
UNC30564127,A,A,B,B,B,A,A,A
UNC30564333,A,A,B,B,B,A,B,A
UNC30564566,B,B,A,A,A,A,B,B
UNC30564695,A,A,B,B,B,B,A,A
backupJAX00481224,B,B,A,A,A,A,B,A
UNC30564845,B,B,A,A,A,A,A,B
UNC30564891,A,A,B,B,B,B,A,A
UNC30565125,A,A,B,B,B,B,B,B
UNC30565277,A,A,B,B,B,B,A,A
UNC30565413,B,B,A,A,A,A,B,B
UNC30565665,B,B,A,A,A,A,B,A
UNC30565876,A,A,A,A,A,A,A,B
UNC30565995,A,A,A,A,A,A,B,A
UNC30566055,B,B,B,B,B,B,A,B
UNC30566213,A,A,A,A,A,A,B,A
UNC30566385,B,B,A,A,A,B,A,A
UNC30566488,B,B,B,B,B,B,B,A
UNC190097423,B,B,A,A,A,B,A,A
UNC30566555,B,B,A,A,A,B,B,A
UNC30566882,B,B,B,B,B,B,B,A
UNC30567010,A,A,B,B,B,A,B,B
UNC30567101,B,B,A,A,A,B,B,A
UNC30567206,B,B,A,A,A,B,B,A
UNC30567406,A,A,A,A,A,A,A,B
UNC30567537,B,B,A,A,A,A,B,A
UNC30567731,B,B,A,A,A,A,A,A
UNC30567892,B,B,A,A,A,A,B,B
UNC30567994,A,A,B,B,B,B,A,A
UNC30568260,A,A,B,B,B,A,B,B
UNC30568374,A,A,B,B,B,A,B,A
UNC30568555,A,A,B,B,B,A,A,B
JAX00090362,A,A,B,B,B,A,A,A
UNC30568804,B,A,B,B,B,B,A,B
UNC30569180,A,B,A,A,A,A,A,A
UNC30569376,B,B,B,B,B,A,A,A
UNC30569613,B,A,B,B,B,B,A,A
UNC30569795,B,A,B,B,B,B,A,B
UNC30570006,B,A,B,B,B,B,A,A
UNC30570321,B,A,B,B,B,B,B,A
UNC30570411,A,B,A,A,A,A,B,B
UNC30570469,A,A,A,A,A,A,B,B
UNC30570564,B,A,B,B,B,B,B,A
UNC30570820,B,B,B,B,B,B,A,B
UNC30570939,A,A,A,A,A,A,B,A
UNC30571060,B,A,B,B,B,B,A,A
UNC30571180,B,A,B,B,B,B,A,A
UNC30571416,B,A,B,B,B,B,B,A
UNC30571657,B,A,B,B,B,A,A,B
UNC30571771,B,A,B,B,B,A,A,B
UNC30571997,A,A,A,A,A,A,B,A
UNC30572139,A,B,A,A,A,B,B,A
UNC30572302,A,B,A,A,A,A,B,A
UNC30572458,A,A,A,A,A,A,B,A
UNC30572568,B,A,B,B,B,B,B,B
UNC30572671,B,B,B,B,B,B,A,B
UNC30572779,B,B,B,B,B,A,A,A
UNC30572880,B,B,B,B,B,A,B,B
UNC30573182,A,B,A,A,A,A,A,B
UNC30573335,A,B,A,A,A,A,B,A
UNC30573561,B,A,B,A,B,B,B,B
UNC30573659,A,B,A,B,B,B,B,B
UNC30573889,B,A,B,A,A,B,A,A
backupUNC190099769,B,A,B,A,A,B,A,A
UNC30574071,A,B,A,B,B,A,A,B
UNC30574272,A,B,A,B,B,A,A,B
UNC30574412,A,B,A,B,B,A,B,A
UNC190100100,A,B,A,B,B,A,A,A
UNC30574632,B,B,B,B,A,A,B,B
UNC30574762,A,A,A,A,A,B,B,A
UNC30574817,B,A,B,A,B,B,B,A
UNC30575086,B,A,B,A,A,B,B,A
UNC30575206,B,A,B,A,B,B,B,A
UNC30575327,B,A,B,A,A,A,B,A
UNC30575451,B,A,B,A,A,B,A,A
UNC30575577,A,B,A,B,B,A,A,B
UNC30575730,A,B,A,B,B,A,B,A
UNC30575827,B,A,B,A,B,B,B,B
UNC30576028,A,B,A,B,A,A,B,A
UNC30576168,B,A,B,A,B,B,A,B
UNC30576425,B,B,B,B,A,A,A,A
UNC30576522,B,B,B,B,A,A,B,A
UNC30576638,A,A,A,A,B,B,B,B
UNC30576712,B,A,B,A,B,A,B,B
UNC30576850,A,A,A,A,B,A,B,B
UNC30577049,B,B,B,B,B,A,B,A
UNC30577165,B,A,B,A,A,B,B,A
UNC30577225,B,B,B,B,B,B,A,B
UNC30577235,B,B,B,B,B,B,A,B
UNC30577258,A,A,A,A,A,B,B,B
UNC30577291,A,A,A,A,A,A,B,A
UNC30577328,B,A,B,A,A,B,A,B
UNC30577415,A,B,A,B,B,B,A,B
UNC30577534,A,B,A,B,B,A,A,A
UNC30577645,B,A,B,A,A,B,A,B
UNC30577730,B,B,B,B,B,A,B,B
UNC30577817,A,A,A,A,B,A,A,A
UNC30578052,B,B,B,B,B,B,A,B
UNC30578123,B,B,B,B,B,B,A,B
UNC30578206,A,B,A,B,B,B,A,B
UNC30578307,B,B,B,B,A,B,B,B
UNC30578421,B,B,B,B,B,A,A,A
UNC30578471,B,A,B,A,B,A,B,A
UNC30578830,A,B,A,B,A,A,A,A
UNC30578956,B,B,B,B,A,A,B,A
UNC30579080,A,A,A,A,B,B,B,B
UNC30579167,A,A,A,A,B,B,B,B
UNC30579256,B,B,B,B,A,A,B,A
UNC30579313,A,A,A,A,B,B,B,B
UNC30579420,A,A,A,A,A,A,B,B
UNC30579474,A,A,A,A,A,A,B,B
UNC30579565,A,A,A,A,A,A,B,B
UNC30579683,B,B,B,B,B,B,B,A
UNC30579808,B,B,B,B,B,B,A,B
UNC30579893,B,B,B,B,B,B,A,B
UNC30580022,B,B,B,B,B,A,B,B
UNC30580062,A,A,A,A,A,A,B,A
UNC30580160,B,B,B,B,B,B,A,B
UNC30580208,B,B,B,B,B,B,A,B
UNC30580240,A,A,A,A,A,A,B,A
UNC30580257,A,A,A,A,A,A,B,A
UNC30580282,A,A,A,A,A,A,B,A
UNC30580345,A,A,A,A,A,A,B,A
UNC30580397,B,B,B,B,B,B,A,B
UNC30580434,B,B,B,B,B,B,A,B
UNC30580452,A,A,A,A,A,A,B,A
UNC30580465,A,A,A,A,A,A,B,A
UNC30580471,B,B,B,B,B,B,A,B
UNC30580499,A,A,A,A,A,A,B,A
UNC30580519,A,A,A,A,A,A,B,A
UNC30580523,B,B,B,B,B,B,A,B
UNC30580527,B,B,B,B,B,B,A,B
UNC30580541,A,A,A,A,A,A,B,A
UNC30580566,B,B,B,B,B,B,A,B
UNC30580578,B,B,B,B,B,B,A,B
UNC30580596,B,B,B,B,B,B,A,B
UNC30580616,B,B,B,B,B,B,A,B
JAX00481535,A,A,A,A,A,A,B,A
UNC30580631,A,A,A,A,A,A,B,A
UNC30580647,A,A,A,A,A,A,B,A
UNC30580662,A,A,A,A,A,A,B,A
UNC30580799,B,B,B,B,B,A,A,B
UNC30581347,A,B,A,B,B,B,A,B
UNC30581580,A,A,A,A,A,A,B,A
JAX00481554,A,A,A,A,A,B,B,A
UNC30581757,B,A,B,A,A,A,B,B
UNC30581796,B,A,A,A,A,B,B,B
UNC30582147,B,B,A,B,B,B,B,B
JAX00481568,A,A,A,A,A,B,A,A
UNC30582378,A,B,A,B,B,B,A,A
UNC30582698,A,A,A,A,A,B,B,A
UNC30582971,B,B,B,B,B,A,A,B
UNC30583310,A,B,A,B,B,B,B,A
UNC30583474,A,B,A,B,B,A,B,B
UNC30583718,B,A,A,A,B,A,B,A
UNC30584071,A,A,A,A,A,A,B,A
JAX00481609,A,B,B,B,A,B,A,B
UNC30584381,A,A,A,A,A,A,A,B
JAX00090460,B,A,A,A,A,A,B,A
UNC30584421,B,A,A,A,A,A,B,A
UNC30584710,B,B,B,B,A,B,B,B
UNC30584932,A,A,A,A,B,A,B,A
JAX00481628,A,A,A,A,B,A,B,A
UNC30585319,A,A,A,A,B,A,A,A
UNC30585694,A,B,A,B,A,A,A,A
JAX00481637,A,A,A,A,A,A,B,A
UNC30586125,A,A,A,A,B,A,B,B
UNC30586356,B,A,B,A,A,A,A,B
UNC30586618,B,A,B,A,B,B,A,B
JAX00090476,B,A,B,A,A,A,A,B
UNC30587009,B,B,A,B,B,A,A,A
JAX00090478,A,B,B,B,A,B,A,A
UNC30587429,B,A,A,A,A,A,B,B
UNC30587668,B,A,A,A,A,A,A,B
UNC30587725,A,A,A,A,A,B,A,A
UNC30588021,B,B,B,B,A,B,A,A
UNC30588172,A,B,A,B,B,B,B,A
UNC30588489,B,B,B,A,A,B,B,B
UNC30589004,B,B,A,A,A,B,B,B
UNC_rs36361331,B,B,B,B,B,A,A,A
UNC30589163,A,B,A,A,A,A,B,B
UNC30589417,B,B,B,B,B,B,A,B
UNC30589668,A,B,B,B,B,B,B,B
UNC30589833,A,B,B,B,B,A,A,A
UNC30590171,B,A,B,B,B,B,A,B
UNC30590396,A,A,A,A,A,A,A,B
UNC30590753,A,B,A,A,A,A,A,A
UNC30590967,B,A,B,B,B,A,A,B
UNC30591141,B,A,B,B,B,A,A,B
backupUNC190125682,B,A,B,B,B,B,A,B
UNC30591432,B,A,B,B,B,B,A,B
UNC30591665,B,A,B,B,B,B,A,B
UNC30591867,B,A,B,B,B,B,B,B
UNC30592086,A,B,A,A,A,A,A,A
UNC30592323,A,B,A,A,A,A,A,B
UNC30592555,A,B,A,A,A,A,A,B
UNC30592798,B,B,B,B,B,B,A,A
JAX00090520,B,A,B,B,B,B,A,A
UNC30593037,A,A,B,B,B,A,A,A
UNC30593305,B,B,B,B,B,B,A,B
JAX00481762,A,A,A,A,A,A,B,A
JAX00481763,B,A,B,B,B,A,A,A
UNC30593396,B,B,B,B,B,A,A,A
UNC30593610,B,A,B,B,B,A,A,A
JAX00481773,A,B,A,A,A,A,B,A
UNC30593827,B,A,B,B,B,B,A,A
UNC30593983,B,A,B,B,B,B,A,B
UNC30594156,A,B,A,A,A,A,A,A
JAX00481791,A,A,A,A,A,A,A,B
UNC30594454,A,B,A,A,A,A,B,B
UNC30594723,B,B,B,B,B,A,B,A
JAX00481805,A,B,A,A,A,B,B,B
UNC30594905,A,A,B,B,B,A,A,A
UNC30595480,B,B,B,B,B,B,A,B
UNC30595713,B,A,A,A,A,B,A,B
UNC30595883,B,A,A,A,A,B,A,B
backupUNC190108448,B,A,B,B,B,B,B,B
UNC30596055,B,A,B,B,B,B,B,B
JAX00481828,A,B,B,B,B,A,B,A
UNC30596260,A,B,A,A,A,A,B,A
UNC30596357,B,B,A,A,A,A,B,A
UNC30596672,B,B,A,A,A,B,B,B
UNC30596841,A,A,A,A,A,A,A,B
UNC30597077,B,A,B,B,B,B,B,B
JAX00090554,A,B,A,A,A,A,A,A
UNC30597434,A,B,A,A,A,A,B,B
UNC30597622,B,A,B,B,B,B,A,A
UNC30597846,B,A,B,B,B,B,A,B
UNC30597975,A,B,A,A,A,A,A,A
UNC30598136,A,B,A,A,A,A,B,B
UNC30599086,B,A,A,A,A,B,A,A
UNC30600194,A,A,A,B,B,B,B,B
JAX00090581,B,A,B,A,A,A,A,A
UNC190112153,A,B,A,A,A,A,B,A
UNC30601220,B,B,B,B,B,B,B,A
UNC30601828,B,B,B,A,A,A,B,A
JAX00481951,B,B,B,A,A,A,B,A
UNC30602748,B,A,B,B,B,A,A,A
JAX00481976,A,B,A,A,A,A,B,A
UNC30603546,A,B,B,B,B,B,B,B
JAX00090608,A,B,A,A,A,A,B,A
JAX00090610,B,A,B,B,B,B,A,B
UNC30603693,A,A,A,B,B,B,A,B
UNC30603794,B,B,B,B,B,B,A,A
JAX00090611,A,B,A,A,A,A,B,B
JAX00482006,A,B,A,A,A,B,B,B
UNC30604129,A,B,A,A,A,B,B,B
UNC30604298,A,B,A,A,B,A,A,A
JAX00482009,B,B,B,B,B,A,B,A
UNC190114836,B,A,B,B,A,B,A,A
UNC30604405,B,B,B,A,B,B,B,B
JAX00482013,B,B,B,B,B,A,B,A
UNC30604501,A,B,A,A,B,A,A,A
UNC30604723,A,A,A,A,A,B,A,B
UNC30604935,B,A,B,B,A,B,A,B
backupUNC190115512,A,B,A,A,B,A,B,A
UNC30604977,A,A,A,A,A,B,A,A
UNC30604999,B,B,B,B,B,B,A,B
JAX00090625,A,B,A,A,B,-,B,A
UNC30605071,B,A,B,B,A,B,A,B
UNC30605086,A,B,A,A,B,B,B,A
JAX00482022,B,A,B,B,A,B,B,B
