# Founder genotypes (A/B/-) for MegaMUGA chromosome 15
# nrow 2804
# ncol  9 
marker,A,B,C,D,E,F,G,H
backupUNC150000076,A,A,B,A,B,B,B,B
JAX00058360,A,A,A,A,A,B,A,A
JAX00058366,A,A,A,A,A,A,B,A
JAX00392041,A,A,B,B,B,B,B,B
UNC150541646,B,B,A,A,A,A,A,A
JAX00058379,A,A,B,B,B,B,B,B
JAX00058384,A,A,B,B,B,A,A,B
JAX00058385,A,A,B,B,B,A,A,B
JAX00392076,A,A,B,B,B,B,B,B
UNC24948173,B,B,A,A,A,B,B,A
UNC24950039,B,B,A,A,A,A,B,B
JAX00058405,A,A,B,B,B,A,A,A
UNC24952531,A,A,B,A,B,A,A,B
UNC24956990,B,B,B,A,B,A,A,A
UNC24958067,A,A,A,A,A,B,A,B
backupUNC150414849,B,B,B,A,B,B,A,A
UNC24959904,B,B,B,B,B,A,A,B
backupUNC150415457,A,A,A,B,A,B,B,A
UNC24962211,A,A,A,B,A,B,B,B
UNC24963717,A,A,A,A,A,B,A,A
backupUNC150416509,A,A,A,A,A,B,B,B
UNC24968272,B,B,B,B,B,A,A,A
CEAJAX00392401,B,B,B,B,B,A,B,B
UNC150417244,B,B,B,A,B,A,-,A
JAX00392437,A,A,A,A,A,B,A,A
JAX00058562,A,A,A,B,A,A,A,A
UNC24973679,A,A,A,B,A,B,B,B
JAX00392473,B,B,B,B,B,A,A,A
UNC24975925,A,A,A,B,A,B,A,B
UNC24977087,B,B,B,B,B,A,A,B
UNC24977336,A,A,A,A,A,B,B,B
UNC24977664,A,A,A,A,A,B,B,B
UNC24977847,B,B,B,B,B,A,B,B
UNC24978100,A,A,A,A,A,B,B,A
UNC24978233,A,A,A,A,A,B,B,A
UNC24978455,A,A,A,A,A,B,B,A
UNC24978799,A,A,A,A,A,B,A,A
UNC24979053,B,B,B,B,B,A,A,B
UNC24979392,A,A,A,A,A,B,B,A
UNC24980441,A,A,A,A,A,B,B,A
UNC24980749,B,B,B,B,B,B,A,A
UNC24981006,B,B,B,A,B,B,B,B
JAX00058612,A,A,A,A,A,B,B,B
UNC24981174,B,B,B,B,B,A,A,A
UNC24981522,A,A,A,A,A,B,B,A
UNC24981817,B,B,B,B,B,A,A,A
UNC24982163,B,B,B,B,B,A,B,B
UNC24982501,A,A,A,B,A,A,A,B
UNC24982671,A,A,A,A,A,B,B,B
UNC150561938,A,A,A,B,A,B,B,B
JAX00392597,B,B,B,A,B,A,A,A
UNC24983321,A,A,A,B,A,B,B,B
UNC24983636,B,B,B,B,B,B,A,A
UNC24983794,B,B,B,B,B,A,A,B
UNC24984154,A,A,A,A,A,B,B,B
UNC24984364,A,A,A,A,A,B,B,B
UNC24984830,B,B,B,A,B,A,A,A
UNC24985027,B,B,B,B,B,A,B,A
UNC24985412,A,A,A,A,A,B,B,A
UNC24985765,B,B,B,B,B,A,A,A
JAX00392665,B,B,B,B,B,B,B,A
B6_rs13459145,B,A,B,B,B,B,B,B
UNC24986265,A,A,A,A,A,B,B,B
UNC24986546,B,B,B,B,B,A,A,B
UNC24986909,A,A,A,A,A,B,A,A
UNC24987394,A,A,A,A,A,B,B,B
UNC24987518,B,B,B,B,B,A,A,A
UNC24987860,B,B,B,B,B,A,A,A
UNC24988180,A,A,A,A,A,B,B,A
UNC24988635,A,A,A,A,A,A,B,B
UNC24988795,A,A,A,B,A,B,B,B
UNC24989147,A,A,A,A,A,B,B,A
UNC24989547,A,A,A,A,A,B,B,B
UNC24989772,A,A,A,A,A,B,B,B
UNC24990035,A,A,A,B,A,A,B,A
UNC24990749,B,B,B,A,B,A,A,A
UNC24992145,B,B,B,A,B,B,B,A
backupUNC150422514,A,A,A,B,A,B,B,A
UNC24992886,A,A,A,B,A,B,B,B
JAX00392802,A,A,A,A,A,B,A,A
UNC24993874,B,B,B,B,B,A,A,A
UNC24994731,A,A,A,B,A,A,B,B
UNC24995941,B,B,B,A,B,A,A,A
JAX00058703,A,A,A,A,A,B,B,B
JAX00392863,A,A,A,A,A,B,B,A
UNC24997296,B,B,B,A,B,B,B,A
JAX00058713,B,B,B,A,B,B,B,A
JAX00392893,B,B,B,B,B,A,A,B
JAX00058727,B,B,B,B,B,A,B,B
JAX00392898,B,B,B,B,B,A,A,B
UNC25000178,A,A,A,A,A,B,A,A
UNC25000802,B,A,A,B,A,B,B,A
JAX00392916,B,B,B,B,B,B,A,B
UNC25002134,A,B,B,A,B,B,B,B
UNC25003084,A,B,B,A,B,A,A,A
UNC25004728,B,A,B,B,A,B,B,B
JAX00058763,A,A,A,A,A,B,B,A
UNC25005570,B,B,B,B,B,A,B,B
UNC25006691,A,A,A,A,A,B,B,A
UNC25007579,A,A,B,A,A,B,B,B
JAX00058786,A,B,B,A,B,B,B,B
UNC25008976,B,A,A,B,A,B,B,B
UNC150323622,A,B,B,A,A,A,A,B
UNC25009996,A,B,A,A,A,A,A,B
JAX00058802,B,A,B,B,B,B,B,-
JAX00393019,B,B,B,B,B,B,B,A
UNC25010840,A,A,B,A,A,A,A,B
JAX00393028,A,A,A,A,A,B,B,B
UNC25011651,B,A,A,B,B,A,A,A
UNC25012535,A,A,B,B,A,A,A,A
JAX00393068,A,A,A,A,A,B,A,A
UNC25013292,B,B,B,B,B,A,A,A
UNC25014340,A,B,A,A,A,B,A,A
UNC25015950,A,B,A,A,A,B,B,A
UNC25016485,B,A,A,A,B,A,A,A
JAX00393114,A,A,A,A,A,B,B,B
UNC25017384,A,B,A,A,B,A,A,A
JAX00206298,B,B,B,B,B,A,A,B
UNC25019131,B,B,B,B,B,A,A,A
JAX00393140,A,A,A,A,A,B,A,A
JAX00058872,A,B,B,B,B,A,A,B
UNC25019697,A,B,B,B,B,B,A,B
JAX00058877,B,A,A,A,A,B,B,A
JAX00393152,A,A,A,A,A,A,A,B
UNC25020849,B,A,A,A,A,B,B,A
JAX00058884,B,B,A,A,B,A,A,B
UNC25022543,B,A,B,B,A,A,A,B
JAX00206306,A,A,A,A,A,B,A,A
JAX00058895,A,B,A,A,B,B,A,A
JAX00393190,A,B,A,A,B,B,B,A
JAX00393192,A,B,A,A,B,B,B,B
UNC25023630,A,B,B,B,B,A,A,A
JAX00058901,B,B,A,A,B,B,B,B
UNC25024732,A,A,A,A,A,A,B,B
backupUNC150003978,A,A,B,B,A,B,B,A
JAX00058906,A,A,B,B,A,A,A,B
UNC25026317,A,A,A,A,A,B,B,B
JAX00393261,A,A,A,A,A,A,A,B
JAX00393269,B,A,A,A,A,A,A,A
UNC25027058,A,B,A,A,B,B,B,A
UNC25027637,B,A,B,B,A,A,A,B
UNC25028491,B,B,A,A,B,B,A,A
UNC25029102,B,B,A,A,B,A,B,A
UNC150004913,A,A,B,B,A,A,B,B
JAX00393316,A,A,A,A,A,B,B,B
UNC25029978,B,B,A,A,B,A,A,B
UNC25031061,A,A,B,B,A,B,B,A
UNC25031934,B,B,B,B,B,A,A,A
UNC25032949,A,A,B,B,A,B,A,B
UNC25033585,A,A,B,B,A,B,A,B
JAX00393372,B,B,B,B,B,B,A,B
UNC25034459,A,A,B,B,A,A,B,B
backupUNC150006608,B,B,A,A,B,A,A,A
UNC25035197,B,A,B,B,A,A,A,B
UNC25035825,B,B,B,B,B,B,B,A
UNC25036490,A,A,B,B,A,B,B,A
JAX00393425,A,A,A,A,A,A,A,B
UNC25037478,A,B,B,B,B,B,A,A
UNC25038249,A,B,B,B,B,A,B,A
UNC25038956,B,B,B,B,B,A,A,A
JAX00393463,A,B,B,B,B,A,A,B
UNC25039712,B,A,A,A,A,B,B,B
UNC25040106,B,B,A,A,B,A,-,B
UNC25040690,A,B,A,A,B,A,A,A
UNC25041529,B,A,A,A,A,B,B,A
UNC25042175,B,B,A,A,B,A,A,B
JAX00393509,A,B,B,B,B,A,A,B
JAX00393517,B,A,A,A,A,B,B,A
UNC25042878,B,A,A,A,A,A,B,A
UNC25043459,A,A,A,A,A,B,B,A
UNC25044116,A,B,B,B,B,A,A,B
UNC25044999,B,A,B,B,A,B,B,B
UNC25045500,A,B,B,B,B,A,A,A
UNC25045686,A,A,A,A,A,A,B,B
UNC25046442,B,A,B,B,A,A,A,B
backupUNC150598956,A,A,A,A,A,B,B,B
JAX00393581,B,B,B,B,B,B,B,A
UNC25047558,B,A,A,A,A,B,B,A
UNC25047852,B,A,A,A,A,A,A,A
UNC25048562,B,B,B,B,B,B,A,A
UNC25048843,A,A,B,B,A,B,A,B
UNC25049643,A,A,B,B,B,A,A,B
UNC25050156,B,B,B,B,B,A,A,B
UNC25050604,A,A,A,A,A,A,A,B
UNC25051478,B,A,A,A,A,A,A,A
UNC25051855,B,B,A,A,A,B,A,A
UNC25052848,B,B,A,A,B,A,B,A
UNC25053467,B,B,B,B,B,A,A,A
UNC25054276,B,A,A,A,A,B,B,A
UNC25054703,A,B,A,A,B,A,A,A
backupUNC150326784,B,A,A,A,A,A,B,B
UNC25056047,B,A,B,B,B,A,A,B
UNC25056385,A,A,B,B,B,A,B,B
UNC25057101,A,A,B,B,B,B,A,A
UNC25057551,B,B,A,A,A,A,B,B
UNC150010223,B,A,B,B,B,A,A,B
UNC25059231,B,A,B,B,B,A,A,A
JAX00393850,A,B,B,B,B,B,B,A
UNC25059989,B,A,A,A,A,B,B,B
UNC25060884,B,B,A,A,A,A,B,B
UNC25061564,B,B,A,A,A,A,B,B
UNC25062073,A,A,B,B,B,A,A,B
UNC150011564,A,A,B,B,B,B,B,B
UNC25062920,A,A,B,B,B,A,B,A
JAX00393944,B,B,A,A,A,A,A,A
UNC25063408,B,A,B,B,B,A,A,A
JAX00393971,B,A,B,B,B,B,B,A
UNC25064466,A,B,B,B,B,A,A,A
UNC25065194,A,B,B,B,B,A,A,B
UNC25065818,A,A,B,B,B,B,A,A
JAX00394019,B,B,B,B,B,A,B,B
UNC25066390,B,B,B,B,B,A,A,A
UNC25066851,B,B,B,B,B,A,B,A
UNC25067253,A,A,A,A,A,B,B,B
UNC25068057,B,B,B,B,B,A,A,B
UNC25068609,B,A,A,A,A,B,B,A
UNC25069239,A,A,A,A,A,A,A,B
UNC25069675,B,B,B,B,B,A,B,B
backupUNC150327875,B,A,A,A,A,A,B,B
UNC25071073,A,B,B,B,B,A,A,A
UNC25071455,A,B,B,B,B,A,B,B
UNC25071706,B,A,A,A,A,A,B,A
JAX00394101,B,B,B,B,B,A,A,B
UNC25072604,A,A,A,B,B,A,A,A
UNC25073275,B,B,A,A,A,A,A,A
UNC25073638,A,A,A,B,B,B,B,B
UNC25074849,A,A,B,A,A,A,A,B
CEAJAX00059158,A,A,A,B,B,-,A,A
UNC25075319,B,A,A,A,A,A,B,A
JAX00059163,A,B,B,A,A,A,A,B
UNC25075928,B,A,A,B,B,A,A,A
UNC25076351,A,B,B,A,A,A,B,B
backupUNC150614017,B,B,B,B,B,A,A,A
UNC25077779,B,B,B,A,A,A,B,A
UNC25078971,B,B,B,A,A,A,A,B
UNC150014104,A,A,B,B,B,B,A,A
UNC25082967,B,B,A,A,A,B,A,B
UNC25084118,A,A,B,B,B,B,A,A
UNC150015134,B,B,A,A,A,A,A,B
UNC25085189,A,B,A,B,B,A,A,A
JAX00394266,A,A,A,A,A,B,A,A
UNC25088194,B,B,B,B,B,A,A,A
UNC25089709,A,A,B,A,A,A,A,A
JAX00394317,B,B,B,B,B,B,A,A
JAX00059250,B,A,B,A,A,B,A,B
UNC25091806,A,B,A,B,B,A,A,B
JAX00059255,B,A,B,A,A,B,B,A
JAX00394343,A,B,A,B,B,B,A,B
UNC25093212,A,B,A,B,B,B,A,A
JAX00394357,B,B,B,B,B,A,A,A
JAX00394359,B,B,B,B,B,B,A,A
UNC25094716,A,B,A,B,A,A,A,A
UNC25096023,A,B,B,B,A,B,B,B
JAX00059292,A,A,A,A,A,B,B,A
backupUNC150016326,B,A,B,A,B,A,A,B
JAX00206438,B,B,B,B,B,A,A,B
JAX00394445,B,A,B,A,B,A,A,B
JAX00394448,A,B,A,B,A,B,B,A
JAX00394462,B,B,B,B,B,A,B,B
backupUNC150017185,A,A,B,A,A,B,B,B
JAX00059339,A,A,B,A,A,B,B,B
JAX00394472,A,A,A,A,A,A,A,B
JAX00059344,A,A,A,A,A,A,B,A
UNC25107530,A,B,B,B,A,A,A,B
JAX00394509,A,A,B,A,A,A,B,A
JAX00394517,B,A,A,A,B,A,A,A
UNC25109709,B,A,B,A,B,A,B,A
backupUNC150018234,B,A,B,A,B,B,B,A
JAX00394530,A,A,A,A,A,A,A,B
JAX00394533,B,B,B,B,B,B,B,A
JAX00394540,B,B,B,B,B,B,B,A
UNC25112861,B,B,A,B,B,A,A,A
JAX00394569,B,B,A,B,B,A,A,A
JAX00394585,B,B,B,B,B,B,B,A
UNC150330402,B,A,A,A,B,B,A,B
UNC25115431,B,A,A,A,B,A,B,B
UNC25116544,A,B,B,B,A,A,B,B
JAX00394598,A,B,B,B,A,B,B,B
UNC25119376,B,A,B,A,B,A,B,A
UNC25121947,A,A,B,A,A,A,A,A
JAX00394683,B,B,B,B,B,A,B,B
UNC150636898,B,B,-,B,B,A,A,A
UNC25125250,B,B,A,B,B,A,A,A
JAX00394695,B,B,B,B,B,B,A,B
UNC25127708,A,A,A,A,A,B,A,B
UNC25129884,B,A,B,A,B,A,B,B
UNC150030778,B,A,B,A,B,B,B,B
UNC25132304,B,B,A,B,B,A,A,B
UNC25132993,A,B,B,B,A,B,A,A
UNC25136469,B,A,A,A,B,A,B,B
UNC25138352,B,A,B,A,B,B,A,A
UNC25140152,A,B,A,B,A,B,A,B
JAX00394898,B,B,A,B,B,B,A,B
UNC150333541,B,A,A,A,B,B,B,A
JAX00059528,A,A,B,A,A,A,B,A
UNC25142740,A,B,A,B,A,B,B,A
UNC25143656,B,A,-,A,B,A,B,B
UNC25145994,B,A,A,A,B,B,A,B
UNC150040417,B,A,B,A,B,B,A,A
JAX00394981,A,A,B,A,A,A,B,A
UNC25149175,A,B,A,B,A,B,B,A
JAX00059568,A,A,B,A,A,A,B,A
UNC25152470,B,A,B,A,B,A,B,A
JAX00059577,B,A,B,A,B,A,B,A
UNC25153961,B,A,B,A,B,A,B,B
UNC25155582,A,B,B,B,A,B,B,B
UNC150335309,A,B,-,B,A,A,A,B
UNC25157916,B,A,B,A,B,B,B,A
JAX00059608,A,B,B,B,A,A,B,B
UNC25159578,B,B,A,B,B,B,B,B
JAX00395133,B,B,A,B,B,B,A,B
UNC25160666,A,B,B,B,A,A,B,B
UNC_rs47160358,A,B,B,B,A,A,B,A
UNC25164379,B,B,A,B,B,A,A,B
JAX00059666,A,A,B,A,B,A,B,B
UNC25167412,B,A,A,A,A,B,B,B
backupUNC150640314,A,A,A,A,A,B,B,B
UNC25169637,B,B,A,B,A,A,B,A
UNC25170555,B,B,A,B,A,A,A,B
UNC25171468,B,A,B,A,B,A,B,B
backupJAX00395330,B,B,A,B,A,B,A,A
backupUNC150056097,A,B,A,B,B,A,A,B
UNC25173796,A,B,A,B,B,B,B,A
UNC25175010,A,B,A,B,B,B,A,B
UNC25175531,A,B,A,B,B,A,A,A
UNC25177052,A,B,A,B,A,B,B,A
UNC25179251,B,A,A,A,B,A,B,B
UNC25183566,A,B,A,B,A,A,B,B
UNC25184879,A,B,B,B,B,A,A,A
JAX00395535,B,B,A,B,A,B,A,B
JAX00059817,A,B,B,B,B,A,B,B
UNC25185921,B,A,B,A,B,A,B,A
UNC150059575,A,B,A,B,A,A,A,B
UNC25188353,B,A,A,A,A,B,B,A
JAX00395592,B,A,B,A,B,B,A,B
UNC25189886,A,B,A,B,A,B,B,A
UNC25190847,A,A,B,A,B,B,B,B
UNC25193318,B,A,B,A,B,A,B,B
JAX00059875,A,A,B,A,B,B,A,B
UNC25194859,A,A,B,A,B,B,A,A
UNC25196445,A,B,B,B,B,B,B,A
backupUNC150061891,A,B,A,B,A,B,A,A
UNC25199618,A,B,B,B,B,A,B,B
UNC25201418,B,A,A,A,B,A,B,A
UNC25202762,A,A,B,A,A,B,A,B
UNC25204588,B,A,B,A,A,A,A,A
JAX00059956,A,B,A,B,B,A,B,A
UNC25206573,A,A,A,A,A,B,B,A
UNC25209003,B,A,B,A,A,A,B,B
UNC25211868,A,B,A,B,A,B,B,A
JAX00059992,A,B,A,B,A,B,B,B
UNC25213723,A,B,B,B,B,A,A,A
UNC25215294,B,B,A,B,A,A,B,A
JAX00395968,B,B,B,B,B,A,A,B
UNC25218418,B,A,A,A,B,B,B,A
JAX00396011,A,B,A,B,A,A,A,A
UNC25219686,B,B,B,B,B,A,A,B
UNC25220278,B,A,B,A,B,A,A,B
UNC25220921,B,B,B,B,B,A,B,A
UNC25221025,A,A,B,A,A,B,A,A
UNC25221738,A,A,B,A,A,B,B,B
UNC25222156,B,B,A,B,B,A,A,A
UNC25222581,B,B,B,B,B,A,A,B
UNC25222924,A,A,A,A,A,B,A,A
UNC25223360,A,A,A,A,A,B,B,B
UNC25223697,B,A,A,A,A,B,B,B
UNC25224018,A,A,A,A,A,B,B,B
UNC25224290,A,A,A,A,A,A,A,B
UNC25224676,B,B,B,B,B,A,B,B
UNC25225039,A,A,A,A,A,B,B,A
UNC25225629,B,A,B,A,A,A,B,B
JAX00396130,A,A,A,A,A,B,B,A
UNC25226366,B,A,B,A,A,B,A,B
JAX00060057,A,B,A,B,B,A,A,A
JAX00060058,B,A,B,A,A,A,A,B
UNC25226506,A,A,A,A,A,B,B,A
JAX00060059,B,A,B,A,A,B,B,B
UNC25226889,B,A,B,A,A,A,A,B
JAX00396137,A,A,A,A,A,B,B,A
JAX00060061,A,B,A,B,B,B,B,A
UNC25227207,B,A,B,A,A,A,B,B
JAX00396144,A,B,A,B,B,B,B,A
backupUNC150067245,A,B,A,B,B,B,A,A
UNC25227442,A,B,A,B,B,B,A,A
UNC25228006,A,B,A,B,B,B,B,A
UNC25228295,A,B,A,B,B,A,B,A
UNC25228556,A,B,A,B,B,B,A,A
UNC25228851,A,B,A,B,B,B,A,A
JAX00060074,B,A,B,A,A,B,B,B
UNC25229226,A,B,A,B,B,B,A,A
UNC25229452,A,B,A,B,B,B,B,A
JAX00060077,A,B,A,B,B,B,B,A
UNC25229992,B,A,B,A,A,B,A,B
UNC25230172,A,B,A,B,B,B,A,A
UNC25230515,A,B,A,B,B,B,A,A
UNC25231069,B,A,B,A,A,A,A,B
UNC25231410,B,A,B,A,A,A,A,B
UNC25231912,A,A,A,A,A,B,B,A
UNC25232658,A,A,A,A,A,B,A,A
UNC25232904,B,B,A,B,B,A,A,B
JAX00396202,A,A,B,A,A,A,A,A
JAX00396207,B,B,B,B,B,B,B,A
UNC25233699,B,A,A,A,A,A,A,A
JAX00060095,A,B,A,B,B,B,B,B
UNC25234169,B,A,B,A,A,B,A,B
backupUNC150068734,B,A,B,A,A,B,B,A
UNC25234456,B,A,B,A,A,A,A,A
JAX00060098,A,B,A,B,B,A,A,B
UNC25234885,A,A,A,A,A,B,A,A
JAX00206630,B,B,B,B,B,B,A,B
UNC25235353,A,B,A,B,B,A,A,A
UNC25235633,A,B,B,B,B,B,B,B
UNC25235750,B,B,B,B,B,B,B,A
UNC25236338,A,B,B,B,B,A,A,B
UNC25236572,B,A,A,A,A,B,A,A
UNC25236974,B,A,A,A,A,B,B,A
UNC25237414,A,A,A,A,A,B,B,A
UNC25237929,A,A,B,A,A,A,A,A
UNC25238087,B,A,A,A,A,B,B,B
UNC25238592,B,B,B,B,B,A,B,B
JAX00060121,A,A,B,A,A,B,B,B
UNC25239342,A,A,B,A,A,A,A,B
UNC25239766,A,B,B,B,B,B,B,A
UNC25240077,B,A,B,A,A,B,B,B
JAX00060124,B,A,B,A,A,A,A,B
UNC25240621,B,A,B,A,A,A,B,A
UNC25240900,B,A,B,A,A,B,B,A
UNC25241266,B,B,B,B,B,A,A,A
UNC25241375,A,A,B,A,A,A,A,A
UNC25241788,A,A,A,A,A,B,B,A
UNC25242206,A,B,A,B,B,A,B,A
UNC25242703,B,A,B,A,A,A,A,B
UNC25242917,B,B,B,B,B,B,A,A
JAX00396302,A,A,A,A,A,B,B,B
UNC25243377,A,A,B,A,A,A,A,A
UNC25243789,B,B,B,B,B,A,A,B
JAX00396308,A,A,A,A,A,B,A,A
UNC25244022,B,B,B,B,B,A,A,A
UNC25244437,B,B,B,B,B,A,A,A
JAX00060148,B,A,B,A,A,-,B,B
UNC25244936,A,A,A,A,A,B,B,A
UNC25245541,B,B,B,B,B,A,A,A
UNC25245875,A,B,A,B,B,B,B,A
UNC25246028,A,B,A,B,B,B,A,A
UNC25246447,B,B,A,B,B,B,B,B
UNC25246884,B,A,B,A,A,A,A,A
UNC25247231,A,B,A,B,B,A,A,B
UNC25247572,B,A,B,A,A,A,B,A
JAX00396345,A,A,A,A,A,B,B,B
UNC25248114,A,A,A,A,A,B,A,B
JAX00060165,B,B,B,B,B,A,A,A
backupJAX00396357,A,B,B,B,B,A,A,B
JAX00060175,A,A,B,A,A,A,A,B
UNC25250462,B,A,B,A,A,A,A,A
UNC150070372,A,B,A,B,B,A,A,B
UNC25251907,B,B,A,B,B,A,A,B
JAX00396401,B,B,A,B,B,B,B,A
UNC25253651,A,A,B,A,A,B,B,B
JAX00396421,B,B,B,B,B,A,A,B
UNC25255086,B,B,B,B,B,A,B,B
JAX00396423,A,A,A,A,A,B,A,A
UNC25256185,A,A,A,A,A,B,B,A
JAX00396437,A,A,A,A,A,A,B,A
UNC25257057,A,A,A,A,A,B,B,B
UNC25259254,A,A,A,A,B,B,B,A
JAX00396458,B,B,B,B,A,B,B,A
UNC25260072,A,A,A,A,A,B,B,B
UNC25262055,A,A,A,A,B,A,B,B
UNC25263166,A,A,A,A,B,B,B,B
UNC150504609,B,B,B,B,A,B,A,A
JAX00396491,A,A,A,A,A,B,A,A
UNC25264178,B,B,B,B,A,A,A,A
JAX00396504,B,B,B,B,A,A,A,B
UNC25265531,B,B,B,B,A,A,A,B
JAX00396509,B,B,B,B,A,A,A,B
JAX00396519,B,B,B,B,B,A,A,B
UNC25267083,B,B,B,B,A,A,B,B
UNC25268034,A,A,A,A,A,B,A,B
JAX00396534,A,A,A,A,A,A,A,B
JAX00060273,B,B,B,B,A,B,B,B
UNC25270983,B,B,B,B,A,A,A,A
JAX00396566,B,B,B,B,B,B,A,B
JAX00396567,A,A,A,B,B,A,A,A
UNC25272260,B,B,B,A,A,B,B,A
JAX00396571,B,B,B,B,B,A,A,A
UNC150678320,B,B,B,A,A,A,B,A
JAX00060290,A,A,A,B,B,B,B,B
UNC25274285,A,A,A,A,A,A,B,B
JAX00396599,A,A,A,A,A,B,B,A
UNC25275535,B,B,B,A,A,A,A,B
JAX00396616,B,B,B,B,B,B,A,B
UNC25275845,B,B,B,A,B,A,A,B
JAX00396625,B,B,B,B,B,A,A,B
JAX00060309,B,B,B,B,B,A,B,B
UNC25277071,A,B,B,B,B,B,B,B
JAX00060318,A,B,B,B,B,A,A,A
UNC25278296,A,B,B,B,B,A,B,A
JAX00060323,A,B,B,B,B,A,A,A
backupUNC150345256,A,B,B,B,B,A,A,A
UNC25279598,B,A,A,A,A,B,B,A
UNC25280681,A,B,B,B,B,B,B,A
UNC25280981,A,B,B,B,B,A,A,A
UNC25281412,B,A,A,A,A,B,B,B
UNC25281651,B,A,A,A,A,B,B,B
JAX00396687,B,A,A,A,A,A,A,B
UNC25282433,A,B,B,B,B,B,A,A
UNC25282632,A,B,B,B,B,A,A,A
UNC25282910,A,A,A,A,A,A,A,B
UNC25283194,B,A,A,A,A,B,B,B
UNC25283346,A,B,B,B,B,A,B,A
UNC25283725,A,A,A,A,A,B,A,A
UNC25283948,B,A,A,A,A,B,B,B
JAX00060354,A,B,B,B,B,A,A,A
UNC25284339,B,B,B,B,B,B,B,A
UNC150507742,A,A,A,B,B,B,B,A
UNC25284529,B,B,B,A,A,A,A,B
UNC25284864,A,A,A,A,A,B,A,A
UNC25285054,A,B,B,B,B,A,A,B
UNC25285406,A,B,B,B,B,B,B,A
UNC25285698,A,A,B,A,A,B,B,A
UNC25285746,B,B,B,A,A,A,B,A
JAX00396732,B,B,B,A,A,B,B,A
UNC25286334,B,B,B,B,B,B,A,B
UNC25286720,A,A,A,A,A,A,A,B
UNC25287096,B,A,B,B,B,B,B,B
UNC25287599,B,B,A,A,A,B,A,B
UNC25288370,B,B,A,B,B,A,B,B
UNC25289029,B,B,A,A,B,B,A,A
UNC25289082,A,A,B,B,A,B,B,A
UNC25289870,A,A,B,A,A,B,B,B
UNC25290341,A,A,B,A,A,B,A,A
UNC25290731,B,B,A,B,B,A,A,B
JAX00396815,A,A,A,B,A,A,A,A
UNC25290949,B,B,A,B,B,B,B,B
UNC25291664,B,B,A,A,B,A,A,A
JAX00060388,A,A,B,A,A,A,B,A
UNC25292118,B,B,B,B,B,A,B,A
UNC25292618,B,A,B,A,A,B,B,B
UNC25292843,A,A,B,A,A,B,B,A
JAX00396836,A,B,B,B,B,B,B,A
UNC25293170,A,A,B,A,A,A,A,A
UNC25293624,A,A,A,A,B,A,A,B
UNC25294263,A,A,A,A,B,B,A,A
UNC25294383,A,B,A,B,A,B,A,B
UNC_rs50580980,B,A,A,A,B,A,A,B
UNC25294877,A,B,B,B,B,B,B,B
JAX00396886,A,A,A,A,A,B,A,A
UNC25295610,A,A,B,A,A,B,A,A
UNC25296064,B,B,B,B,B,B,B,A
UNC25296614,A,A,B,A,B,B,B,B
UNC25296955,B,A,B,A,A,A,B,A
JAX00396921,A,B,B,B,B,B,B,B
JAX00396923,B,A,A,A,A,B,A,A
UNC150077326,B,B,A,B,A,B,B,A
UNC25297659,A,A,B,A,A,B,A,A
UNC25298050,A,A,A,A,B,A,A,A
UNC25298238,B,A,A,A,A,A,A,A
UNC25298800,B,B,B,B,B,A,A,B
UNC25299144,A,A,B,A,A,A,B,A
UNC25302002,B,A,A,A,A,B,A,B
JAX00060430,A,B,A,B,B,A,A,A
JAX00060437,A,B,A,B,B,A,A,A
UNC25304323,B,A,A,B,A,A,A,B
JAX00397006,B,A,B,A,A,B,B,A
UNC25306893,B,A,B,B,B,B,B,B
UNC150082801,B,B,A,A,B,B,A,A
JAX00397069,B,B,A,B,B,B,B,A
UNC25309104,B,A,B,A,A,B,A,A
JAX00397133,B,B,A,B,B,A,A,B
UNC25313385,A,A,B,A,A,A,B,B
UNC25314143,B,B,B,B,B,A,A,A
UNC150087282,A,B,A,B,B,B,A,B
UNC25314708,B,A,B,A,A,A,B,A
UNC25315167,A,B,A,B,B,A,A,B
JAX00060494,B,A,B,A,A,B,B,A
backupUNC150087589,A,B,A,B,B,A,B,B
UNC25315428,B,A,B,A,A,B,B,B
UNC25315547,A,A,B,A,A,A,A,A
UNC25315857,B,A,A,A,A,B,A,A
UNC25316110,A,A,B,A,A,B,B,A
UNC25316457,A,A,B,A,A,B,B,B
UNC25316780,B,B,A,B,B,B,A,A
UNC25317218,A,A,B,A,A,A,A,A
UNC25317662,B,B,A,B,B,A,A,B
UNC25317992,B,B,A,B,B,A,A,A
UNC25318329,A,A,B,A,A,B,B,B
UNC25318680,B,B,A,B,B,B,A,B
UNC25318837,A,A,B,A,A,B,A,B
UNC25319371,A,A,B,A,A,B,B,A
UNC25319646,A,A,B,A,A,B,B,B
UNC25319892,A,A,B,A,A,B,B,B
JAX00397265,B,B,B,B,B,B,A,B
UNC25320583,A,A,B,A,A,A,B,B
UNC25320672,B,B,B,B,B,A,A,A
UNC25321250,A,A,B,A,A,B,B,A
UNC150348351,B,A,A,B,B,A,A,A
UNC25321653,A,B,A,A,B,A,A,B
JAX00397302,B,A,B,B,A,B,B,B
UNC25322080,A,A,B,B,A,A,B,A
UNC25322375,B,B,A,A,B,A,A,A
UNC25322819,B,B,B,B,B,B,A,B
UNC25323148,B,A,B,A,A,B,B,B
UNC25323624,B,A,B,B,A,B,B,A
UNC25324245,B,B,-,B,B,A,A,A
backupUNC150092671,B,B,A,A,B,A,A,A
JAX00397339,A,A,B,A,A,B,B,A
UNC25326207,A,B,A,B,B,B,A,A
JAX00397368,A,A,B,A,A,B,B,B
UNC25330621,B,A,B,A,A,B,B,A
UNC150096707,A,B,A,B,B,B,A,B
JAX00397497,A,A,A,A,A,A,B,A
JAX00397509,A,A,B,A,A,B,B,A
JAX00397529,B,B,B,B,B,A,B,B
UNC25336187,B,B,A,B,B,A,B,B
JAX00060658,A,A,B,B,A,B,B,A
JAX00060659,A,B,A,A,B,A,A,B
JAX00397683,B,B,A,A,B,A,A,B
JAX00397684,B,B,B,B,B,A,B,B
UNC150107299,A,A,B,B,A,A,A,B
JAX00060663,B,A,A,A,A,B,A,A
UNC25346666,A,A,B,B,A,B,B,A
JAX00060666,A,A,B,B,A,B,B,A
JAX00060667,B,B,A,A,B,A,A,B
UNC25347270,A,B,B,B,B,A,B,A
UNC25348656,A,B,A,A,B,B,A,B
UNC25349362,B,B,B,B,B,A,B,B
JAX00397730,B,B,A,A,B,B,A,A
JAX00397736,B,B,A,A,B,B,A,A
UNC25350559,A,B,B,B,B,B,B,B
JAX00397749,B,B,B,B,B,B,A,B
UNC25351559,B,B,A,A,B,B,B,B
JAX00397763,B,A,B,B,A,B,B,B
JAX00060698,B,A,A,A,A,B,A,B
UNC25352131,B,B,A,A,B,B,A,B
UNC25352596,B,A,A,A,A,B,A,B
JAX00060708,B,A,B,B,A,B,B,B
UNC25354053,B,B,A,A,B,A,A,B
JAX00060715,A,A,B,B,A,A,B,A
UNC25354586,B,B,A,A,B,B,B,B
UNC25354844,A,B,A,A,B,B,A,A
UNC25355488,A,A,A,A,A,A,A,B
UNC25355832,A,A,B,B,A,A,B,A
UNC150350596,A,B,B,B,B,A,B,A
UNC25356521,B,B,A,A,B,A,A,B
UNC25357093,B,B,A,A,B,B,B,B
UNC25357755,A,B,B,B,B,B,B,B
UNC25358305,A,A,B,B,A,A,B,A
UNC25358851,A,A,A,A,A,A,A,B
UNC150117369,B,B,A,A,B,A,A,B
UNC25360018,B,B,A,A,B,B,B,B
UNC25360398,A,B,A,A,B,A,A,A
UNC25360933,B,B,B,B,B,A,B,B
JAX00397884,B,B,B,B,B,B,B,A
UNC25361487,B,A,A,A,A,A,A,A
UNC25362121,A,A,A,A,A,A,A,B
UNC25362506,A,A,B,B,A,A,A,A
UNC25362861,A,A,B,B,A,A,B,A
UNC25363485,A,A,B,B,A,B,B,B
JAX00397911,B,B,A,A,B,A,A,A
JAX00397913,A,A,A,A,A,B,A,A
UNC25363976,A,B,B,B,B,B,B,B
UNC25364882,B,B,A,A,B,A,B,B
UNC25365414,A,B,A,A,A,A,A,A
UNC25366339,B,B,B,B,B,A,B,A
JAX00397949,A,A,A,A,A,A,A,B
UNC25367043,A,A,A,A,A,B,B,A
UNC25367820,A,B,B,B,B,B,B,B
UNC25368253,A,A,B,B,A,A,B,B
UNC25369121,A,A,B,B,A,B,A,A
UNC150123663,B,A,B,B,A,B,A,A
UNC25370240,A,B,B,B,A,B,B,A
backupUNC150351035,A,B,B,B,A,B,B,A
UNC25371045,B,A,B,A,A,B,B,B
UNC25373095,B,B,A,B,B,A,A,A
JAX00060843,B,B,A,B,B,B,B,B
JAX00060846,B,B,A,B,B,A,A,B
UNC25374428,A,A,A,A,A,B,B,A
UNC25375431,B,B,A,B,B,A,B,B
UNC25376689,B,A,B,A,A,B,B,B
UNC25376978,B,B,A,B,B,B,A,B
UNC25378518,B,A,A,A,A,A,A,A
backupUNC150129305,B,A,B,A,A,B,B,B
JAX00398099,A,A,A,A,A,B,A,B
UNC25379317,A,B,A,A,B,B,B,B
UNC25379974,A,A,B,A,A,B,A,A
UNC25381475,A,A,B,A,A,A,B,B
UNC25381939,B,A,A,B,A,B,A,B
UNC25382732,A,A,B,B,A,B,B,A
JAX00398169,A,A,B,A,A,B,A,A
UNC25383766,A,B,B,A,B,A,A,B
JAX00060896,A,A,B,A,A,B,B,A
UNC25385155,A,A,B,A,A,B,B,B
UNC25385580,A,A,B,B,A,A,B,B
JAX00398207,A,A,A,B,A,B,B,A
UNC25386338,A,A,A,B,A,A,B,A
JAX00398216,B,B,B,A,B,B,B,A
B6_rs31810918,B,A,B,B,B,B,B,B
UNC25387593,A,A,A,B,A,B,B,B
JAX00398241,B,B,B,B,B,B,A,B
UNC25388803,A,B,A,A,B,A,B,A
UNC150352117,B,A,A,B,A,A,B,B
UNC25390204,A,A,B,A,A,B,B,A
JAX00398272,A,A,A,A,A,B,A,A
UNC25391344,B,B,B,B,B,A,B,B
UNC25391894,B,B,B,B,B,A,A,A
UNC150133583,B,B,A,A,B,A,A,A
UNC25394290,A,A,B,B,A,A,B,B
UNC25394630,B,B,A,A,B,A,B,A
UNC25395031,A,A,A,A,A,B,B,B
backupJAX00398324,A,A,A,A,A,B,B,B
UNC25395553,A,A,A,A,A,B,B,A
UNC25397494,B,A,B,B,A,B,B,B
UNC25399104,B,A,A,A,A,B,B,B
UNC25401726,B,B,A,B,B,A,A,B
UNC25402878,B,B,B,A,B,B,B,B
UNC25403613,A,B,A,A,A,A,A,A
backupUNC150136886,A,B,A,B,B,A,A,B
UNC25405104,A,A,A,A,A,B,B,A
JAX00398451,B,B,B,A,A,B,B,A
UNC150137904,B,B,A,A,A,A,A,A
UNC25406393,B,B,B,A,A,B,B,B
UNC25407726,A,B,A,B,B,B,A,B
UNC25408462,B,B,B,A,B,B,B,A
UNC25409231,A,B,B,B,A,A,B,B
UNC25410007,B,B,A,B,B,A,B,B
backupUNC150140576,B,B,A,B,B,B,A,A
UNC25410768,A,A,B,A,A,B,B,B
UNC25411706,B,B,A,B,B,B,A,B
UNC25412432,A,A,B,B,A,B,B,A
UNC25413004,A,A,B,A,A,B,A,A
UNC25413468,B,B,A,A,B,A,A,A
UNC25414580,B,B,A,B,B,B,B,B
UNC25415395,B,B,A,B,B,B,A,B
JAX00061061,B,A,B,B,B,B,B,A
UNC25416292,A,A,B,A,A,B,B,B
JAX00398597,A,A,A,A,A,B,A,A
UNC25417213,B,B,A,A,B,A,A,B
JAX00398610,B,B,A,A,B,A,A,A
UNC25417690,B,B,A,A,B,B,A,B
JAX00398635,B,B,B,B,B,B,A,B
UNC25418469,A,A,A,B,A,B,B,B
UNC25419632,B,B,A,A,B,A,A,B
JAX00061083,B,B,A,B,B,A,A,A
UNC25420491,A,A,B,A,A,B,B,B
UNC25420901,B,B,A,A,B,A,A,B
JAX00398706,B,B,A,A,B,A,A,B
backupJAX00061090,A,A,B,B,A,A,B,A
UNC25422453,A,A,B,B,A,A,B,B
UNC150428602,B,B,B,A,B,A,A,A
UNC25423072,A,A,A,A,A,B,B,A
UNC25423942,A,A,B,A,A,B,B,B
UNC25424669,A,A,B,B,A,B,B,B
UNC25426161,B,B,A,B,B,B,A,B
UNC25426784,B,B,A,B,B,A,B,B
UNC25427431,A,A,B,B,A,B,B,B
UNC25428071,B,B,B,B,B,B,B,A
UNC25428978,B,B,A,B,B,A,A,B
JAX00398822,B,B,B,B,B,A,B,B
UNC25429853,A,A,B,A,A,A,B,A
UNC25430144,A,A,B,A,A,B,A,A
JAX00061147,A,A,B,A,A,B,B,B
JAX00061149,A,A,B,A,A,B,B,B
UNC25431675,A,A,B,A,A,B,B,B
UNC25432591,B,B,A,B,B,A,A,B
UNC25432932,A,A,B,A,A,A,B,A
UNC25433543,A,A,B,A,A,B,A,A
UNC25434441,A,A,B,B,A,B,B,B
UNC25435188,A,A,B,B,A,B,B,A
UNC25435888,A,A,B,A,A,B,B,B
UNC25436543,A,A,B,B,A,A,B,B
UNC25439412,B,B,A,B,B,B,B,B
JAX00061196,B,B,B,A,B,B,B,B
UNC25441871,A,B,B,A,A,B,B,A
UNC25442428,B,A,A,B,B,B,A,A
UNC25443637,B,B,A,B,B,A,A,A
UNC25444901,A,A,B,A,A,A,A,A
JAX00399019,A,A,A,A,A,B,A,A
UNC25445876,A,B,B,A,A,B,B,A
backupUNC150353533,A,B,B,A,A,B,A,A
UNC25446659,B,A,A,B,B,A,A,B
UNC25447583,A,B,B,A,A,B,A,B
JAX00061229,A,B,A,A,A,A,A,A
UNC25448564,A,A,B,A,A,B,B,B
JAX00399060,A,A,B,A,A,A,A,B
UNC25451236,A,B,B,A,A,B,A,B
UNC150354598,B,A,A,B,B,B,A,A
UNC25452406,A,A,B,A,A,B,A,B
JAX00399107,A,A,B,A,A,B,B,B
UNC25453525,B,B,A,B,B,A,A,A
UNC25454494,A,B,B,A,A,B,B,A
UNC25455169,B,A,B,B,B,A,A,A
JAX00399145,A,A,B,A,A,A,A,A
UNC25456362,B,A,A,B,B,B,B,A
UNC25456851,A,A,B,A,A,A,B,A
JAX00399170,B,A,B,B,B,A,A,B
UNC25457590,A,B,A,A,A,B,B,A
UNC25458511,B,A,A,B,B,A,A,A
UNC150355171,B,A,A,B,B,A,B,B
UNC25459600,A,A,B,B,B,B,B,A
UNC25460210,A,B,A,B,B,B,A,A
UNC25460611,B,B,B,A,B,B,B,B
JAX00399259,B,A,B,A,A,B,B,B
UNC25461494,B,B,B,B,B,B,B,A
UNC25462444,B,B,B,B,B,A,A,B
JAX00399271,A,A,B,A,A,A,A,A
UNC25462898,B,A,A,B,B,A,A,B
UNC25463848,A,B,A,B,B,B,A,A
UNC25464603,B,B,A,B,B,A,B,B
UNC25465133,A,A,A,A,A,A,A,B
UNC25465701,A,A,A,A,A,B,B,A
UNC25466668,B,B,A,A,A,A,A,B
JAX00061328,A,A,B,B,B,A,B,A
UNC25467180,A,B,B,B,B,B,B,B
UNC150356145,A,B,B,A,A,A,B,A
UNC25467848,B,B,B,A,A,B,A,B
UNC25468704,B,B,A,B,B,B,A,B
JAX00399373,B,A,B,A,A,B,B,B
JAX00061349,A,B,A,A,A,A,A,A
UNC25469432,B,B,A,B,B,B,B,B
UNC25469877,B,A,A,B,B,B,A,B
UNC25470110,A,B,B,B,B,B,B,B
UNC25470653,B,B,A,B,B,A,A,A
UNC25471086,B,B,B,B,B,B,B,A
UNC25471679,B,A,A,B,B,A,B,B
UNC25472808,B,B,A,B,B,B,A,B
UNC25473568,A,B,A,B,B,B,B,A
UNC25473988,B,A,B,B,B,B,B,B
UNC25475093,B,B,A,A,A,B,A,A
UNC25475383,B,B,A,A,A,B,-,B
UNC25476280,B,B,A,A,A,A,B,A
UNC25477376,B,A,A,A,A,A,A,B
UNC25477455,B,B,A,A,A,A,B,B
UNC25477979,B,A,A,A,A,B,B,B
UNC25478040,A,A,B,B,B,A,B,B
UNC25478223,B,A,B,B,A,B,A,A
UNC25478553,B,B,A,A,B,A,B,A
UNC25479290,B,B,A,A,B,B,A,A
UNC25479507,B,A,A,A,A,A,B,A
UNC25480157,B,A,A,A,B,B,A,B
UNC25480449,B,B,A,A,A,B,B,B
UNC25480820,A,A,B,B,A,A,B,A
UNC25481163,B,A,B,B,B,A,B,A
JAX00399572,B,B,B,B,B,B,A,B
UNC25481461,A,A,A,A,A,B,B,A
UNC25481563,A,B,B,B,A,A,A,B
UNC25482219,B,B,A,A,A,A,B,B
UNC25482486,B,B,A,A,A,A,B,B
UNC150312277,A,B,A,A,A,A,A,A
UNC25482680,A,A,A,A,A,B,A,A
UNC25483029,A,A,B,B,B,B,B,A
UNC25483333,B,B,B,B,A,B,A,B
UNC25483466,B,B,B,B,A,A,A,B
UNC25483860,B,B,A,A,A,A,B,B
UNC25483976,B,B,A,A,A,A,B,B
UNC25484472,A,A,B,B,A,A,B,A
UNC25484961,A,B,A,A,A,A,A,A
UNC25485320,B,B,B,B,B,B,A,A
UNC25485609,A,A,A,A,B,B,A,A
UNC25486450,B,B,A,A,A,A,B,A
UNC25486617,B,A,A,A,A,A,A,A
UNC25487133,B,B,B,B,A,B,A,B
UNC25488035,B,B,B,B,A,B,B,A
JAX00061481,B,B,A,A,A,A,A,B
UNC25488460,B,B,A,A,A,A,B,A
UNC25489137,A,A,B,B,A,A,A,A
UNC25489173,B,B,B,B,A,A,A,B
UNC25489755,A,B,A,A,A,B,B,A
JAX00399694,A,A,A,A,A,B,A,A
UNC25490884,A,B,B,A,A,B,A,A
JAX00399727,B,B,B,B,B,B,A,B
backupUNC150358956,B,A,A,B,B,A,B,B
UNC25493256,B,A,A,B,B,B,A,B
JAX00399742,A,B,B,A,A,B,B,A
UNC25495745,B,A,A,A,A,B,B,A
JAX00399753,B,A,A,A,A,B,B,A
UNC25498218,A,B,B,A,A,A,A,B
JAX00399793,B,A,A,B,B,A,A,A
JAX00061536,B,A,A,B,B,A,A,A
UNC150515333,A,A,A,B,B,B,B,A
JAX00061552,A,A,A,B,B,B,B,A
UNC25504192,B,B,B,A,A,A,A,A
JAX00399837,A,A,A,A,A,A,B,A
UNC25507165,A,A,B,A,A,-,B,B
UNC25509495,A,A,A,A,A,B,B,A
JAX00061582,A,B,A,B,B,B,B,B
JAX00399881,A,A,A,A,A,B,A,A
UNC25511451,A,B,A,B,B,A,B,A
UNC150179695,B,A,B,A,A,-,A,B
UNC25513705,A,A,B,A,A,A,A,A
backupUNC150179907,A,B,A,B,B,B,A,-
UNC25517148,B,A,B,A,A,-,B,B
JAX00399931,A,A,A,A,A,A,B,A
JAX00399932,A,B,A,B,B,B,B,A
UNC25518221,B,A,B,A,A,B,B,A
JAX00061625,B,A,B,A,A,B,B,B
UNC25520476,A,B,A,B,B,B,A,A
UNC150182554,A,B,A,B,B,A,A,A
UNC25522716,A,B,B,B,B,B,B,B
UNC25524627,A,A,A,A,A,B,B,A
UNC25526264,A,A,A,A,A,B,B,B
UNC25528138,B,A,B,A,A,A,B,B
JAX00061677,A,B,A,B,B,A,A,A
UNC150183483,A,B,A,B,B,A,B,B
UNC25530254,A,B,A,B,B,A,B,A
JAX00400064,A,A,B,A,A,B,B,B
JAX00061684,B,B,A,B,B,B,B,B
UNC150362516,A,B,B,B,B,A,A,B
UNC25535995,B,B,B,B,B,A,A,A
backupUNC150362771,B,A,A,A,A,B,A,B
JAX00061723,A,B,A,B,B,A,A,A
UNC25538145,A,B,A,B,B,A,B,A
UNC25538711,A,A,A,A,A,A,A,B
JAX00061731,B,A,A,A,A,A,A,B
UNC25539449,A,B,B,B,B,A,A,A
JAX00061733,A,B,A,B,B,A,A,A
UNC25540127,A,B,A,B,B,B,A,A
JAX00400156,A,A,A,A,A,A,B,A
UNC25541515,B,A,B,A,A,B,A,B
backupUNC150769490,B,B,B,B,B,A,A,A
UNC25543409,B,A,A,A,A,A,A,B
UNC25544075,B,A,B,A,A,B,B,B
UNC25544810,A,B,B,B,B,A,A,A
UNC25545886,B,A,A,A,A,B,-,B
UNC25547985,A,B,A,B,B,A,A,A
UNC25548093,B,A,A,A,A,B,B,B
UNC25549313,A,A,A,A,A,B,B,A
UNC25549957,B,B,B,B,B,A,A,A
backupUNC150364396,A,B,B,B,B,B,A,A
UNC25550679,A,B,A,B,B,A,A,A
UNC25551835,B,A,A,A,A,A,A,A
UNC25552668,A,B,B,B,B,A,B,A
UNC25554761,A,B,A,B,B,B,A,A
UNC150186120,B,A,B,A,A,B,B,A
UNC25556990,A,B,B,B,B,A,B,B
UNC25559096,B,A,B,A,A,B,B,A
UNC25561778,B,A,A,A,A,A,A,A
UNC25562535,A,B,A,B,B,A,B,A
UNC25562942,B,B,A,B,B,A,A,B
UNC25563416,B,A,A,A,A,B,A,B
UNC25564304,A,B,B,B,B,A,A,A
UNC25564962,B,A,A,A,A,B,B,A
UNC25565802,A,A,B,A,A,A,A,A
JAX00061863,A,B,B,B,B,B,A,A
UNC25566908,B,A,A,A,A,A,B,B
UNC25567521,A,B,B,B,B,B,B,B
UNC25567982,A,B,A,A,A,A,A,A
UNC25568612,A,A,A,A,A,B,B,A
UNC25569332,B,B,A,B,B,B,A,B
UNC25569907,A,B,B,B,B,B,B,A
UNC25570105,B,A,A,A,A,A,A,A
UNC25570585,B,B,A,B,B,B,B,B
UNC25571431,A,B,A,B,B,A,B,A
backupUNC150188755,B,A,B,A,A,B,A,A
UNC25571983,B,A,B,A,A,A,B,A
UNC25572580,B,A,B,A,A,B,B,A
backupUNC150781848,B,B,B,B,B,A,A,A
UNC25573555,A,A,B,A,A,B,A,B
UNC25574114,A,B,B,B,B,A,A,B
UNC25574913,B,B,B,B,B,A,A,B
UNC25575376,B,B,A,B,B,A,A,A
UNC25575801,B,A,B,A,A,A,B,A
UNC25576402,A,B,A,B,B,A,A,B
UNC25576861,B,A,B,A,A,B,B,B
UNC25577604,A,B,A,B,B,B,B,A
UNC25578382,A,B,A,B,B,B,A,A
UNC25578719,B,A,B,A,A,A,B,B
JAX00400749,B,A,B,A,A,B,B,A
UNC25580237,A,B,A,B,B,A,A,A
JAX00400779,B,B,B,B,B,A,B,B
UNC25581065,A,B,A,B,B,B,B,A
UNC25581584,A,B,A,B,B,A,A,B
UNC25582381,A,B,A,B,B,A,A,B
UNC25582888,A,B,A,B,B,B,A,A
UNC25584043,A,A,A,B,A,B,A,B
backupJAX00061972,B,B,B,A,B,B,A,A
UNC25584278,A,A,A,B,A,B,B,B
UNC25585150,A,A,A,A,A,B,B,A
UNC25586381,A,A,A,A,A,B,B,B
UNC25586796,B,A,B,B,A,B,B,B
JAX00400902,A,A,A,A,A,B,A,B
UNC25587340,B,B,B,B,B,A,B,A
UNC25588535,A,A,A,A,A,B,B,B
UNC25588892,A,A,A,A,A,B,B,A
UNC25589532,A,A,A,A,A,B,B,B
UNC25590143,B,B,B,B,B,A,A,A
JAX00062008,B,B,B,B,B,A,A,A
UNC25590762,B,B,B,B,B,A,B,A
UNC25591368,B,B,B,B,B,A,A,A
UNC25592152,A,A,A,A,A,B,B,A
UNC25592884,A,A,A,A,A,B,B,B
UNC25593625,A,A,B,A,A,B,A,B
JAX00401005,A,A,B,A,A,A,B,B
UNC25595181,A,A,B,A,A,B,B,B
UNC25596219,A,A,B,A,A,B,A,B
UNC25597403,B,B,A,B,B,A,A,A
UNC25597983,A,A,B,A,A,B,B,B
JAX00401047,A,A,B,A,A,B,A,B
JAX00401048,A,A,A,A,A,A,B,A
UNC25599175,A,A,B,A,A,A,B,B
UNC25599746,A,A,B,A,A,B,A,B
UNC25600219,B,B,A,B,B,A,A,A
UNC25601968,A,A,A,A,A,B,B,B
backupJAX00401097,B,B,A,B,B,A,A,A
UNC25602579,B,B,A,B,B,B,A,A
JAX00062078,B,B,A,B,B,A,A,A
UNC25603275,B,B,A,B,B,A,A,B
JAX00401110,B,B,B,B,B,A,B,B
UNC25604126,B,B,A,B,B,A,A,A
UNC25604988,B,A,B,A,A,B,A,A
UNC25605212,B,A,B,A,A,B,B,A
JAX00062091,A,B,B,B,B,B,B,B
UNC25606290,B,A,A,A,A,B,B,B
UNC25606767,A,B,A,B,B,B,A,A
UNC25607715,A,B,B,B,B,A,A,B
UNC25608382,B,B,A,B,B,A,A,B
JAX00401183,B,B,B,B,B,A,A,B
UNC25608819,A,B,A,B,B,B,A,B
UNC25609762,A,B,A,B,B,B,B,A
UNC25610695,B,A,B,A,A,B,B,A
JAX00062120,B,A,B,A,A,A,B,A
UNC25611702,A,A,A,A,A,A,A,B
UNC25612215,A,A,B,A,A,B,B,A
UNC25612351,B,A,B,A,A,B,A,A
UNC25613620,B,A,A,A,A,B,B,A
JAX00062135,B,A,A,A,A,A,A,A
UNC25614010,B,A,B,A,A,B,B,A
UNC25614408,A,B,B,B,B,A,B,A
UNC25615493,B,B,A,B,B,A,A,A
UNC25615859,A,B,B,B,B,B,B,B
UNC25616438,B,A,A,A,A,B,B,B
UNC25616733,B,A,B,A,A,A,B,B
UNC25617881,B,A,B,A,A,B,A,B
UNC25618615,B,A,B,A,A,A,B,B
backupUNC150197207,-,B,A,B,B,A,A,B
UNC25619332,A,B,A,B,B,A,A,B
UNC25620218,A,B,B,B,B,A,A,B
UNC25620567,A,A,B,A,A,B,A,A
backupUNC150805894,B,B,B,B,B,A,A,A
UNC25621982,B,A,B,A,A,B,B,B
UNC25622970,B,A,B,A,A,B,B,A
UNC25623744,B,B,B,B,B,A,A,B
JAX00401449,B,B,A,B,B,A,A,B
UNC25624794,A,B,B,B,B,A,A,B
UNC25625544,A,B,B,B,B,A,B,A
JAX00401478,A,B,B,B,B,A,B,A
UNC25626103,B,B,B,B,A,B,B,B
JAX00062206,B,A,A,A,A,A,A,B
JAX00062211,A,B,B,B,B,A,A,B
UNC25626847,B,A,B,A,A,A,A,A
UNC25627444,A,B,B,B,B,B,A,B
UNC25627880,B,A,A,A,A,B,B,A
JAX00062217,B,A,A,A,A,B,B,A
JAX00401503,B,B,B,B,B,B,A,B
UNC25629027,A,B,B,B,B,A,B,A
UNC25629398,B,A,A,A,A,B,B,B
JAX00401528,A,A,A,A,A,B,B,A
UNC25630692,B,A,B,A,A,B,B,A
JAX00401538,A,B,A,B,B,B,A,A
JAX00401548,A,A,A,A,A,B,A,A
UNC25632655,A,A,A,A,A,A,A,B
UNC25634063,A,A,A,A,A,B,A,A
UNC25634740,A,A,A,A,A,B,B,A
JAX00401576,A,A,A,A,A,B,B,B
UNC25635404,A,B,A,A,A,B,B,B
UNC25635847,B,B,B,B,A,A,A,A
UNC150814134,B,B,B,B,A,A,A,B
JAX00401592,B,B,B,B,B,A,B,B
UNC25636612,A,A,A,A,A,B,A,B
UNC25637425,B,B,B,B,B,A,A,B
UNC25638061,A,A,A,A,A,B,B,B
JAX00401615,A,A,A,A,A,B,B,B
UNC25638743,A,A,A,A,A,B,A,B
UNC25639402,A,A,A,A,A,B,B,B
UNC25639884,A,A,A,A,A,B,B,A
UNC25640367,B,B,B,B,B,A,A,A
JAX00401639,A,A,A,A,A,B,B,A
UNC25640814,B,B,B,B,B,A,A,A
UNC25641288,A,A,A,A,A,B,A,A
UNC25641648,A,A,A,A,A,B,B,A
UNC25642162,B,B,B,B,B,A,A,A
UNC25642546,A,A,A,A,A,B,B,A
UNC150199825,B,B,A,B,A,B,B,A
UNC25642998,A,A,A,A,B,B,A,A
UNC25643992,A,A,A,A,A,B,A,A
UNC25644579,B,B,B,B,A,A,A,A
JAX00062300,A,A,A,A,B,A,A,B
UNC25644958,B,B,B,B,B,B,B,A
JAX00062302,B,B,B,B,A,B,B,A
UNC25645350,A,A,A,A,A,B,B,A
UNC25645963,B,B,B,B,A,A,A,A
UNC25646236,A,A,A,A,A,B,A,A
UNC25646521,A,A,A,A,B,B,B,B
UNC25647103,B,B,B,B,B,A,A,A
UNC25647395,B,B,B,B,B,A,A,B
UNC25647604,A,A,A,A,A,B,B,B
UNC25648272,B,B,B,B,B,A,B,B
JAX00062323,A,A,A,A,A,B,B,B
backupUNC150434093,A,A,A,A,B,B,B,B
UNC25649123,B,B,B,B,A,B,B,B
UNC25650965,A,A,A,A,B,B,A,B
UNC25651230,B,B,B,B,A,A,A,A
UNC25651508,A,A,A,A,B,B,B,A
UNC25652125,B,B,B,B,B,A,A,B
UNC25652692,B,B,B,B,A,B,B,B
JAX00401793,B,B,B,B,A,B,B,A
UNC25652939,A,A,A,A,B,A,B,B
UNC25653815,A,A,A,A,B,B,A,B
UNC25654256,A,A,A,A,B,A,A,B
UNC25654392,B,B,B,B,A,A,B,A
UNC25655050,B,B,B,B,B,B,B,A
JAX00401860,A,A,A,A,A,B,B,A
UNC25655743,B,B,B,B,A,A,A,A
UNC25656255,A,A,B,A,B,B,B,A
UNC25656523,B,B,A,B,B,A,A,B
UNC25657902,B,B,A,B,B,B,B,B
UNC25657976,A,A,A,A,A,A,A,B
UNC25658310,B,B,A,B,A,A,A,B
UNC150200770,B,B,A,B,A,A,-,B
JAX00062388,B,B,A,B,A,B,A,B
JAX00401905,A,A,B,A,B,A,B,A
UNC25659017,B,B,A,B,A,B,B,B
JAX00401915,B,B,A,B,A,A,A,B
UNC25659950,B,B,A,B,A,A,B,A
UNC25660282,B,B,A,B,B,B,B,B
UNC25660816,A,A,B,A,B,A,A,B
UNC25660993,A,A,A,A,B,B,B,A
JAX00401941,B,B,A,B,A,A,A,B
UNC25661828,B,B,A,B,A,A,A,A
UNC25662305,B,B,B,B,B,A,B,B
JAX00401987,A,A,B,A,B,B,B,A
UNC25663241,B,B,A,B,A,A,A,B
UNC25663431,A,A,B,A,A,B,B,B
JAX00062411,B,B,A,B,B,A,A,B
UNC25664049,A,A,B,A,B,A,A,B
JAX00402003,A,A,A,A,A,B,B,A
UNC25664448,B,B,A,B,A,A,A,A
UNC25664766,B,B,B,B,A,B,A,A
UNC25665561,A,A,A,A,A,A,A,B
UNC25666006,A,A,B,A,A,A,B,A
UNC25666426,B,B,A,B,B,A,A,A
UNC25666962,A,A,B,A,A,A,A,A
UNC25667645,B,B,B,B,A,B,B,A
UNC25668604,A,A,A,A,B,B,B,B
UNC25669272,B,B,B,B,B,A,A,A
UNC25669867,B,B,B,A,B,A,A,A
JAX00402089,A,A,A,B,A,B,B,A
UNC25670208,A,A,A,B,A,B,A,B
UNC25670388,A,A,A,B,A,B,B,A
UNC25671394,B,B,B,B,B,A,A,B
UNC25671605,A,A,A,A,A,B,B,B
UNC25671887,A,A,A,A,A,A,B,B
UNC25672211,B,B,B,B,B,A,A,A
UNC25672545,A,A,A,A,A,B,B,A
UNC25672840,A,A,A,A,A,B,B,A
UNC25673161,B,B,B,A,B,B,B,A
UNC25673370,A,A,A,B,A,A,B,B
UNC25673595,A,A,A,B,A,A,A,B
UNC25674002,A,A,A,A,A,A,A,B
UNC25674088,A,A,A,B,A,B,B,B
UNC25674457,B,B,B,A,B,A,B,A
UNC25674790,A,A,A,B,A,B,B,B
UNC25675010,B,B,B,A,B,A,A,A
UNC25675128,B,B,B,B,B,A,A,B
UNC25675304,A,A,A,B,A,B,A,B
UNC25675757,B,B,B,B,B,A,A,A
UNC25675985,B,B,B,A,B,A,A,B
backupJAX00402212,B,B,B,A,B,A,B,A
UNC25676339,B,B,B,A,B,A,A,A
UNC25676761,A,A,A,B,A,B,B,B
UNC25677161,B,B,B,B,B,A,B,A
UNC25677300,B,B,B,B,B,A,A,A
UNC25677715,A,A,A,A,A,B,B,A
UNC25677843,A,A,A,A,A,B,B,B
UNC25677989,B,B,B,B,B,A,A,A
UNC25678371,A,A,A,A,A,B,A,B
UNC25678800,A,A,A,A,A,B,B,A
UNC25679211,B,B,A,B,B,A,A,A
UNC25679326,A,A,A,A,A,B,B,B
backupJAX00062494,B,B,A,B,B,A,A,A
UNC25680102,B,B,B,B,B,A,B,A
UNC25680658,B,B,A,B,B,A,A,B
UNC25680804,A,A,B,A,A,B,B,A
UNC25681289,A,A,A,A,A,B,B,B
JAX00402297,A,A,A,A,A,B,B,B
UNC25682332,A,A,A,A,A,B,B,A
UNC25682415,A,A,A,A,A,A,A,B
UNC25682492,A,A,A,A,A,B,A,A
UNC25682637,B,B,B,B,B,A,A,B
UNC25682923,A,A,B,A,A,B,B,B
UNC25683390,B,B,A,B,B,A,A,B
UNC25685221,B,B,A,A,B,A,A,B
backupUNC150204243,A,A,B,B,A,A,B,B
UNC25686600,B,B,A,A,B,A,B,A
backupUNC150204848,B,B,A,B,B,A,B,A
UNC25688872,B,B,A,B,B,A,A,A
JAX00402465,A,A,A,A,A,B,A,A
UNC25689941,A,A,A,B,A,B,B,A
JAX00062555,A,A,A,B,A,A,A,B
UNC25690860,A,A,B,A,A,A,A,A
JAX00402498,A,A,A,B,A,A,A,B
UNC25691423,A,A,A,B,A,B,B,B
UNC25692204,B,B,B,B,B,A,B,B
UNC25692371,B,B,B,B,B,A,A,B
UNC25692530,A,A,A,A,A,B,B,A
UNC25692711,A,A,B,B,B,A,A,A
UNC25692750,A,A,A,A,A,A,A,B
UNC25693027,B,B,B,B,B,B,A,A
UNC25693218,B,B,B,B,B,A,A,A
UNC25693267,A,A,B,B,B,A,A,A
UNC25693418,A,A,A,A,A,B,A,B
UNC25693552,A,A,B,B,B,A,A,B
UNC25693945,B,B,A,A,A,A,A,A
UNC25694080,B,B,B,B,B,A,B,B
UNC150205301,B,B,A,A,A,A,B,A
UNC25694245,B,B,A,A,A,B,B,A
UNC25694459,A,A,B,B,B,A,A,B
UNC25694911,B,B,B,B,B,A,A,B
UNC25695059,A,A,A,A,A,A,B,A
UNC25695265,A,A,A,A,A,B,A,A
UNC25695382,A,A,A,A,A,B,A,A
UNC25695493,A,A,B,B,B,B,B,B
UNC25695653,A,A,A,A,A,A,A,B
UNC25695730,B,B,B,B,B,B,A,B
UNC25695922,A,A,A,A,A,B,B,B
UNC25696016,A,A,A,A,A,B,B,B
UNC25696197,B,B,B,B,B,B,A,A
JAX00402608,A,A,A,A,A,B,B,B
UNC25696385,A,A,A,A,A,B,A,B
UNC25696629,B,B,A,A,A,A,A,B
UNC25696795,A,A,B,B,B,B,B,A
JAX00062598,B,B,A,A,A,B,B,B
UNC25696983,A,A,B,A,A,A,A,A
UNC25697200,A,A,B,A,A,A,B,B
UNC25697375,A,A,B,A,A,B,A,B
JAX00402635,B,B,A,B,B,B,B,A
UNC25697807,A,A,B,A,A,B,B,B
UNC25698217,A,A,B,A,A,A,A,B
JAX00402644,B,B,B,B,B,A,B,B
UNC25698416,B,B,B,B,B,B,B,A
JAX00402649,A,A,A,A,A,A,B,A
JAX00402652,A,A,B,A,A,B,B,B
JAX00402653,B,B,A,B,B,A,A,A
UNC25698539,A,A,B,A,A,B,A,B
UNC25699338,A,A,A,B,B,B,B,B
JAX00402669,A,A,A,B,B,A,A,A
JAX00402673,B,B,B,B,B,A,B,B
UNC25700338,A,A,B,A,A,B,B,B
UNC25700721,A,A,B,B,B,A,A,B
JAX00402712,B,B,A,A,A,A,A,B
UNC25701289,B,B,B,B,B,A,A,B
JAX00062623,B,B,A,B,B,A,A,B
backupUNC150475151,A,A,A,B,B,A,B,B
UNC25702152,A,A,B,B,B,B,A,A
UNC25702874,B,B,B,A,A,B,B,A
UNC25703930,A,A,A,A,A,B,A,A
UNC25704423,A,A,A,A,A,B,B,B
JAX00402791,B,B,B,B,B,A,A,B
UNC25705794,A,A,B,A,A,B,A,B
UNC25706608,A,A,A,B,A,A,A,A
JAX00402847,A,A,A,A,A,A,B,A
UNC25707409,A,A,A,A,A,B,B,A
UNC25708494,A,A,A,B,A,A,A,A
UNC150315172,B,B,A,A,B,A,A,A
UNC25709471,B,B,A,A,B,B,A,B
UNC25709947,B,B,B,B,B,A,A,A
UNC25710514,A,A,A,A,A,B,A,B
UNC25711891,B,B,A,A,B,A,A,B
JAX00402914,B,B,B,B,B,B,A,B
UNC25712602,B,B,A,A,B,B,B,B
JAX00062683,B,B,A,A,B,A,A,B
JAX00402942,B,B,A,A,B,A,A,B
UNC150209098,A,A,B,B,A,B,-,B
UNC25714451,B,B,A,B,B,B,A,B
UNC25715521,B,B,A,B,B,A,A,A
UNC25716381,B,B,A,A,B,A,B,A
UNC25716900,A,A,B,B,A,B,B,A
UNC25717559,A,A,B,A,A,A,A,A
B6_rs32286262,B,A,B,B,B,B,B,B
JAX00403075,B,B,B,B,B,A,B,B
UNC150209753,A,A,B,B,A,A,B,A
JAX00403081,B,B,B,B,B,B,A,B
UNC25718514,A,A,A,A,A,B,B,B
UNC25719074,B,B,B,B,B,A,B,A
UNC25719827,B,B,B,B,B,A,A,B
UNC25720474,A,A,A,A,A,B,B,A
UNC25721163,A,A,A,A,A,B,B,B
UNC25721976,A,A,A,B,A,A,A,A
UNC25722458,A,A,A,A,A,B,A,B
UNC25723505,A,A,A,A,A,B,B,A
UNC25723725,A,A,A,A,A,B,B,A
UNC25723869,B,B,B,B,B,A,A,A
UNC25724089,B,B,B,B,B,A,A,A
UNC25724331,B,B,B,B,B,A,B,B
UNC25724822,A,A,A,A,A,B,B,A
UNC25725031,B,B,B,B,B,A,A,A
UNC25725265,B,B,B,B,B,A,A,A
UNC25725797,B,B,B,B,B,A,A,B
UNC25726013,B,B,B,B,B,A,A,A
UNC25726164,B,B,B,B,B,A,A,A
UNC25726328,A,A,A,A,A,A,B,B
backupJAX00062769,A,A,A,A,A,B,B,B
UNC25726648,B,B,B,B,B,A,A,B
UNC25726834,B,B,B,B,B,A,A,A
UNC25726947,B,B,B,B,B,A,A,A
UNC25727089,B,B,B,B,B,B,A,A
UNC25727477,A,A,A,A,A,B,B,B
UNC25727639,B,B,B,B,B,A,A,B
UNC25727745,A,A,A,A,A,B,B,B
UNC25727827,B,B,B,B,B,A,A,A
UNC25728260,A,A,A,A,A,B,A,B
UNC25728442,B,B,B,B,B,A,A,A
UNC25728634,B,B,B,B,B,A,A,B
UNC25728911,A,A,A,A,A,B,B,B
UNC25729194,A,A,A,A,A,B,B,B
UNC25729338,B,B,B,B,B,A,B,B
UNC25730426,A,A,A,A,A,B,B,A
UNC25730942,B,B,B,B,B,A,A,A
UNC25731690,A,A,A,A,A,B,B,B
UNC25731982,A,A,A,A,A,B,A,B
UNC25732986,B,B,B,B,B,A,A,A
UNC25733449,B,B,B,B,B,A,A,B
JAX00062815,A,A,A,A,A,B,B,B
UNC25734530,A,A,A,A,A,B,B,B
UNC25734815,B,B,B,B,B,A,B,B
UNC25735466,B,B,B,B,B,A,A,A
UNC25735771,A,A,A,A,A,B,B,A
UNC25736245,B,B,B,B,B,A,A,A
UNC25736605,B,B,B,B,B,A,A,A
UNC25736999,B,B,B,B,B,A,B,B
UNC25737611,A,B,B,B,B,B,B,B
JAX00062845,B,A,A,A,A,B,B,A
JAX00062846,A,B,B,B,B,B,B,B
UNC25738733,B,A,A,A,A,B,B,B
UNC25739578,B,A,A,A,A,B,B,B
UNC25740224,B,A,A,A,A,A,B,B
UNC25740759,A,A,A,A,A,B,B,B
UNC25741372,B,A,A,A,A,B,B,A
UNC25742218,A,B,B,B,B,A,A,B
UNC25742805,A,B,B,B,B,A,A,A
UNC25743099,A,A,A,A,A,B,-,A
UNC25743254,B,A,A,A,A,A,A,A
UNC25743558,A,A,A,A,A,B,A,A
UNC25744084,A,A,A,A,A,B,B,A
UNC25744867,B,A,A,A,A,B,B,B
UNC25745472,B,B,B,B,B,A,A,A
UNC25746170,A,B,B,B,B,A,A,A
backupUNC150375249,A,B,B,B,B,B,A,A
UNC25746786,B,B,B,B,B,A,B,A
UNC25747791,B,A,A,A,A,B,B,A
UNC25748532,A,B,B,B,B,A,A,A
UNC25749042,B,B,B,B,B,A,A,A
backupUNC150376011,B,A,A,A,A,A,B,B
UNC25750286,B,A,A,A,A,B,B,B
UNC25750845,A,A,A,A,A,B,A,B
UNC25751663,A,B,B,B,B,A,A,B
UNC25752587,B,A,A,A,A,B,B,B
UNC25752905,B,B,B,B,B,A,A,A
UNC25754071,B,A,A,A,A,B,B,B
UNC25754974,A,B,B,B,B,A,B,B
UNC25756099,A,B,B,B,B,A,A,A
UNC25756805,A,B,B,B,B,B,A,A
UNC25757731,B,A,A,A,A,B,B,B
UNC25758594,A,A,A,A,A,B,A,B
UNC25758948,A,A,A,A,A,B,B,B
UNC25759389,A,B,B,B,B,B,B,B
UNC25760060,B,B,B,B,B,A,A,B
UNC25760905,A,A,A,A,A,B,A,A
backupJAX00062978,B,A,A,A,A,B,B,A
UNC25761635,A,A,A,A,A,B,B,B
UNC25762343,A,B,B,B,B,A,A,B
UNC25762776,B,A,A,A,A,B,B,B
JAX00403711,A,A,A,A,A,A,A,B
UNC25763732,B,A,A,A,A,B,B,B
UNC25764154,B,B,B,B,B,A,B,B
backupUNC150482030,A,A,A,A,A,B,B,B
UNC25764530,A,A,A,A,A,B,B,A
UNC25765241,A,A,A,A,A,B,B,B
UNC25765605,B,B,B,B,B,A,A,A
UNC25766172,A,A,A,A,A,B,B,A
UNC25766769,A,A,A,A,A,B,A,A
UNC25767046,A,B,B,B,B,B,B,B
UNC25767783,B,B,B,B,B,A,A,A
JAX00063020,B,B,B,B,B,A,B,B
UNC25768388,B,B,B,B,B,A,A,A
UNC25768998,A,A,A,A,A,B,B,A
JAX00403805,A,A,A,A,A,A,B,A
UNC25770270,B,A,A,A,A,B,B,B
JAX00403811,A,A,A,A,A,A,A,B
UNC25770849,B,B,B,B,B,A,A,A
backupUNC150378246,B,A,A,A,A,-,-,B
UNC25771319,B,A,A,A,A,B,B,B
UNC25772260,B,B,B,B,B,A,B,A
UNC25772970,B,B,B,B,B,A,A,B
UNC25773728,A,B,B,B,B,A,A,A
JAX00403873,B,B,B,B,B,B,A,B
UNC25774459,B,A,A,B,A,A,B,B
JAX00403896,B,A,A,B,A,B,B,B
backupUNC150378897,B,A,A,B,A,A,B,B
JAX00403900,B,A,A,B,A,A,B,A
JAX00063062,A,B,B,A,B,A,A,B
UNC25775543,B,A,A,B,A,B,B,A
UNC25776424,B,B,B,B,B,A,A,B
UNC25776976,B,B,B,B,B,A,B,B
UNC25777607,B,A,A,B,A,A,B,B
UNC25778145,B,B,B,B,B,A,A,B
UNC25778744,B,B,B,B,B,A,A,B
UNC25779554,B,A,A,B,A,A,A,A
UNC25779730,A,A,A,A,A,B,A,A
UNC25780347,B,A,A,B,A,A,A,A
UNC25780656,B,B,B,B,B,B,B,A
UNC25781488,A,A,A,A,A,B,B,A
UNC25781929,B,B,B,B,B,A,A,A
UNC25782736,A,B,B,A,B,A,B,B
UNC25783412,A,B,B,A,B,A,A,B
UNC25784137,A,B,B,A,B,A,A,B
UNC25784829,A,B,B,A,B,A,B,A
UNC25785598,A,B,B,A,B,B,B,A
UNC25786401,B,B,B,B,B,A,B,A
UNC25786892,A,A,A,A,A,B,B,A
UNC25787592,A,A,A,A,A,B,B,B
UNC25788093,B,B,B,B,B,A,A,A
JAX00404086,B,B,B,B,B,A,B,B
UNC25788670,A,B,B,A,B,B,B,A
UNC25789143,A,B,B,A,B,A,B,A
JAX00404102,B,A,A,B,A,A,A,B
UNC25789486,B,A,A,B,A,A,B,B
UNC25790548,B,A,A,B,A,A,B,B
UNC25791266,A,A,A,A,A,B,A,B
UNC25791646,A,A,A,A,A,B,B,A
UNC25792195,A,A,A,A,A,B,B,B
UNC25793479,B,A,A,B,A,B,B,B
UNC25794225,A,A,A,A,A,B,A,B
UNC25794828,B,A,A,B,A,B,B,A
UNC150210668,B,A,B,B,A,B,A,B
UNC25796745,B,A,B,B,A,B,A,A
UNC25797124,A,B,B,A,B,B,B,B
UNC25797923,A,B,A,A,B,B,A,A
backupUNC150438000,A,A,A,B,B,B,A,A
UNC25798621,A,A,A,B,B,B,B,A
UNC25799076,B,B,B,B,A,A,B,A
JAX00404286,A,A,A,B,A,A,A,B
UNC25799626,A,A,A,B,B,A,A,B
UNC25800460,A,A,A,B,B,A,B,B
JAX00404321,B,B,B,A,A,B,B,A
UNC25801677,A,A,A,B,B,B,A,B
UNC25802084,A,A,A,A,A,A,A,B
UNC25803122,B,B,B,B,A,B,A,B
UNC25803375,B,B,B,A,A,A,A,A
JAX00404354,B,B,B,B,B,A,B,B
UNC25804183,B,B,B,B,A,A,A,B
UNC25804761,B,B,B,B,A,A,B,B
JAX00404370,B,B,B,B,B,A,A,B
JAX00404378,B,B,B,B,A,A,A,B
UNC25805470,A,A,A,A,B,B,B,B
UNC25806117,A,A,A,B,A,B,B,B
UNC25807129,A,A,A,B,B,B,B,A
UNC25807332,A,A,A,B,B,A,A,B
UNC25808397,A,A,A,B,A,B,A,A
UNC25808783,A,A,A,B,A,A,B,A
UNC25809709,B,B,B,A,B,A,A,A
UNC25810450,A,A,A,B,A,B,B,B
UNC25811353,B,B,B,A,A,A,B,A
UNC25812078,B,B,B,A,A,A,A,B
UNC150489429,A,A,A,B,B,B,-,B
UNC25812509,B,B,B,B,A,A,A,A
UNC25813436,A,A,A,B,A,B,B,B
UNC25814157,A,A,A,A,A,B,B,A
UNC25814767,B,B,B,B,B,A,B,B
UNC25815626,A,A,A,A,A,B,B,B
UNC25816949,A,A,A,A,B,B,B,B
UNC25817488,B,B,B,A,A,A,A,A
UNC25818320,A,A,A,B,B,B,B,A
UNC150380877,B,A,A,A,A,B,B,B
UNC25819615,B,B,B,B,B,A,B,A
UNC25821265,B,B,B,B,B,A,A,A
UNC25822293,A,A,A,A,A,B,B,A
UNC25823228,A,A,A,A,A,B,B,B
UNC25825417,B,B,B,B,B,A,B,B
UNC25825937,A,A,A,B,A,A,A,A
UNC25828103,A,A,A,A,B,A,A,A
backupUNC150444015,A,A,A,A,B,A,B,B
UNC25828906,B,B,B,B,A,A,A,A
UNC25830622,A,A,A,A,B,A,A,B
UNC25832058,B,B,B,A,B,B,B,B
UNC25833423,A,A,A,A,B,A,B,A
UNC25835716,A,A,A,A,A,B,B,A
UNC150383032,A,B,B,A,A,A,A,A
UNC25837526,A,A,A,A,A,B,A,B
UNC25838997,A,A,A,B,B,B,B,A
UNC25840447,A,A,B,B,B,B,B,B
UNC25841065,B,B,B,B,A,B,B,A
JAX00063406,A,A,B,B,B,B,A,B
UNC25844109,B,B,A,A,A,B,A,B
UNC25844808,B,B,A,B,A,A,A,B
UNC25846461,A,A,A,A,A,A,A,B
UNC25846808,A,A,B,A,A,A,A,A
UNC150212987,B,A,B,A,A,-,-,B
UNC25847898,A,A,A,B,B,B,A,A
UNC25849731,A,A,A,B,A,B,B,A
UNC25850849,A,A,A,B,B,A,B,A
UNC25852247,B,B,A,B,B,B,B,A
JAX00405044,B,B,B,B,B,A,A,B
UNC25853346,B,B,A,A,A,A,A,B
UNC25853997,A,A,A,A,A,B,B,A
UNC25854909,B,B,B,B,A,B,B,B
UNC25855751,B,B,B,B,B,A,B,A
JAX00405115,A,B,B,B,B,B,B,A
UNC150445290,A,A,A,B,A,B,B,B
UNC25856906,A,A,A,B,A,B,A,A
UNC25857489,A,A,A,A,A,B,A,A
UNC25857842,A,A,A,B,A,B,B,B
UNC25858074,A,A,A,B,B,B,B,B
UNC25858364,A,A,A,B,B,B,B,A
UNC25858557,A,A,A,B,B,A,A,A
UNC25859029,A,A,A,A,A,A,B,B
UNC25859254,A,A,A,A,B,B,B,B
UNC25859792,B,B,B,B,B,A,B,A
UNC25860125,B,B,B,B,B,A,A,B
UNC25860427,B,B,B,B,B,B,B,A
UNC25860660,A,A,A,A,A,B,B,A
UNC25860785,B,B,B,B,A,A,A,B
UNC25860892,B,B,B,B,B,A,B,B
UNC25861138,A,A,A,A,B,B,A,B
JAX00405247,B,B,B,B,A,B,B,A
UNC25861296,A,B,B,B,A,B,B,B
UNC25861457,A,B,B,B,A,A,B,A
UNC25861684,A,B,B,B,A,B,A,A
UNC25861919,B,A,A,A,A,A,A,B
UNC25862153,A,B,B,B,A,A,B,A
UNC25862351,B,B,B,B,B,B,A,A
UNC25862424,A,A,A,B,A,A,A,A
UNC25862701,B,B,B,B,B,A,A,B
UNC25862785,A,A,A,A,B,B,B,B
UNC25862906,B,A,A,A,A,A,A,A
UNC25863036,A,A,A,A,A,B,A,B
UNC25863221,A,A,A,A,A,B,B,B
UNC25863526,B,B,B,B,B,A,B,B
UNC25863874,B,B,B,B,A,A,A,A
UNC25864223,B,A,A,A,A,A,B,A
UNC150385279,A,B,B,B,B,A,A,B
UNC25864502,B,A,A,B,B,A,A,A
UNC25864651,A,A,A,B,A,A,A,A
UNC25864892,B,B,B,B,B,A,A,A
UNC25865047,B,A,A,B,B,B,B,A
UNC25865206,A,B,B,B,B,B,B,B
UNC25865397,B,B,B,B,B,A,B,B
UNC25865603,A,A,A,A,B,B,B,A
UNC25865842,B,B,B,B,B,B,B,A
UNC25866055,B,B,B,B,A,A,B,B
UNC25866212,B,B,B,B,B,A,A,B
UNC25866366,B,B,B,B,A,A,A,B
UNC25866463,B,B,B,B,A,A,B,B
UNC25866581,B,A,A,A,B,B,B,B
UNC25867686,B,A,A,A,B,B,B,A
backupUNC150385510,A,B,B,B,A,A,A,B
UNC25868004,B,A,A,A,A,B,A,B
JAX00063539,B,A,A,A,A,B,B,B
UNC25868932,B,B,B,A,A,A,A,A
JAX00063546,A,B,B,A,A,B,B,A
UNC25869929,B,A,A,B,B,A,A,B
JAX00405401,A,A,A,A,A,B,A,A
UNC25870399,A,A,A,A,A,A,A,B
backupUNC150386066,A,B,B,A,A,B,-,A
JAX00405405,A,A,A,A,A,A,B,A
UNC25872041,B,A,A,A,A,A,B,A
UNC25873166,B,B,B,A,A,A,A,A
UNC25873768,A,B,B,A,A,B,B,A
backupUNC150939081,A,A,A,A,A,B,B,B
UNC25875199,A,A,A,B,B,B,B,A
JAX00405482,B,B,B,B,B,A,A,B
UNC25875938,A,A,A,A,A,B,A,A
UNC25876260,B,B,B,A,A,B,B,A
UNC25876931,A,A,A,B,B,B,B,B
UNC25877710,A,A,B,A,A,B,B,A
JAX00405522,A,A,B,B,B,B,B,B
UNC25880337,B,B,A,A,A,A,A,B
UNC25880739,B,B,A,B,B,B,B,B
backupUNC150216499,B,B,A,A,A,A,A,B
UNC25882433,A,A,B,A,A,B,B,B
UNC25883237,A,A,A,B,B,B,A,B
UNC25884255,A,A,A,B,B,A,A,A
UNC25884929,A,A,B,A,A,A,A,A
UNC25885262,A,A,B,A,A,B,B,A
UNC25885369,B,B,B,A,A,B,B,A
UNC25885430,A,A,A,A,A,B,A,A
UNC25885571,A,A,B,A,A,A,A,A
UNC25885655,B,B,A,B,B,A,A,B
UNC25885728,A,A,B,A,A,B,B,A
UNC25885779,B,B,B,A,A,B,B,A
UNC25885902,A,A,B,A,A,A,B,A
UNC25885975,B,B,A,B,B,B,B,B
UNC25886099,A,A,B,A,A,B,B,A
UNC25886253,B,B,A,B,B,A,A,B
UNC25886321,A,A,A,B,B,A,A,B
UNC25886445,B,B,A,B,B,B,A,B
UNC25886541,B,B,A,B,B,B,B,B
UNC25886803,B,B,A,B,B,A,A,B
UNC25886871,A,A,B,A,A,B,B,A
UNC25887065,B,B,B,A,A,A,B,A
UNC25887159,A,A,A,B,B,A,A,B
UNC25887235,B,B,A,B,B,B,B,B
UNC25887479,B,B,A,B,B,B,A,B
UNC25887534,A,A,B,A,A,B,B,A
UNC25887611,A,A,B,A,A,B,B,A
UNC25887758,A,A,B,A,A,A,B,A
UNC25887889,B,B,A,B,B,A,B,B
UNC25888001,A,A,B,B,B,B,B,B
UNC25888076,B,B,B,A,A,B,B,A
UNC25888851,B,B,B,A,A,B,B,B
UNC150297427,B,B,A,-,-,A,A,-
UNC25889067,B,B,B,A,A,A,B,A
JAX00405750,A,A,A,B,B,A,A,A
JAX00405760,B,B,B,A,A,A,B,B
JAX00405764,B,B,A,A,A,B,A,A
UNC25890255,A,A,B,A,A,A,A,A
UNC25890941,A,A,B,B,B,B,B,A
JAX00405819,B,B,B,B,B,B,B,A
UNC150944618,A,A,A,A,A,B,B,B
UNC25891768,B,B,A,B,B,A,A,A
UNC25892447,B,B,A,B,B,A,A,A
UNC25893276,B,B,B,A,A,A,B,A
JAX00405842,A,A,A,A,A,B,A,A
UNC25894209,B,B,A,A,A,B,B,A
UNC25894325,A,A,B,B,B,A,B,B
JAX00405866,A,A,A,A,A,A,A,B
UNC25894918,A,A,B,A,A,B,B,B
UNC25895704,B,B,A,B,B,B,A,B
UNC25896223,A,A,A,A,A,B,B,A
UNC25896563,B,A,A,A,A,A,A,A
UNC25896654,A,B,A,A,A,A,B,A
UNC150226248,A,A,B,B,B,A,B,B
JAX00063707,A,B,B,A,A,B,B,B
UNC25897565,A,A,A,A,A,B,B,B
UNC25898636,A,A,A,A,A,B,A,A
UNC25899008,A,B,B,B,B,B,B,A
UNC25899314,A,A,A,A,A,A,A,B
UNC25899852,B,B,B,B,B,B,A,B
UNC25900408,A,B,B,A,A,B,B,A
UNC25902773,B,B,B,A,A,A,B,A
UNC25903390,A,A,A,A,A,A,A,B
JAX00207571,B,B,B,B,B,B,A,B
UNC25904916,B,B,B,A,A,B,B,B
backupUNC150949848,A,A,A,B,B,B,B,B
UNC25905136,A,A,A,B,B,B,B,A
JAX00063755,B,B,B,B,B,A,A,B
JAX00063756,A,A,A,B,B,B,B,A
UNC25905927,B,B,B,A,A,A,A,A
UNC25906657,A,A,A,A,A,B,B,B
UNC25907578,A,A,A,B,B,B,B,A
JAX00406072,A,A,A,A,A,B,A,A
JAX00063774,B,B,B,A,A,B,B,A
backupJAX00406077,B,B,B,A,A,B,A,A
UNC25908151,B,B,B,A,A,A,B,A
UNC25908722,A,A,A,B,A,A,A,B
UNC25909242,A,A,A,B,A,B,B,B
UNC25909655,B,B,B,A,B,B,B,B
UNC25910186,A,A,A,A,A,B,A,A
UNC25910530,A,A,A,B,A,B,B,B
UNC25910966,A,A,A,B,A,B,B,A
JAX00406117,A,A,A,B,A,A,A,B
JAX00406119,B,B,B,B,B,A,B,B
UNC25911682,A,A,A,A,A,B,B,B
UNC25912246,A,A,A,B,A,B,A,B
UNC25913167,B,B,B,A,A,B,A,B
UNC25913658,A,A,A,B,B,B,B,A
UNC25914093,B,A,A,B,B,B,A,A
JAX00406185,B,B,B,B,B,A,A,B
backupUNC150389628,A,B,B,B,B,A,A,B
UNC25914598,B,B,B,A,A,B,A,A
UNC25914949,B,B,B,A,A,A,B,A
UNC25915520,A,B,B,B,B,B,A,A
backupJAX00406224,B,B,B,A,A,A,A,B
UNC25915870,B,A,A,B,B,B,A,B
UNC25916247,B,A,A,B,B,A,A,B
UNC25917151,A,B,B,A,A,A,B,B
JAX00063853,B,A,A,A,A,B,B,A
UNC25917853,B,B,B,A,A,A,A,B
UNC25918068,A,A,A,B,B,A,A,B
UNC25919222,B,B,B,A,A,A,A,A
UNC151171175,B,B,B,A,A,B,B,A
UNC25920141,B,A,A,B,B,A,A,B
UNC25920540,B,B,B,A,A,A,B,A
JAX00406321,B,B,B,A,A,A,A,B
JAX00406330,A,A,A,B,B,B,B,A
UNC25920985,B,B,B,A,A,B,B,B
UNC25921121,A,B,B,A,A,A,B,B
JAX00063879,A,B,B,A,A,A,A,B
UNC25921510,A,B,B,A,A,A,A,A
UNC25921949,A,A,A,B,B,B,B,A
JAX00063889,B,B,B,A,A,B,A,B
UNC25922623,B,B,B,A,A,A,B,B
UNC150390748,A,B,B,-,-,B,A,A
JAX00406382,B,B,B,B,B,B,A,B
UNC25925105,A,A,A,A,A,-,B,A
UNC25925379,B,B,B,B,B,A,B,B
JAX00406409,A,A,A,B,B,A,A,B
UNC25926370,B,A,B,B,B,B,B,B
UNC150297789,A,B,A,A,A,A,A,A
JAX00406422,B,B,B,A,A,A,A,A
UNC25926903,B,B,B,A,A,A,A,B
JAX00406430,B,B,B,B,B,B,B,A
UNC25927601,B,B,B,B,B,A,A,B
JAX00406434,A,A,A,A,A,A,B,A
UNC25928419,A,A,A,A,A,A,B,B
UNC25929278,B,A,A,A,A,B,A,B
UNC25929576,A,A,B,B,A,A,A,A
JAX00406468,B,A,B,B,B,A,A,A
UNC25930440,B,A,B,B,B,A,A,B
UNC150227305,B,A,B,B,B,A,A,A
UNC25932238,A,B,A,A,A,B,A,B
JAX00406522,A,B,A,A,B,A,A,A
UNC25933388,A,B,A,A,B,A,A,B
UNC25934124,B,B,B,B,B,A,A,A
JAX00406581,B,B,B,A,A,A,B,A
JAX00406586,A,A,A,B,B,B,B,B
UNC25935786,B,A,B,B,A,A,B,A
UNC25937585,B,A,B,A,B,A,A,B
JAX00406640,A,A,A,A,A,B,B,A
UNC25938707,A,B,A,B,B,A,B,A
UNC150229103,A,B,A,A,B,A,B,A
UNC25940545,A,B,B,B,A,A,A,A
JAX00064005,A,B,B,B,B,A,A,A
JAX00064006,A,B,B,B,B,A,A,A
UNC25941426,A,A,A,A,A,A,B,B
UNC25942378,B,B,A,A,B,A,A,B
UNC25943263,B,B,B,B,A,B,B,B
UNC25944543,A,B,B,B,B,B,A,B
UNC25945860,A,A,B,B,A,A,B,A
UNC25947582,A,A,A,A,B,B,B,B
backupUNC150393474,A,B,B,B,A,B,A,A
UNC25949424,A,B,A,A,B,B,B,B
UNC25950161,A,B,A,A,B,A,A,B
JAX00406844,A,A,A,A,A,B,B,A
UNC25951190,B,B,A,A,B,A,A,B
UNC25951716,B,A,B,B,A,B,A,A
UNC25952515,B,A,B,B,B,A,B,B
UNC150231490,B,A,B,B,A,A,B,A
JAX00064085,A,B,B,B,B,B,B,B
UNC25955248,B,A,A,A,A,B,A,B
UNC25955430,A,A,B,B,B,B,A,A
JAX00406935,B,B,B,B,B,B,B,A
JAX00406937,A,B,A,A,A,A,B,B
UNC25958263,A,A,B,B,A,A,A,A
UNC25959111,B,B,B,B,B,B,B,A
JAX00407017,A,B,A,A,A,A,B,A
UNC25960296,A,A,A,A,A,B,B,A
JAX00407032,A,B,A,A,A,B,B,A
UNC150394441,A,B,B,A,A,A,B,A
UNC25961904,B,A,B,B,B,A,B,B
UNC25963040,B,B,B,B,A,B,B,A
UNC25963524,A,B,B,A,B,B,B,B
UNC25965081,A,A,A,A,A,B,A,B
UNC25967020,A,B,A,A,A,A,A,A
UNC25967395,A,A,B,A,A,A,A,A
UNC150234597,A,B,A,A,B,B,B,B
UNC25968017,B,B,B,B,A,A,A,B
JAX00064167,A,A,A,A,A,A,B,B
UNC25969017,A,A,A,A,A,B,A,B
JAX00064172,B,A,A,B,A,B,B,A
JAX00407170,A,B,B,A,B,B,B,B
UNC25969833,A,B,B,A,B,A,A,B
JAX00407178,A,A,A,A,A,B,A,A
JAX00407186,B,A,A,B,A,B,B,B
UNC25970881,A,A,A,A,A,B,B,B
UNC25972085,A,B,B,A,A,B,B,A
JAX00407208,B,B,B,B,B,A,B,B
UNC25972798,B,B,B,B,B,A,B,B
UNC25972890,B,B,B,B,A,B,B,A
UNC25972922,A,A,A,A,A,A,A,B
UNC25972959,A,A,A,A,B,B,B,B
UNC25973007,A,A,A,A,A,B,A,A
UNC25973055,A,A,A,A,A,B,B,A
UNC25973107,A,A,A,A,B,B,B,B
JAX00407218,A,A,A,A,B,A,A,B
UNC25973138,B,B,B,B,A,A,A,A
UNC25973192,A,A,A,A,B,A,A,A
UNC25973260,B,B,B,B,B,A,B,B
UNC25973376,B,B,B,B,A,A,A,B
UNC25973421,A,A,A,A,B,B,B,A
UNC25973466,A,A,A,A,A,B,B,A
UNC25973508,A,A,A,A,A,B,A,A
UNC25973551,A,A,A,A,B,A,A,A
UNC25973607,B,B,B,B,B,A,A,B
UNC25973704,B,B,B,B,B,B,B,A
UNC25973732,A,A,A,A,A,B,A,A
UNC25973818,B,B,B,B,A,A,A,B
UNC25973914,B,B,B,B,A,A,A,B
UNC25974109,A,A,A,A,B,B,A,A
UNC25974321,B,B,B,B,B,A,A,B
UNC25974347,B,A,A,B,A,A,B,B
backupJAX00064201,A,B,B,A,B,B,B,A
UNC25975145,B,B,B,B,B,A,A,B
UNC25975477,A,B,B,A,B,B,B,B
UNC25975972,B,A,A,B,A,A,A,B
UNC25976499,B,A,A,B,B,B,A,B
JAX00064220,A,B,B,A,A,B,B,A
UNC25976907,A,B,B,A,A,B,B,B
UNC25977211,B,B,B,B,B,B,A,B
UNC25977519,B,A,A,B,B,A,A,B
JAX00407292,A,A,A,A,A,B,A,A
UNC25977814,B,A,A,B,B,B,B,B
UNC25978121,B,A,A,B,B,A,A,B
UNC25978493,B,A,A,B,B,A,B,A
UNC25979529,A,B,B,A,A,B,B,B
UNC25979938,A,B,B,A,A,B,A,B
JAX00064245,A,B,B,A,A,A,A,B
UNC25980781,B,B,B,B,B,B,A,A
JAX00064248,A,B,B,A,A,A,B,B
UNC25981051,A,B,B,A,A,A,A,B
UNC25981491,B,B,A,B,B,B,B,B
UNC25981640,A,B,B,A,A,B,B,B
JAX00064257,B,B,B,B,B,A,A,B
UNC25982638,A,A,A,A,A,B,A,A
UNC25983019,A,A,A,A,A,B,B,A
UNC25983314,A,B,A,A,A,A,A,B
JAX00064265,B,A,B,B,B,A,A,A
UNC25983757,B,A,B,B,B,A,A,B
JAX00407384,A,A,A,A,A,A,B,A
JAX00407391,B,B,B,B,B,A,B,B
UNC25984548,A,A,A,A,A,B,B,B
UNC25984761,B,B,B,B,B,A,B,B
UNC25984864,B,B,B,B,B,A,A,A
UNC25985735,B,B,B,B,B,A,A,B
UNC25986152,A,A,A,A,A,B,B,B
UNC25986531,A,A,A,A,A,B,A,B
UNC25987024,A,A,A,A,A,B,B,B
UNC25987404,A,A,A,A,A,B,B,A
UNC25987566,B,B,B,B,B,A,A,A
UNC25987748,B,A,B,B,B,A,A,A
UNC25988106,A,B,A,A,A,A,B,A
UNC150318463,A,B,A,A,A,B,B,A
UNC25988278,A,B,A,A,A,B,B,A
JAX00064311,B,B,B,B,B,A,B,B
JAX00407487,A,A,A,A,A,A,A,B
UNC25988556,A,A,A,A,A,B,B,B
UNC25988894,A,A,B,A,A,B,A,B
backupUNC150396514,A,B,B,A,A,A,B,A
JAX00407505,A,A,A,B,A,A,A,A
UNC25989251,A,A,A,A,A,B,B,A
UNC25989626,B,A,A,B,B,A,A,A
UNC25989805,A,A,B,A,A,B,B,B
UNC25990797,B,B,B,B,B,A,B,B
UNC25991014,B,B,B,B,B,A,A,B
UNC25991205,B,B,B,B,A,B,B,B
UNC25991581,A,A,A,A,A,A,B,A
UNC25991833,A,A,A,A,B,B,B,A
UNC25992043,A,A,A,A,B,B,B,A
UNC25992213,B,B,B,B,B,B,B,A
UNC25992371,B,B,B,B,B,A,B,B
UNC25992810,B,B,B,B,B,A,A,B
UNC25993282,B,B,A,B,B,A,A,B
JAX00064353,B,B,A,B,B,A,B,B
UNC25993862,A,A,A,A,B,A,A,A
UNC25994203,A,A,B,A,B,B,B,B
UNC25995040,A,A,A,A,B,B,A,A
JAX00407606,A,A,B,A,A,A,A,A
UNC150236504,A,A,B,A,B,B,B,B
UNC25995573,B,B,B,B,B,A,A,A
UNC25996155,B,B,A,B,B,A,A,B
UNC25996364,B,B,A,B,A,A,A,A
UNC25997066,B,B,A,B,B,A,A,A
UNC25998245,B,B,B,B,B,A,A,B
UNC25998951,B,B,A,B,A,B,B,B
UNC26000177,B,B,B,B,B,A,B,A
backupUNC150237238,A,A,B,A,B,B,A,A
UNC26000612,A,A,B,A,B,B,B,A
JAX00407676,B,B,B,B,B,B,A,B
UNC26001230,A,A,B,A,B,A,A,B
UNC26001793,B,B,A,B,B,A,A,A
UNC26002868,B,B,B,B,B,A,A,A
UNC26003333,A,A,A,A,A,B,A,A
UNC26003852,A,B,A,A,A,A,A,B
UNC26004349,B,A,A,B,B,A,A,B
UNC26004487,B,B,A,B,B,B,B,B
UNC26005404,A,B,A,A,A,B,B,B
UNC26005921,A,A,A,A,A,A,B,A
UNC150396688,B,A,A,B,B,B,B,B
UNC26006524,B,B,A,B,B,A,A,B
UNC26006896,B,A,B,B,B,B,B,B
UNC26007262,A,A,B,A,A,A,B,B
JAX00064420,A,B,A,A,A,A,A,B
UNC26008115,B,B,A,B,A,B,B,B
UNC26008407,B,B,A,B,B,A,B,A
JAX00407769,A,A,B,A,A,B,A,A
UNC26008865,B,A,A,B,A,A,A,A
UNC26009510,B,B,A,B,B,A,A,B
UNC26010741,A,A,A,A,B,B,B,B
UNC26011349,A,B,B,A,B,B,A,B
UNC26011862,A,B,A,B,B,A,A,B
UNC26012417,B,A,B,A,A,A,B,B
UNC26013484,A,A,A,B,A,B,B,A
UNC26013684,B,A,B,B,B,A,A,A
UNC26013951,B,B,B,B,B,B,B,A
UNC26014659,A,A,A,A,B,B,B,A
UNC26015286,A,A,A,B,A,A,B,A
JAX00064456,A,A,A,B,B,B,B,A
UNC26015464,A,A,A,B,B,A,A,A
UNC26016076,B,A,B,B,B,B,B,B
UNC26016720,A,A,A,A,A,A,B,B
UNC26017112,B,B,B,B,B,A,A,B
UNC26017501,B,B,B,A,B,A,B,A
UNC26017867,B,B,B,A,B,A,A,A
UNC26018259,A,A,A,B,A,A,A,B
UNC26018757,A,A,A,A,A,B,A,B
JAX00407935,A,A,A,A,A,B,A,A
UNC26019448,B,B,B,A,B,A,A,A
UNC26019671,B,A,B,B,B,B,A,A
JAX00407949,A,B,A,A,A,A,A,A
UNC26020190,B,A,B,A,A,A,A,A
UNC26020619,B,A,B,B,A,A,A,B
UNC26020827,B,B,B,B,A,B,B,A
JAX00407969,B,B,B,B,A,A,A,A
UNC26021575,B,B,B,B,A,A,A,A
UNC26022086,A,B,A,B,B,B,B,B
UNC26022373,B,B,B,A,B,B,A,A
UNC26022700,B,A,A,B,A,B,A,A
UNC26023114,A,A,A,A,A,B,B,A
UNC26023431,A,B,B,A,A,B,A,A
JAX00408035,A,A,B,A,A,A,A,B
UNC26023933,B,B,A,B,B,A,B,A
UNC26024002,B,A,A,B,B,A,A,A
backupUNC150240932,B,A,B,B,B,A,A,A
UNC26024901,B,A,A,B,A,B,B,A
UNC26025473,B,B,A,B,B,A,A,A
UNC26026245,B,A,A,B,B,A,A,B
UNC26026941,B,A,A,B,A,A,B,B
UNC26027578,A,B,B,A,B,A,B,A
UNC26028091,A,B,A,A,B,B,A,B
UNC26028766,A,B,B,A,A,A,B,B
UNC26029725,B,B,B,B,A,A,A,A
UNC26029956,A,B,B,A,A,B,B,A
UNC26030791,B,A,A,B,A,A,B,A
UNC151172887,B,A,A,B,A,A,B,B
UNC26031146,A,A,B,A,B,B,B,A
UNC26032247,B,A,A,B,A,A,B,B
JAX00408252,B,B,B,B,B,B,A,B
UNC26032627,B,B,B,B,B,B,B,A
UNC26033089,A,B,B,A,B,B,B,A
UNC26033460,A,B,B,A,B,A,B,A
UNC26033673,A,B,B,A,B,-,A,A
JAX00408295,B,B,B,B,B,A,B,B
UNC26034261,B,B,B,B,B,B,B,A
UNC26034410,A,B,B,A,B,B,A,A
UNC26035128,B,A,A,B,A,A,A,B
backupUNC150400382,A,B,B,A,B,A,A,B
UNC26036064,B,A,B,A,B,A,B,A
JAX00064578,A,B,A,B,A,B,B,B
UNC26036790,B,B,A,A,B,A,B,A
UNC26037062,B,B,B,A,B,B,B,B
UNC26037916,B,A,A,B,B,B,A,A
UNC26038128,A,A,B,A,B,A,A,A
UNC26038565,A,A,A,A,B,B,B,A
UNC26039186,B,B,A,B,B,A,B,A
JAX00408420,B,B,A,B,B,A,A,B
UNC26039325,B,B,B,B,B,A,A,A
UNC26039804,A,A,B,A,A,A,B,B
JAX00408463,A,A,B,A,A,A,B,A
UNC26040229,B,B,A,B,B,A,A,A
UNC26040360,B,A,A,B,B,A,A,A
UNC26040510,B,B,A,B,B,A,A,B
UNC26040668,B,B,B,B,B,B,A,A
UNC26040714,B,B,B,B,B,A,A,A
UNC26040874,A,A,A,A,A,B,B,A
UNC26041027,B,B,B,B,B,B,A,A
UNC26041146,A,A,A,A,A,B,B,B
UNC26041256,B,B,B,B,B,A,A,A
UNC26041394,B,A,A,B,B,A,A,A
UNC26041634,A,B,B,A,A,A,B,B
backupUNC150400877,B,A,A,B,B,A,A,A
UNC26041833,B,A,A,B,B,B,A,A
UNC26042016,B,A,A,B,B,A,B,A
UNC26042149,A,A,B,A,A,B,B,B
UNC26042256,B,B,A,B,B,B,B,B
UNC26042340,B,B,B,B,B,A,B,B
UNC26042588,A,A,B,A,A,A,A,B
UNC26042656,A,A,B,A,A,B,B,B
UNC26042753,B,B,A,B,B,A,A,A
UNC26042903,A,A,A,A,A,B,A,A
UNC26043015,B,B,B,B,B,B,B,A
UNC26043102,A,A,A,A,A,B,B,A
UNC26043260,A,A,A,A,A,B,B,B
UNC26043436,B,B,A,B,B,A,A,A
UNC26043532,B,B,B,B,B,A,B,A
UNC26043656,A,A,B,A,A,B,B,B
UNC26043704,B,B,A,B,B,A,A,B
JAX00408545,A,A,A,A,A,A,B,A
JAX00064619,B,B,A,B,B,B,B,A
UNC26043905,A,A,B,A,A,B,A,B
UNC26044146,A,A,B,A,A,A,A,B
UNC26044216,A,A,B,A,A,B,B,B
UNC26044338,A,A,A,A,A,B,A,A
UNC26044437,A,A,B,A,A,B,B,B
JAX00064624,B,B,A,B,B,B,B,A
UNC26044576,B,B,A,B,B,A,A,A
UNC26044787,B,B,B,B,B,A,A,B
UNC26044946,A,A,A,A,A,A,A,B
UNC26045074,B,B,B,B,B,A,B,A
UNC26045260,A,A,A,A,A,B,B,B
UNC26045297,A,A,A,A,A,B,B,B
UNC26045458,A,A,A,A,A,B,B,B
UNC26045626,A,A,A,A,A,B,B,A
UNC26045687,B,B,B,B,B,A,B,B
UNC26045784,A,A,A,A,A,A,B,B
UNC26046015,A,A,A,A,A,B,B,B
UNC26046089,B,B,B,B,B,A,A,B
UNC26046229,A,A,A,A,A,B,B,B
UNC26046291,B,B,A,B,B,A,A,A
UNC26046373,B,B,A,B,B,B,A,A
UNC26046518,A,A,B,A,A,B,B,B
UNC26046620,B,B,A,B,B,A,B,A
UNC26046765,A,A,B,A,A,A,A,A
UNC26046904,A,A,A,B,A,A,A,A
UNC26047084,A,A,A,A,A,B,B,A
JAX00064637,B,B,B,A,B,B,B,B
UNC26047193,A,A,B,A,A,A,A,B
UNC26047365,A,A,B,A,A,B,A,B
UNC26047694,B,B,A,A,B,A,A,B
UNC26047746,A,A,B,B,A,B,B,B
UNC26048071,A,A,A,A,A,B,B,B
UNC26048180,B,B,B,A,B,A,A,A
JAX00064642,A,A,A,B,A,A,A,A
UNC26048468,A,A,B,B,A,B,A,A
UNC26048539,A,A,A,A,A,B,B,A
UNC26048752,A,A,B,A,A,B,B,B
UNC26048887,A,A,B,A,A,B,B,B
JAX00408668,A,A,A,B,A,A,A,B
backupUNC150450325,B,B,B,A,B,A,B,A
UNC26049079,A,A,A,B,A,B,B,B
UNC26049346,A,A,B,B,A,A,-,B
UNC26049729,B,B,A,A,B,A,B,A
UNC26050257,A,A,B,B,A,B,A,B
UNC26050739,A,A,B,B,A,B,B,A
backupUNC150246358,B,B,A,A,B,A,B,B
UNC26050932,B,B,A,B,B,A,A,B
UNC26051400,A,A,B,A,A,A,B,B
UNC26051659,B,B,A,B,B,A,B,A
UNC26052345,B,B,A,A,B,A,A,B
UNC26052626,B,B,A,B,B,A,A,A
UNC26052842,B,B,B,A,B,B,B,B
UNC26053317,B,B,B,B,B,A,A,B
UNC26053773,B,B,B,B,B,A,B,A
UNC26053960,B,B,A,B,B,A,A,B
UNC26054532,A,B,A,A,B,A,B,B
UNC26054921,B,A,B,A,A,A,B,A
UNC26055369,A,A,A,B,A,A,B,B
UNC26055872,B,A,B,B,B,A,A,B
UNC26056286,A,A,A,A,A,B,B,B
UNC26056542,B,B,B,A,A,B,A,B
UNC26056952,A,B,A,B,A,A,A,B
JAX00064686,A,B,A,A,A,B,B,A
UNC26057169,B,A,B,B,B,B,A,B
JAX00408833,A,A,A,A,A,B,B,A
UNC26057671,B,B,B,B,B,A,A,B
UNC26058568,B,A,B,B,A,A,B,B
JAX00188155,A,B,A,A,A,A,A,A
UNC26059139,B,B,B,B,A,B,A,A
UNC26059537,B,A,B,B,B,A,A,B
UNC26059892,A,B,A,A,A,A,B,B
JAX00408903,B,A,B,B,B,A,A,A
UNC26060077,B,A,B,B,B,A,A,A
UNC26060473,A,B,A,A,B,B,A,B
JAX00408925,B,A,B,B,A,B,B,A
UNC26061031,B,A,B,B,A,A,A,B
backupUNC150248834,A,B,A,B,B,A,A,B
JAX00064707,A,A,A,A,A,B,B,A
UNC26061580,A,A,A,A,A,B,B,A
JAX00408961,A,A,A,A,A,A,A,B
UNC26062928,B,B,B,B,B,A,A,A
UNC26063400,A,A,A,A,A,B,B,B
UNC26063901,A,B,A,B,A,B,A,B
UNC26064119,A,A,A,A,A,B,A,A
UNC26064474,B,A,B,A,B,A,A,B
UNC150249010,A,B,A,B,A,B,A,A
JAX00064722,B,A,B,A,B,B,B,B
UNC26064879,B,B,B,B,B,A,A,B
UNC26065267,B,B,B,B,B,A,A,A
JAX00409002,B,B,B,B,B,A,B,B
UNC26065995,B,B,B,A,B,B,A,B
JAX00409015,A,A,A,A,A,A,B,A
UNC26066388,A,A,A,B,A,B,B,A
JAX00409032,A,A,A,B,A,A,A,A
UNC26066704,A,A,A,B,A,B,B,B
UNC26067099,B,B,B,A,B,A,-,A
UNC26067551,A,A,A,A,A,B,B,B
UNC26067745,B,B,B,B,B,B,A,A
UNC26068075,A,A,A,A,A,B,B,A
UNC26068317,B,B,B,B,B,A,A,B
UNC26068566,A,A,A,A,A,A,A,B
UNC26068634,B,B,B,B,B,A,A,B
JAX00064748,A,A,A,A,A,A,B,A
JAX00409075,A,A,A,A,A,A,B,A
UNC26069346,B,B,B,B,B,B,B,A
UNC26069506,B,B,B,A,B,B,A,B
UNC26069694,A,A,A,B,A,A,A,A
UNC26069905,A,A,A,B,A,B,B,A
backupJAX00409098,B,B,B,A,B,A,A,B
UNC26070615,B,B,A,B,B,A,A,A
UNC26070756,A,A,A,B,A,B,B,B
UNC26070943,A,A,A,B,A,A,B,A
UNC26071295,A,A,A,B,A,A,B,B
UNC26071383,A,A,B,B,A,B,B,B
UNC26071559,B,B,B,B,B,B,A,B
UNC26071728,B,B,A,B,B,B,B,B
UNC26071866,A,A,B,A,A,B,B,B
UNC26072102,A,A,B,B,A,B,A,A
UNC26072463,A,A,A,A,A,B,A,A
UNC26072617,A,A,A,A,A,B,B,A
UNC26072732,B,B,B,B,B,A,A,B
UNC26072862,A,A,A,B,A,A,A,A
UNC26073143,B,B,B,B,B,B,A,B
UNC26073252,B,B,B,B,B,B,A,B
UNC26073404,A,A,B,A,A,B,A,B
JAX00064794,B,B,B,B,B,B,A,B
UNC26073852,A,A,A,A,A,B,B,A
UNC26073946,A,A,A,A,A,B,A,A
JAX00064798,A,A,B,A,B,A,B,A
JAX00409174,B,B,B,B,B,B,A,B
UNC26074471,B,B,A,B,A,B,A,B
UNC26074629,A,A,B,A,B,A,A,A
UNC26074744,A,A,B,A,B,B,B,A
backupUNC150249559,A,A,B,A,B,B,A,A
backuprs46488659,B,B,A,B,A,A,A,A
UNC26075241,A,A,B,A,B,A,B,B
UNC26075533,B,B,B,B,B,A,B,B
JAX00409192,A,A,A,A,A,B,A,A
UNC26076051,B,B,B,B,B,A,A,B
UNC26076456,B,B,B,B,B,A,A,A
UNC26076691,A,A,A,A,A,B,B,B
UNC26077679,A,A,A,A,A,B,B,A
UNC26078000,A,A,A,A,A,B,B,A
UNC26078415,B,B,B,B,B,A,A,A
UNC26078811,B,A,B,B,B,B,A,B
JAX00188161,A,B,A,A,A,B,B,A
UNC26079147,B,A,B,B,B,A,A,A
UNC26079280,B,B,B,B,B,A,A,A
UNC26080088,B,B,B,B,B,A,A,B
UNC26080299,A,A,A,A,A,B,A,A
UNC26080542,B,B,B,B,B,A,A,A
JAX00409249,A,A,A,A,A,B,A,A
UNC26080924,B,B,B,B,B,A,B,A
UNC26081551,B,B,B,B,B,-,B,A
UNC26081930,B,B,B,B,B,A,A,B
UNC26082394,B,B,B,B,B,A,A,B
UNC26082803,A,A,A,A,A,B,B,A
UNC26083112,A,A,A,A,A,B,A,A
JAX00064853,A,A,A,A,A,A,A,B
UNC26083804,B,B,B,B,B,A,A,A
UNC26084171,A,A,A,A,A,B,B,B
UNC26084639,A,A,A,A,A,B,B,B
JAX00409307,A,A,A,A,A,A,B,B
UNC26085058,A,A,A,A,A,B,A,B
UNC26085509,A,A,A,A,A,B,B,A
UNC26086020,A,A,A,A,A,B,B,B
UNC26086430,A,A,A,A,A,B,B,B
JAX00409333,B,B,B,B,B,B,A,B
UNC26086968,A,B,A,A,A,B,A,B
JAX00409338,A,B,A,A,A,B,B,B
UNC26087265,A,B,A,A,A,B,B,B
UNC26087857,B,A,B,B,B,B,B,A
UNC26088083,B,B,B,B,B,A,A,A
UNC26088589,A,B,A,A,A,B,B,B
UNC26089153,B,A,B,B,B,A,B,A
UNC26089761,A,B,A,A,A,B,B,B
JAX00409358,A,A,A,A,A,B,B,A
JAX00409361,A,A,A,A,A,B,B,A
UNC26090266,B,B,B,B,B,B,-,A
UNC26090687,A,A,A,A,A,B,B,B
UNC26091210,B,B,B,B,B,A,A,A
JAX00207878,A,A,A,A,A,B,B,B
JAX00409378,A,A,A,A,A,A,A,B
UNC26091944,B,B,B,B,B,A,A,A
UNC26092344,A,A,A,A,A,B,A,B
UNC26092874,A,A,A,A,A,B,B,B
UNC26093457,A,A,A,A,A,B,B,B
UNC26093990,A,A,A,A,A,B,B,A
UNC26094441,B,B,B,B,B,A,A,A
UNC26094673,A,A,A,A,A,A,B,B
UNC26095357,B,A,B,B,B,A,A,A
UNC26095632,A,B,B,A,A,B,B,A
UNC26096211,A,A,B,A,A,B,B,B
UNC26097106,B,A,A,B,B,A,A,B
JAX00409452,A,A,A,A,A,A,A,B
UNC26098162,B,A,A,B,B,A,B,A
JAX00409463,A,A,A,A,A,A,B,A
UNC26099750,A,B,A,A,A,B,B,A
UNC26100291,B,B,A,B,A,A,A,A
UNC26101591,A,B,B,A,B,B,B,A
UNC26102870,B,A,A,B,A,A,B,B
UNC150252430,A,A,B,A,B,B,B,A
UNC26103281,A,B,A,A,A,B,B,B
UNC26104379,B,A,B,B,B,A,A,B
backupUNC150252878,A,B,A,A,A,B,B,B
JAX00409528,B,B,B,B,B,A,B,B
UNC26105975,A,A,B,A,B,B,A,A
UNC26106597,B,A,A,B,A,B,B,A
JAX00409577,B,B,B,B,B,A,A,A
UNC26109495,A,A,A,A,A,B,B,A
UNC26110175,B,B,B,B,B,A,B,-
UNC26111330,B,B,B,B,B,A,A,A
UNC26112174,B,A,B,B,B,A,A,A
backupUNC150254156,A,A,B,A,B,A,A,B
JAX00409635,A,A,A,A,A,A,A,B
UNC26114261,B,A,B,B,B,A,B,A
UNC26114934,B,B,A,B,A,A,B,B
UNC26115490,B,A,A,B,A,A,B,B
JAX00409690,B,A,A,B,A,B,B,B
UNC26115979,B,A,A,B,A,A,B,B
UNC26117399,A,A,B,A,B,B,A,B
UNC150402438,A,B,A,A,A,A,A,A
UNC26118052,B,A,A,B,A,B,B,A
UNC26118687,A,A,B,A,B,B,A,B
UNC26120007,B,A,A,B,A,A,B,B
UNC26120655,A,B,A,A,A,B,B,A
UNC26121554,A,B,A,A,A,B,A,A
UNC26122293,B,A,A,B,B,A,B,A
UNC26122681,A,B,B,A,A,A,A,A
UNC26122752,B,A,A,B,B,A,B,B
UNC26122812,A,B,B,A,A,B,A,A
UNC26122900,A,B,B,A,A,B,A,A
UNC26122974,B,A,A,B,B,B,B,B
UNC26123026,B,A,A,B,B,A,B,B
UNC26123085,A,A,B,A,A,A,A,A
UNC26123163,A,A,B,A,A,B,A,A
JAX00409816,A,A,B,A,A,B,A,A
UNC26123279,A,A,B,A,A,B,A,A
UNC26123389,B,A,A,B,B,A,B,B
UNC26123480,A,A,A,A,A,A,A,B
UNC26123565,B,B,A,B,B,B,B,B
UNC26123708,A,B,B,A,A,A,A,A
UNC26123795,A,B,B,A,A,B,A,A
UNC26123915,B,A,A,B,B,A,B,B
backupUNC150403504,B,A,A,B,B,B,B,B
UNC26123995,A,B,B,A,A,B,A,A
UNC26124068,B,B,A,B,B,B,B,B
UNC26124136,A,A,A,A,A,B,A,A
UNC26124203,B,A,A,B,B,A,B,A
UNC26124227,A,B,B,A,A,B,A,B
UNC26124349,B,A,A,B,B,A,B,A
UNC26124429,B,B,B,B,B,A,B,B
UNC26124488,A,B,A,A,A,A,A,B
UNC26124587,A,B,A,A,A,B,A,B
UNC26124684,B,A,B,B,B,A,B,A
UNC26124779,A,B,A,A,A,A,A,B
UNC26124872,B,B,B,B,B,A,B,A
UNC26125089,A,B,A,A,B,B,A,B
UNC26125468,A,A,A,A,A,B,A,B
UNC26125877,B,B,B,B,A,A,B,A
UNC26126120,A,A,A,A,B,B,A,A
UNC26126277,A,B,A,A,A,B,A,B
UNC26126728,A,B,A,A,A,B,A,B
UNC26126785,B,A,B,B,B,B,B,A
UNC26127090,B,A,B,B,A,A,B,B
UNC26127412,A,A,A,A,B,B,A,A
UNC26127571,A,A,A,A,A,A,A,B
UNC26127922,A,B,A,A,B,A,A,B
JAX00409887,A,B,A,A,B,A,A,B
UNC26128121,B,A,B,B,A,A,B,A
UNC26128309,B,B,B,B,A,B,B,B
UNC26128635,B,A,B,B,A,A,B,A
UNC26129014,B,A,B,B,A,A,B,A
UNC26129267,A,B,A,A,B,A,A,B
UNC26129587,A,B,A,A,B,B,A,B
UNC26129825,B,A,B,B,A,B,B,B
UNC26130180,B,A,B,B,A,A,B,A
UNC26130555,B,A,B,B,B,B,B,A
UNC150258053,A,B,A,A,A,A,A,B
UNC26130887,B,A,B,B,B,A,B,A
UNC26131039,A,B,A,A,A,B,A,B
UNC26131305,B,B,B,B,A,B,B,B
JAX00409942,A,B,A,A,A,B,A,B
UNC26131579,B,B,B,B,B,B,B,A
UNC26131759,A,B,A,A,A,A,A,B
UNC26132058,A,B,A,A,A,B,A,B
UNC26132263,A,B,A,A,A,A,A,A
UNC26132366,A,A,B,A,A,A,A,A
UNC150300586,B,A,B,B,B,-,B,A
UNC26133062,A,B,A,A,A,B,A,A
UNC26133218,A,B,A,A,A,A,A,A
UNC26133376,A,B,A,A,A,B,A,B
JAX00409975,B,A,B,B,B,B,B,B
UNC26133600,B,A,B,B,B,A,B,B
UNC26133925,A,B,A,A,A,B,A,B
UNC26134268,A,B,B,A,A,B,A,B
UNC26134480,A,A,B,A,A,B,A,A
UNC26135064,B,B,A,B,B,A,B,A
UNC26135525,B,A,A,B,B,B,B,A
JAX00410020,A,B,B,A,A,A,A,B
UNC26136186,B,A,A,B,B,A,B,B
JAX00410039,B,A,B,B,B,B,B,B
JAX00410049,B,B,A,B,B,A,B,B
UNC26136502,A,B,B,A,A,B,A,B
UNC26136812,B,A,B,B,B,A,B,A
UNC26137092,A,B,A,A,A,A,A,B
UNC26137372,A,B,A,A,A,B,A,B
JAX00410098,B,B,A,B,B,A,B,A
JAX00410101,B,A,B,B,B,B,B,B
UNC26137844,B,A,A,B,B,A,B,B
UNC26138207,A,B,B,A,A,B,A,B
UNC26138553,B,A,B,B,B,B,B,B
UNC26138568,B,B,B,B,B,A,B,B
UNC26138577,A,A,A,A,A,B,A,B
UNC26138583,B,A,B,B,B,A,B,A
UNC26138591,A,A,A,A,A,B,A,A
UNC26138604,B,B,B,B,B,A,B,B
UNC26138627,A,A,A,A,A,B,A,A
UNC26138658,B,B,B,B,B,A,B,B
UNC26138669,B,B,B,B,B,A,B,B
UNC26138681,B,B,B,B,B,B,B,A
UNC26138789,A,B,A,A,A,A,A,B
UNC26138890,B,A,A,B,B,A,B,A
UNC26138970,B,A,A,B,B,A,B,B
UNC26139048,A,B,A,A,A,B,A,A
UNC26139151,B,A,B,B,B,A,B,B
UNC26139289,B,A,B,B,B,B,B,A
UNC26139369,B,A,A,B,B,A,B,A
UNC26139405,A,A,B,A,B,A,A,A
UNC26139445,B,A,B,B,B,B,B,B
UNC26139534,A,B,B,A,B,B,A,B
UNC26139664,B,A,A,B,A,B,B,A
JAX00410136,A,A,A,A,A,B,A,A
UNC26139776,A,B,B,A,B,B,A,A
UNC26139889,A,A,B,A,B,B,A,B
UNC26139984,B,A,A,B,A,A,B,A
UNC26140129,B,B,A,B,A,B,B,B
UNC26140254,B,B,A,B,A,A,B,A
UNC26140293,B,A,B,B,B,A,B,B
UNC26140455,A,A,B,A,B,A,A,A
UNC26140693,B,B,A,B,A,A,B,A
UNC26140867,A,B,A,A,A,B,A,A
UNC26141001,B,B,B,B,B,A,B,A
UNC26141063,A,A,A,A,A,B,A,A
UNC26141165,A,A,A,A,A,B,A,B
UNC26141288,B,B,B,B,B,A,B,A
UNC26141337,B,B,B,B,B,A,B,A
UNC26141384,A,B,B,A,B,B,A,B
UNC26141504,B,B,B,B,B,A,B,B
UNC26141602,B,B,B,B,B,A,B,B
UNC26141641,B,B,B,B,B,A,B,B
UNC26141698,A,B,A,A,A,A,A,A
UNC26141927,B,A,A,B,A,A,B,A
UNC26142031,A,A,B,A,B,B,A,A
UNC26142082,B,B,A,B,A,B,B,B
UNC26142125,A,A,B,A,B,-,A,A
UNC26142311,A,A,B,A,B,B,A,A
JAX00410208,A,A,B,A,B,B,A,A
UNC26142452,A,B,B,A,B,A,A,A
UNC26142496,A,B,B,A,B,B,A,A
UNC26142983,B,B,B,B,B,A,B,A
UNC26143036,B,A,B,B,B,A,B,A
UNC26143489,A,B,A,A,A,B,A,B
UNC26143794,A,B,B,A,B,B,A,B
JAX00065153,B,A,B,B,B,A,B,B
UNC26144021,A,B,A,A,A,B,A,A
UNC150404814,B,A,B,B,B,B,B,B
UNC26144271,A,B,A,A,A,A,A,A
JAX00410250,A,B,A,A,A,B,A,A
JAX00065156,B,A,B,B,B,B,B,B
UNC26144628,A,B,A,A,A,B,A,A
UNC26144855,A,B,A,A,A,B,A,B
UNC26145370,A,A,A,A,B,A,A,A
UNC26145702,A,A,A,A,A,B,A,A
UNC26145870,A,A,A,A,A,B,A,B
UNC26146083,A,A,A,A,A,B,A,B
UNC26146307,A,A,A,A,A,B,A,A
UNC26146539,B,B,B,B,B,A,B,B
UNC26146781,B,B,B,B,B,B,B,A
UNC26147015,A,A,A,A,A,B,A,A
UNC26147198,A,A,A,A,A,B,A,A
UNC26147497,B,B,B,B,B,A,B,B
UNC26147735,A,A,A,A,A,B,A,A
UNC26148022,B,A,B,B,B,B,B,B
UNC26148280,A,B,A,A,A,B,A,B
UNC150261882,A,B,A,A,A,A,A,A
UNC26148622,B,A,B,B,B,A,B,B
JAX00065179,B,A,B,B,B,B,B,A
UNC26148789,A,B,A,A,A,B,A,B
UNC26148990,B,A,B,B,B,A,B,A
UNC26149226,B,B,B,B,B,A,B,A
UNC26149415,B,A,B,B,B,A,B,A
UNC26149655,B,A,B,B,B,A,B,B
UNC26150110,B,A,B,B,B,A,B,A
UNC26150289,B,A,B,B,B,A,B,A
UNC26150715,A,B,A,A,A,A,A,B
UNC26151042,A,B,A,A,A,B,A,B
UNC26151263,A,B,A,A,A,B,A,A
UNC26151582,B,A,B,B,B,A,B,A
UNC26151845,A,B,A,A,A,B,A,B
UNC26152116,A,B,A,A,A,A,A,B
UNC26152240,A,B,A,A,A,B,A,A
UNC26152657,B,A,B,B,B,A,B,A
UNC26153010,B,A,B,B,B,A,B,A
UNC26153299,B,A,B,B,B,A,B,A
UNC26153539,A,A,A,A,A,B,A,B
UNC26153845,B,B,B,B,B,A,B,B
UNC26154049,B,B,B,B,B,A,B,A
UNC26154460,A,B,A,A,A,A,A,A
UNC26154904,B,B,B,B,B,A,B,A
UNC26155086,A,A,A,A,A,B,A,A
UNC26155328,A,A,A,A,A,B,A,B
UNC26155728,B,B,B,B,B,A,B,A
UNC26155873,A,A,A,A,A,B,A,B
UNC26156050,B,B,B,B,B,A,B,A
UNC26156200,A,A,A,A,A,A,A,B
UNC26156368,B,B,B,B,B,A,B,B
UNC26156419,A,A,A,A,A,B,A,A
UNC26156465,B,B,B,B,B,A,B,B
UNC26156504,A,A,A,A,A,B,A,A
UNC26156539,B,A,B,B,B,B,B,A
UNC26156573,A,B,A,A,A,B,A,B
UNC26156672,A,B,A,A,A,B,A,B
UNC26156692,B,A,B,B,B,A,B,A
UNC26156756,B,A,B,B,B,A,B,A
UNC26156818,A,A,A,A,A,B,A,A
UNC26156845,B,B,B,B,B,A,B,B
UNC26156883,B,B,B,B,B,A,B,B
UNC26156906,B,B,B,B,B,A,B,B
UNC26156947,A,A,A,A,A,B,A,A
UNC26157002,A,A,A,A,A,B,A,A
UNC26157042,B,B,B,B,B,A,B,B
UNC26157102,B,A,B,B,B,B,B,B
UNC26157136,B,B,B,B,B,A,B,A
UNC26157188,A,A,A,A,A,B,A,A
UNC26157207,A,A,A,A,A,B,A,A
UNC26157507,B,A,B,B,B,A,B,B
UNC26157708,B,A,B,B,B,A,B,A
UNC26157891,A,B,A,A,A,B,A,B
UNC26158624,B,A,B,B,B,B,B,B
UNC26158928,B,A,B,B,B,A,B,B
UNC26159166,B,A,B,B,B,A,B,A
UNC26159429,A,B,A,A,A,B,A,B
UNC26159701,A,B,A,A,A,B,A,B
UNC26159967,A,B,A,A,A,A,A,A
UNC26160173,B,A,B,B,B,A,B,B
UNC26160377,A,B,A,A,A,B,A,A
UNC26160618,B,A,B,B,B,A,B,B
UNC26160965,B,B,B,B,B,B,B,A
UNC26161152,A,B,A,A,A,A,A,A
UNC26161465,A,B,A,A,A,B,A,B
UNC26161785,A,B,A,A,A,B,A,A
UNC26162028,B,A,B,B,B,A,B,B
JAX00410585,B,A,B,B,B,B,B,B
UNC26162219,A,B,A,A,A,B,A,A
UNC26162515,A,B,A,A,A,A,A,A
UNC26162846,A,B,A,A,A,B,A,A
UNC26163178,B,A,B,B,B,A,B,B
UNC26163351,B,A,B,B,B,A,B,B
UNC26163562,B,A,B,A,B,B,B,B
UNC26163824,B,A,B,A,B,A,B,B
JAX00065263,B,A,B,A,B,A,B,B
UNC26164515,B,B,B,B,B,A,B,A
UNC26165008,A,B,A,B,A,B,A,A
backupUNC150266470,B,A,B,A,A,A,B,B
UNC26165335,A,B,A,B,B,B,A,B
JAX00410646,B,B,B,B,A,B,B,A
UNC26165612,A,B,A,B,A,A,A,B
JAX00410663,A,A,A,A,A,B,A,A
UNC26166295,B,A,B,A,A,B,B,A
UNC26166710,A,A,A,A,B,A,A,B
UNC26167652,B,A,B,A,B,A,B,A
UNC26167715,B,B,B,B,B,B,A,B
UNC26168118,B,A,B,A,A,B,B,B
JAX00410733,A,B,A,B,B,A,A,A
UNC26168318,B,A,B,A,A,A,B,B
UNC26168665,B,B,B,B,B,A,B,A
UNC26169027,A,A,A,A,B,B,A,B
JAX00410772,B,B,B,B,A,B,B,A
UNC26169376,B,B,B,B,A,A,B,A
UNC26169695,A,A,A,A,A,B,A,A
UNC26170583,A,A,A,A,B,A,A,A
UNC26170938,A,B,A,B,B,A,A,B
JAX00410793,A,B,A,A,A,A,A,A
UNC150301257,A,B,A,A,A,B,A,A
UNC26171215,B,A,B,B,B,A,B,B
UNC26171675,A,B,A,A,B,A,A,B
UNC26171872,B,A,B,B,A,A,B,A
JAX00410812,A,A,A,A,B,B,A,B
UNC26172311,B,A,A,B,B,A,B,A
UNC26172613,A,B,A,A,A,B,A,A
UNC26172845,B,B,B,B,B,A,B,B
UNC26172975,A,A,B,A,A,A,A,A
UNC26173032,B,A,A,B,A,A,B,A
UNC26173193,A,A,A,A,A,B,A,A
UNC26173316,A,A,A,A,B,A,A,A
UNC26173397,A,A,A,A,A,B,A,A
UNC26173649,B,A,B,B,B,A,B,B
UNC26173722,B,A,B,B,B,B,B,B
UNC26173942,A,B,A,A,A,B,A,A
UNC26174861,B,A,B,B,B,A,B,B
UNC26175074,A,B,A,A,A,B,A,A
UNC26175503,A,B,B,A,B,B,A,B
UNC150268461,B,A,B,B,B,B,B,B
JAX00410901,A,A,A,A,A,B,A,A
UNC26176166,A,A,A,A,B,A,A,A
UNC26176457,B,A,B,B,B,A,B,A
UNC26176617,A,B,A,A,A,A,A,B
UNC26176802,B,B,A,B,B,B,B,B
UNC26177045,B,B,B,B,B,A,B,A
UNC26177240,A,A,B,A,B,B,A,B
UNC26177909,A,B,B,A,B,A,A,B
JAX00065348,A,A,A,A,A,B,A,A
UNC26178543,A,B,B,A,B,B,A,A
UNC26179418,A,B,A,A,A,B,A,B
UNC26179717,A,A,A,A,A,A,A,B
UNC26180065,A,A,A,A,A,B,A,A
UNC26180159,A,B,B,A,B,B,A,B
UNC26180422,B,B,B,B,A,A,B,A
UNC26180935,B,B,A,B,A,B,B,A
UNC26181231,B,B,A,B,A,A,B,B
UNC26181589,B,B,B,B,A,A,B,B
backupJAX00411073,A,A,A,A,B,B,A,B
UNC26182585,B,B,B,B,A,A,B,A
UNC26183257,A,A,B,B,B,B,B,B
UNC26183745,B,B,A,B,A,B,B,B
UNC26184287,B,B,B,B,A,B,A,A
UNC26184799,B,B,B,B,A,A,A,B
UNC26185136,A,A,B,A,B,B,B,B
UNC26185759,A,A,B,A,B,B,B,A
UNC26186050,B,B,A,B,A,A,B,B
UNC26187007,B,B,B,B,A,A,A,A
UNC26188192,A,A,B,B,A,A,B,A
UNC150270738,A,A,B,B,B,A,B,A
UNC26188823,A,B,B,B,B,A,B,A
UNC26189342,A,B,A,A,A,A,A,B
UNC26189770,B,A,B,A,B,A,B,B
UNC26190328,B,A,A,B,B,A,B,B
UNC26190765,A,B,B,A,A,A,B,A
UNC26191370,B,B,A,A,A,B,A,B
UNC26191501,A,A,B,B,A,B,B,B
UNC26192723,A,A,A,A,B,A,B,A
UNC26193069,B,A,B,A,B,A,B,B
UNC150271966,B,B,A,B,A,A,B,A
UNC26193538,A,B,-,B,A,A,-,-
UNC26194174,A,A,B,B,B,A,B,A
UNC26194620,A,B,B,A,A,B,A,B
UNC26195481,B,B,A,A,A,B,A,A
UNC26196650,A,B,A,A,A,A,A,B
UNC26197079,B,B,B,A,A,A,B,B
UNC26197273,A,B,A,B,B,B,B,A
UNC26197693,B,A,A,A,A,A,A,A
UNC26198075,B,A,A,A,A,B,A,B
UNC26198686,B,A,A,A,A,A,B,B
UNC26199105,A,B,B,B,B,A,A,B
UNC26199649,B,B,B,B,B,A,A,B
UNC26200084,B,A,A,A,A,B,B,B
UNC26200317,A,B,A,B,B,B,B,B
UNC26200511,A,B,B,B,B,A,B,A
UNC26200769,A,B,A,B,B,B,B,A
UNC26200908,B,A,B,A,A,B,A,B
UNC26201079,B,B,A,B,B,A,B,A
UNC26201177,A,B,B,B,B,B,B,A
JAX00411511,A,B,B,B,B,A,B,B
UNC26201422,B,A,A,A,A,B,A,B
JAX00411515,B,A,A,A,A,B,A,B
JAX00411520,B,B,B,B,B,B,B,A
UNC26201591,A,B,A,B,B,A,A,A
UNC26201735,A,B,B,B,B,A,A,A
UNC26201965,A,A,B,A,A,B,B,B
UNC26202027,B,A,B,A,A,A,B,B
JAX00065492,B,A,B,A,A,B,B,A
UNC26202155,B,A,A,A,A,B,A,B
UNC150273870,B,A,B,A,A,B,B,B
UNC26202307,A,B,B,B,B,B,B,B
UNC26202468,B,A,B,A,A,A,A,B
UNC26202530,A,B,A,B,B,A,A,A
UNC26202669,A,A,B,A,A,B,A,A
JAX00411546,B,B,B,B,B,A,B,B
UNC26202756,B,B,B,B,B,B,A,B
UNC26202825,A,B,B,B,B,B,B,B
UNC26202867,A,B,B,B,B,A,B,B
UNC26203007,B,B,B,B,B,A,B,B
UNC26203096,B,B,B,B,B,A,B,B
UNC26203438,A,A,A,A,A,B,A,A
UNC26203626,B,A,B,A,A,A,B,B
UNC26203785,A,B,A,B,B,B,A,A
UNC26204098,A,A,A,A,A,B,B,A
UNC26204258,B,A,A,A,A,B,B,A
JAX00411587,B,B,B,B,B,B,A,B
UNC26204743,B,A,B,A,A,A,A,B
UNC26205052,B,B,A,B,B,B,B,B
backupUNC150408758,A,B,B,B,B,A,A,A
UNC26205386,B,B,B,B,B,A,B,A
JAX00411603,B,B,B,B,B,A,B,B
UNC26205540,B,B,B,B,B,A,B,B
UNC26205735,A,B,A,B,B,A,B,B
UNC26205841,B,-,B,A,A,B,-,A
UNC26206021,B,B,B,B,B,A,B,B
UNC26206181,B,B,B,B,B,A,B,B
UNC26206420,A,B,A,B,B,A,B,B
UNC26206547,B,A,B,A,A,B,A,A
UNC26206701,A,A,A,A,A,B,A,A
UNC26206782,B,A,A,A,A,A,A,A
UNC26206979,A,A,B,A,A,B,A,A
UNC26207115,A,A,A,B,A,A,A,A
UNC26207242,A,A,A,A,A,A,A,B
UNC26207300,B,A,A,A,A,B,A,B
JAX00411630,A,A,A,A,A,B,A,B
UNC26207506,A,B,A,A,B,B,A,A
UNC26207577,B,B,B,B,B,B,B,A
JAX00411643,A,A,A,A,A,B,A,A
UNC26207699,A,A,A,A,A,B,B,A
UNC26208020,B,B,B,A,B,B,A,B
UNC26208160,B,A,A,B,A,B,B,A
UNC26208415,B,A,A,B,A,A,B,B
JAX00411668,A,B,B,B,B,B,B,B
JAX00411679,A,B,B,A,B,A,A,B
UNC26208809,A,B,B,B,B,A,B,A
UNC26208966,A,B,B,B,B,A,A,A
UNC26209188,B,A,A,B,A,A,B,B
JAX00065547,B,B,B,A,B,B,A,A
JAX00065548,A,A,A,B,A,A,A,B
UNC26209684,A,A,A,B,A,B,B,B
UNC26209894,B,B,B,A,B,B,A,B
UNC26210083,A,B,B,B,B,B,A,B
UNC26210199,B,B,B,A,B,A,B,A
UNC26210528,B,B,B,B,B,A,A,B
UNC26210817,B,B,B,B,B,A,A,A
UNC26210905,B,B,B,B,B,A,A,B
UNC26211158,A,A,A,A,A,B,A,B
UNC26211165,B,B,B,B,B,A,B,A
UNC26211180,B,B,B,B,B,A,B,B
UNC26211186,B,B,B,B,B,A,B,B
UNC26211189,B,B,B,B,B,A,B,B
UNC26211192,A,A,A,A,A,A,B,A
UNC26211202,A,A,A,A,A,B,A,A
UNC26211204,B,B,B,B,B,A,B,B
UNC26211207,A,A,A,A,A,B,A,A
UNC26211240,B,B,B,B,B,A,B,B
UNC26211249,B,B,B,B,B,A,B,B
UNC26211275,B,B,B,B,B,A,B,B
UNC26211303,A,A,A,A,A,B,A,A
UNC26211323,B,B,B,B,B,A,B,B
UNC26211348,B,B,A,B,B,A,B,B
UNC26211392,B,A,A,B,A,A,B,B
JAX00065564,B,B,A,B,B,B,B,B
UNC26211827,A,B,B,B,B,A,B,B
JAX00411748,A,B,A,B,B,A,B,B
JAX00411762,A,B,B,B,B,B,B,B
UNC26212310,B,B,A,A,B,A,B,B
UNC26212887,A,B,A,B,B,A,B,B
JAX00411773,A,A,B,A,A,B,A,A
UNC26213840,B,B,B,B,B,B,B,A
UNC26214045,B,B,B,A,B,B,B,A
UNC26214770,B,A,A,A,A,A,A,A
UNC26215088,B,B,B,B,B,A,A,B
UNC26215346,B,B,B,B,B,A,B,B
UNC26215526,B,A,A,A,A,A,A,B
UNC26216066,A,A,A,A,A,B,B,A
JAX00065599,A,A,A,A,A,B,A,A
UNC26216331,B,A,A,A,A,A,A,A
UNC26216599,B,B,B,B,B,A,B,B
UNC26216859,A,A,A,A,A,B,B,A
UNC150277167,A,A,B,A,B,B,B,A
JAX00411814,B,B,B,B,B,A,B,B
UNC26217284,A,A,B,A,A,A,A,B
UNC26218035,A,A,B,B,B,A,B,B
UNC26218864,B,B,A,B,B,B,B,B
UNC26219392,B,B,B,B,B,B,B,A
UNC26219601,B,B,B,B,B,A,B,B
UNC26219810,B,B,A,B,B,A,A,B
UNC26220182,A,A,A,B,B,A,B,B
UNC26220520,A,A,B,B,B,A,B,B
backupUNC150278757,A,A,B,B,B,A,A,A
UNC26221559,B,A,B,B,B,B,B,B
JAX00065639,B,A,B,B,B,A,B,A
backupJAX00411908,B,A,B,B,B,A,B,A
UNC26222241,A,B,A,A,A,B,B,B
UNC26222650,A,B,A,A,A,B,A,A
JAX00065648,A,B,A,A,A,B,A,B
UNC26223214,B,A,B,B,B,A,B,A
UNC26223616,B,B,B,B,B,A,B,B
UNC26223767,A,A,A,A,A,B,A,B
UNC26223995,A,B,A,A,A,B,B,B
UNC26224129,A,B,A,B,B,B,A,B
UNC150279703,B,A,B,A,A,B,B,B
UNC26224242,B,A,B,A,B,A,A,A
UNC26224341,A,B,A,B,B,A,B,B
JAX00065663,B,A,B,A,B,B,B,B
UNC26224459,A,A,A,A,B,B,B,B
UNC26224649,B,A,B,A,B,A,B,B
UNC26224924,B,B,B,B,B,B,A,B
UNC26224965,A,A,A,A,A,B,A,B
UNC26225151,A,B,A,B,A,B,B,B
JAX00411995,A,A,A,A,A,B,A,B
UNC26225265,B,B,B,B,A,B,A,B
UNC26225340,B,A,B,A,B,B,B,A
UNC26225375,A,A,A,A,B,B,B,B
UNC26225517,B,B,B,B,B,A,B,B
UNC26225654,B,A,B,A,B,B,B,B
UNC26225777,B,B,B,B,A,B,B,B
JAX00065691,B,A,A,A,A,B,A,B
backupUNC150280562,B,B,A,B,A,A,B,A
UNC26226163,B,B,B,B,A,A,A,A
UNC26226333,A,A,A,A,A,A,A,B
UNC26226508,A,B,B,B,A,A,B,A
UNC26226708,A,B,A,B,A,B,A,B
B6_15-101391454-S,B,A,B,B,B,B,B,B
UNC26227075,A,B,A,B,B,A,A,B
UNC26227551,B,B,A,B,B,A,B,A
UNC26228184,A,A,A,A,A,B,B,B
JAX00412089,B,B,B,B,A,B,B,B
UNC26228561,A,A,B,A,B,B,A,B
UNC26229257,B,B,A,B,B,A,B,B
JAX00412124,A,B,B,B,B,B,B,B
JAX00065720,A,B,B,B,A,B,B,B
UNC26230347,B,A,B,A,A,A,B,B
UNC150281656,A,B,A,B,B,A,A,A
UNC26230580,A,A,A,A,B,A,A,A
UNC26231057,B,B,A,B,A,A,A,B
UNC26231186,A,B,B,B,B,A,A,B
UNC26231401,A,A,A,A,A,A,B,A
UNC26231546,A,A,A,A,A,B,B,B
UNC26231883,B,B,B,B,A,A,A,A
UNC150281757,A,A,B,A,B,B,B,A
UNC26232035,B,B,A,B,A,A,B,B
UNC26232174,A,A,A,A,B,B,B,A
UNC26232333,B,B,B,B,A,A,B,A
UNC26232457,A,A,A,A,B,A,A,B
UNC26232713,A,B,B,B,B,A,A,A
UNC26232855,B,A,A,A,A,B,B,A
UNC26232947,A,A,A,A,A,B,B,A
UNC26233181,B,B,B,B,B,A,B,B
UNC26233315,B,B,B,B,B,A,A,A
UNC26233600,B,A,A,A,A,B,B,B
JAX00065737,A,B,B,B,B,A,A,B
UNC26233723,A,B,B,B,B,A,A,A
UNC26233873,A,B,B,B,B,A,A,B
UNC26234087,B,A,A,A,A,B,A,B
JAX00412200,B,B,B,B,B,B,A,B
UNC26234267,A,A,A,A,A,B,A,A
UNC26234359,B,A,A,A,A,B,B,B
UNC26234568,A,B,B,B,B,B,B,B
UNC26234712,B,A,A,A,A,A,A,B
UNC26234815,B,A,A,A,A,A,B,B
UNC26235025,A,B,B,B,B,A,A,A
UNC26235115,A,B,B,B,B,A,A,A
UNC26235317,A,B,B,B,B,A,A,B
UNC26235372,B,B,B,B,B,A,A,B
UNC26235684,A,B,B,B,B,B,A,B
JAX00065750,A,B,B,B,B,A,A,B
UNC26235935,B,A,A,A,A,B,B,A
UNC26236027,A,A,A,A,A,A,A,B
UNC26236235,A,A,A,A,A,B,B,A
UNC26236428,A,B,B,B,B,A,A,A
UNC26236500,A,A,B,A,B,B,B,B
UNC26236663,A,A,B,A,B,A,A,B
UNC26236781,B,B,B,B,B,A,B,B
UNC26236872,B,B,A,B,A,A,A,A
UNC26236967,B,B,A,A,A,A,A,A
UNC26237066,A,A,B,B,B,A,A,B
backuprs50197071,A,A,B,B,B,A,A,B
UNC26237218,A,A,B,B,B,A,B,B
UNC26237273,A,A,B,B,B,A,A,B
UNC26237364,A,A,B,B,B,B,A,B
UNC26237910,B,B,A,B,A,A,A,A
UNC26238109,B,A,B,A,B,B,A,A
UNC150411470,B,A,A,B,B,B,B,B
UNC26238507,A,B,B,A,A,A,A,A
UNC26238778,B,B,B,B,A,B,B,B
JAX00412297,A,A,A,A,A,A,B,A
JAX00065780,A,A,A,A,A,B,B,B
UNC26239371,A,A,A,A,A,B,A,B
JAX00065782,A,B,B,A,B,B,B,B
JAX00412308,B,B,B,B,B,A,B,B
JAX00412311,A,A,A,A,B,B,B,A
UNC26240644,B,B,B,A,A,B,A,A
UNC26240847,A,A,A,B,B,B,A,B
UNC150459353,A,A,A,B,B,A,B,A
JAX00065795,A,A,A,B,B,B,B,A
UNC26241375,B,B,B,A,A,A,A,B
UNC26241894,B,B,B,A,B,A,A,A
UNC26242267,B,B,B,A,A,A,B,A
UNC26242648,A,A,A,B,A,A,A,A
UNC26242994,B,B,B,A,A,B,A,A
UNC26243168,A,A,A,B,B,B,B,B
UNC26243346,A,A,A,A,B,A,A,A
UNC26243651,A,A,A,A,A,B,B,A
UNC26243825,A,A,A,A,A,B,A,A
UNC26243950,B,B,B,B,B,A,A,A
UNC150411740,B,A,A,A,B,A,B,A
UNC26244567,A,B,B,A,A,A,A,B
UNC26244775,A,A,A,B,A,A,A,A
UNC26245025,A,A,A,A,B,A,A,A
UNC26245376,B,B,B,B,B,A,B,B
JAX00065834,A,B,B,A,A,A,A,A
JAX00412403,B,A,A,B,B,B,B,B
UNC26245640,A,B,B,A,A,B,A,A
UNC26245727,B,A,A,A,A,A,A,A
JAX00412409,A,A,A,B,A,A,A,A
JAX00412412,A,A,A,A,A,B,A,A
UNC26245972,A,A,A,A,B,A,A,A
UNC26246015,A,B,B,A,A,B,B,A
UNC26246099,B,B,B,B,B,B,A,B
JAX00412418,B,B,B,A,B,B,B,B
UNC26246296,A,B,B,A,A,A,A,B
UNC26246390,A,B,B,B,A,B,B,B
UNC26246433,B,B,B,B,A,A,A,B
UNC26246651,A,A,B,A,A,A,A,A
UNC26246738,B,B,B,B,B,A,A,B
JAX00065849,A,A,A,B,A,A,A,A
UNC26247077,A,B,A,A,B,A,A,A
JAX00065854,A,A,A,B,A,A,A,A
UNC26247556,B,A,B,B,A,B,B,B
UNC26247720,B,B,B,A,B,B,-,B
UNC26247792,B,B,B,A,B,A,B,B
