# Arabidopsis MAGIC founder genotype data, Gnan et al (2014) 10.1534/genetics.114.170746
# nrow 1251
# ncol 20
marker,Bur,Can,Col,Ct,Edi,Hi,Kn,Ler,Mt,No,Oy,Po,Rsch,Sf,Tsu,Wil,Ws,Wu,Zu
MN1_29291,B,A,A,B,A,A,B,A,A,A,B,B,A,B,A,A,A,A,A
MN1_29716,B,A,A,B,A,A,B,A,A,A,B,B,A,B,A,A,A,A,A
MN1_112907,B,A,A,A,B,B,B,B,A,A,B,B,A,B,B,A,A,A,A
MASC03771,A,B,A,A,B,A,B,A,A,A,A,A,A,A,A,A,A,A,A
MN1_197787,B,B,A,A,A,B,B,A,A,A,A,A,A,B,A,A,A,B,B
MN1_340810,B,B,A,B,A,B,A,A,A,A,A,A,A,A,A,A,B,B,A
MN1_395107,A,A,A,A,A,A,B,A,A,A,A,A,A,A,A,A,A,A,A
MN1_444820,B,A,A,B,B,A,A,A,A,A,A,A,A,A,B,A,B,B,A
MN1_494205,B,A,A,A,B,A,A,A,A,A,A,A,A,A,A,A,A,B,A
MN1_592863,A,B,A,B,A,A,A,B,A,A,A,A,A,A,B,A,B,A,A
MN1_592760,B,A,A,A,B,A,A,A,A,A,A,A,A,A,A,A,A,A,A
BKN118,B,A,A,A,A,A,A,A,A,A,A,A,A,A,A,A,A,A,A
MN1_1042427,A,B,A,B,A,B,B,A,B,A,A,A,B,A,A,B,A,B,A
CRY2_1021,A,A,A,A,B,A,A,A,A,A,A,A,A,A,A,A,A,A,A
CRY2_429,A,A,A,A,A,B,B,B,A,B,A,A,A,A,A,A,B,A,A
MASC07014,A,A,B,A,A,A,A,A,A,A,A,A,B,A,A,B,A,A,A
MASC03609,A,A,A,A,A,A,B,B,A,B,B,B,A,A,A,A,B,A,A
MN1_1296068,A,A,A,A,A,A,B,A,A,A,A,A,A,A,A,A,B,B,A
MN1_1399466,A,A,A,A,A,A,B,A,A,A,A,A,A,A,A,NA,B,A,A
AXR1_381,A,B,A,A,A,B,A,A,A,B,A,A,A,A,A,A,B,A,B
MASC07424,A,B,B,A,A,A,A,A,A,A,A,A,A,B,NA,A,A,A,A
MASC07283,B,A,B,A,A,A,A,A,B,B,A,A,A,A,A,A,B,A,A
MN1_1602026,A,B,B,B,B,A,A,A,A,B,A,A,A,B,A,A,A,A,A
MN1_1844838,A,A,A,A,A,B,A,A,A,A,A,A,A,A,A,A,A,A,B
MASC00879,A,A,A,A,A,A,B,B,B,A,A,A,A,A,A,A,B,A,A
MN1_1945105,A,A,A,A,A,A,B,B,B,A,B,B,A,A,A,A,A,A,A
MASC07329,B,A,B,B,A,A,A,A,A,A,A,A,A,B,B,B,B,B,B
MN1_2211127,A,A,A,A,A,A,A,B,A,A,A,A,A,A,A,A,A,A,A
MASC03758,A,A,B,A,A,A,B,A,A,A,A,A,A,A,A,B,B,A,A
MASC03812,NA,A,A,A,A,A,A,A,A,A,A,A,A,A,A,A,B,A,A
MN1_2547756,A,A,A,B,A,A,A,A,A,A,A,A,A,A,A,A,A,A,A
MN1_2548265,A,A,A,B,A,A,A,A,A,A,A,A,A,A,A,A,A,A,A
MN1_2696683,B,A,A,A,A,A,A,A,A,A,A,A,A,B,B,A,A,B,B
NMSNP1_2844525,B,A,B,B,B,A,B,A,B,A,A,A,A,B,A,B,B,A,A
MN1_2991816,A,A,B,A,A,A,A,A,A,A,A,A,B,A,A,A,A,A,A
MN1_3041659,B,NA,A,A,A,A,A,A,A,A,A,A,A,A,A,A,A,A,A
PHYA_6473,A,A,B,A,A,A,A,A,A,A,A,A,B,A,A,A,A,A,A
PHYA_924,A,A,A,B,A,A,B,A,A,B,A,A,A,A,B,B,B,B,A
PHYA_119,A,A,A,A,A,A,A,A,A,A,A,A,A,B,A,A,A,A,A
MN1_3169209,A,B,A,A,A,B,A,A,A,A,A,A,A,A,A,A,A,A,A
MN1_3229670,B,A,A,A,A,A,A,B,B,A,B,B,A,A,A,A,A,A,A
MN1_3294749,B,A,A,A,B,A,A,A,B,A,A,A,A,A,A,A,B,A,A
MN1_3398242,B,B,A,B,B,A,A,A,A,A,B,B,A,A,A,A,B,A,A
MASC09203,B,A,B,B,A,B,A,B,A,B,A,A,B,A,B,A,A,A,A
MASC00490,B,A,A,A,B,A,B,B,A,A,A,A,A,A,A,A,B,A,A
MN1_3503859,A,A,A,A,A,A,A,A,A,A,A,A,A,A,A,A,B,A,A
MN1_3645500,A,A,B,A,A,A,A,A,B,B,B,B,A,A,B,A,A,A,A
MN1_3678711,B,A,A,B,A,A,A,B,A,B,A,A,A,B,B,A,B,A,B
MN1_3798407,A,A,A,A,A,A,B,A,A,A,B,B,A,A,A,B,A,A,A
MN1_3872522,B,A,A,A,B,A,A,A,A,A,A,A,A,A,A,A,A,A,A
MN1_3941311,B,A,B,A,B,A,A,B,A,A,A,A,B,B,A,B,A,A,B
MN1_4041372,A,A,A,B,A,A,A,A,A,A,B,B,A,A,B,A,A,B,A
MN1_4096221,A,B,A,A,A,B,A,B,A,A,A,A,A,A,A,A,B,A,A
MN1_4142767,A,B,B,B,A,B,B,A,A,A,A,A,B,A,B,A,B,A,B
MN1_4248888,A,A,A,A,A,A,A,A,A,A,A,A,A,B,B,A,A,B,A
MN1_4317541,A,B,A,A,A,B,A,A,A,B,B,B,A,A,A,A,A,A,A
MN1_4396426,A,A,A,A,B,A,A,A,A,A,A,A,A,A,A,A,A,A,B
MN1_4529322,B,A,A,A,A,A,A,A,A,A,A,A,A,A,A,A,A,A,A
MN1_4569396,B,A,A,A,B,A,A,A,A,A,A,A,A,A,A,A,A,A,B
MN1_4671355,B,A,A,B,A,A,B,A,A,B,A,A,A,B,A,B,B,A,A
MN1_4947324,B,A,B,A,A,A,A,B,A,A,A,A,A,A,A,A,A,B,B
MN1_4992106,A,A,A,A,A,A,A,A,B,A,B,B,A,A,A,A,A,B,A
MN1_5095606,A,A,A,A,A,A,A,A,A,A,B,B,A,B,A,A,A,A,A
GAI_173,B,A,A,A,B,B,B,A,A,A,A,A,B,A,A,A,A,A,B
GAI_2211,A,A,A,B,A,A,A,A,A,A,B,B,A,A,A,A,A,B,A
MN1_5206767,A,A,A,B,A,A,B,B,B,B,A,A,A,A,A,B,B,A,A
MN1_5206981,A,A,A,B,A,A,B,A,A,A,A,A,A,A,A,A,A,A,A
MN1_5290742,A,A,A,A,B,A,A,A,A,A,A,A,A,A,A,A,A,B,A
MASC00816,B,A,A,A,A,A,A,B,B,B,A,A,A,A,B,B,B,B,B
MASC00820,A,A,B,A,A,A,A,A,A,A,B,B,A,B,A,A,A,B,A
MN1_5482065,B,A,A,A,A,A,A,A,A,A,A,A,A,A,A,A,A,A,B
SPS1_151,A,A,B,A,A,A,A,A,A,A,A,A,A,A,B,A,A,A,B
MN1_5628735,A,B,A,A,A,B,A,A,A,A,A,A,A,A,B,A,A,B,A
MN1_5669326,A,A,B,A,A,A,A,A,A,A,A,A,A,A,A,A,A,A,A
MN1_5860106,A,A,A,B,B,A,A,B,A,B,B,B,B,A,A,B,A,A,A
MN1_5860511,A,A,A,A,A,A,B,A,A,A,A,A,A,A,A,A,B,A,A
MASC00503,B,A,A,A,A,A,A,B,B,A,B,B,B,B,B,A,A,A,A
MASC02743,B,B,B,A,B,A,A,A,A,B,A,A,A,B,B,A,A,B,B
MN1_5923042,A,A,A,A,A,A,B,A,B,A,B,B,B,A,B,A,B,A,B
NMSNP1_5923293,A,A,A,A,A,A,A,B,A,A,A,A,A,A,A,A,A,A,A
MFT_113,A,B,B,A,A,A,A,A,B,B,A,A,B,A,B,A,B,B,A
MFT_668,B,A,A,B,B,B,A,A,A,B,A,A,A,B,A,A,A,A,B
MFT_2488,A,A,A,A,A,A,A,A,A,A,A,A,A,B,A,A,A,A,B
MFT_3459,A,B,B,A,A,A,A,A,B,B,A,A,B,A,B,A,A,B,A
BUD1_34,B,A,A,B,B,B,A,A,B,B,A,A,B,A,A,A,B,A,A
BUD1_348,A,A,B,A,A,A,B,B,A,A,B,B,A,A,A,B,B,B,B
MASC03577,A,A,A,A,A,A,A,B,A,A,A,A,A,A,B,A,A,B,B
MASC04085,A,B,B,B,B,A,A,A,A,B,A,A,A,A,A,A,A,A,A
NMSNP1_6833309,A,A,A,A,A,A,A,A,A,A,A,A,A,A,A,A,B,A,A
MP_68,B,A,B,A,B,A,A,B,B,B,B,B,A,A,A,B,A,A,A
MASC07242,B,A,A,B,A,B,A,B,A,A,A,A,B,A,A,A,A,A,A
NMSNP1_6941245,A,A,B,A,A,A,A,A,A,A,A,A,A,A,A,A,A,A,A
NMSNP1_7096171,A,A,A,A,A,A,A,A,A,A,A,A,A,A,A,A,B,A,A
MASC1,A,A,A,A,A,B,A,B,A,A,A,A,A,B,A,A,A,A,A
MASC2,A,A,B,A,B,B,A,A,A,A,A,A,B,A,A,A,A,A,A
NMSNP1_7672828,B,A,A,B,A,B,A,B,A,B,A,A,A,B,A,A,B,B,A
NMSNP1_7735482,A,A,A,A,A,B,A,A,A,A,A,A,A,A,A,A,B,A,A
GI_123,A,B,A,A,A,B,A,A,A,A,A,A,B,A,B,A,A,B,A
GI_511,B,A,A,B,A,A,A,B,B,A,A,A,A,A,A,A,B,A,A
GI_2067,A,B,A,A,A,B,A,A,A,B,A,A,B,A,B,A,A,B,A
GI_2186,A,B,A,A,A,B,A,A,A,B,A,A,B,A,B,A,A,B,B
GI_5292,A,A,B,A,A,A,B,A,B,A,A,A,A,A,A,B,A,A,A
BKN923,A,A,B,A,A,A,A,A,A,A,A,A,A,B,A,A,NA,A,A
PFT1_6609,B,A,A,A,B,A,A,A,A,A,B,B,B,A,A,A,A,B,A
PFT1_5341,A,B,B,A,A,A,A,B,B,B,A,A,A,B,B,A,B,A,B
PFT1_3782,A,A,A,A,A,A,A,B,A,A,A,A,A,A,B,A,B,A,A
PFT1_2195,A,A,A,A,A,A,A,B,A,A,A,A,A,A,B,A,B,A,A
PFT1_1656,A,A,B,B,A,B,B,B,B,B,A,A,A,B,A,A,B,A,A
PFT1_1066,A,A,B,A,A,A,A,A,A,A,A,A,A,B,A,A,NA,A,A
CAL_454,B,A,A,A,B,A,A,B,A,B,A,A,A,A,B,A,A,A,B
SGCSNP17579,A,A,A,A,A,A,A,B,A,A,A,A,A,A,B,A,A,A,A
MASC05303,A,A,A,A,A,B,B,A,B,A,A,A,A,A,A,A,B,A,A
MASC00393,A,A,A,A,B,A,B,B,B,A,A,A,A,B,A,A,A,A,A
MASC04947,A,B,A,B,B,B,B,B,B,B,A,A,A,A,A,A,A,B,A
NMSNP1_9973291,A,A,B,A,A,A,A,A,A,A,A,A,A,A,A,A,A,A,A
MN1_10095364,A,A,A,B,A,A,B,A,A,B,A,A,A,A,A,A,B,A,NA
MN1_10176455,A,A,A,A,B,A,A,A,A,A,A,A,A,A,A,A,A,A,A
MN1_10423523,A,B,A,A,A,A,B,A,A,A,A,A,A,A,B,A,B,A,B
MN1_10423673,B,A,B,B,B,B,A,A,A,B,A,A,A,B,A,A,A,B,A
MN1_10547598,A,A,A,A,A,A,B,B,B,A,A,A,A,B,B,A,A,A,A
NMSNP1_10720273,B,B,A,A,A,A,A,A,A,A,B,B,B,B,A,A,A,A,A
MN1_10841443,A,A,B,A,A,A,A,A,A,A,B,A,A,A,A,A,A,A,A
MN1_10983877,A,B,A,A,A,A,B,B,A,A,B,B,A,B,A,B,A,A,NA
NMSNP1_11037297,A,A,A,A,A,A,A,B,A,A,A,A,A,A,A,A,A,A,A
MASC03534,A,A,A,A,A,A,A,A,A,A,A,A,A,A,A,A,B,A,NA
MASC02650,A,A,B,A,A,A,A,A,A,A,A,A,A,A,A,A,A,A,A
MN1_11160016,A,A,B,A,B,B,B,A,A,A,A,B,B,A,A,A,A,A,A
MN1_11159773,A,A,B,A,B,B,B,A,A,A,A,A,B,A,A,A,A,A,A
MASC01991,A,A,B,B,A,A,B,A,A,A,A,B,A,A,A,A,A,B,A
NMSNP1_11399885,A,A,A,A,B,A,A,B,B,A,A,A,B,A,A,A,A,A,B
FRL2_2232,A,B,B,B,A,B,A,A,A,A,B,A,A,A,A,A,A,A,A
MN1_11466199,A,A,B,A,B,B,A,A,A,A,B,A,A,B,A,A,A,A,B
MN1_11553514,A,A,A,A,A,A,A,B,A,A,A,A,A,A,A,B,A,A,A
MN1_11655695,A,B,A,B,A,B,A,A,A,B,B,A,A,A,A,B,B,A,B
MN1_11850148,B,A,A,A,A,A,A,A,A,A,B,A,A,B,A,A,A,A,A
MN1_12093546,A,A,A,A,B,A,A,B,A,A,A,A,A,A,A,A,B,A,B
MASC00317,A,A,A,A,A,B,A,B,A,A,A,A,A,A,B,A,A,B,A
PERL0107626,A,A,B,A,A,A,A,A,A,A,A,A,A,A,A,A,A,A,A
MN1_12892627,A,A,A,A,A,A,A,B,A,B,A,A,A,B,A,A,A,B,A
SGCSNP10165,A,A,B,NA,A,A,A,A,A,A,A,A,A,A,A,A,A,A,A
MASC03490,A,NA,B,A,A,A,A,NA,NA,A,A,A,A,A,A,A,A,NA,A
MN1_13541819,A,A,A,B,A,B,A,A,A,A,A,A,A,A,A,B,B,A,A
MN1_13671674,A,B,B,A,A,B,B,B,B,A,A,A,B,A,A,B,B,A,A
MASC02571,A,A,A,A,A,A,A,A,A,A,A,A,A,A,A,A,B,A,A
MASC02577,NA,A,B,A,A,A,A,A,A,A,NA,NA,A,A,A,A,A,A,A
MN1_14162893,A,A,A,A,A,A,A,A,B,A,A,A,A,A,A,A,A,A,A
PERL0126101,NA,A,B,A,A,A,A,A,A,A,A,A,A,A,A,A,A,A,A
PERL0126888,A,A,B,A,A,A,A,A,A,A,A,A,A,A,A,A,NA,A,A
PERL0128810,A,A,B,A,A,A,A,A,A,A,A,A,A,A,A,A,A,A,NA
MASC04128,A,A,A,A,A,A,A,A,A,A,A,A,A,A,A,A,B,A,A
NMSNP1_15977186,A,A,A,A,B,A,A,B,A,A,A,A,A,A,A,A,A,A,A
MASC03083,A,A,A,A,B,A,A,B,A,A,A,A,A,A,A,A,A,A,A
PERL0132168,B,A,A,B,A,B,B,A,A,B,B,A,A,B,A,A,A,B,A
PERL0133385,A,NA,B,B,NA,B,A,A,B,B,A,A,A,NA,A,A,NA,A,A
MASC04211,A,A,A,A,A,A,A,A,A,A,A,A,A,A,A,NA,B,A,A
MASC06784,A,A,B,A,A,A,A,A,A,B,A,A,A,A,B,A,A,A,A
MN1_16874540,A,A,B,A,A,A,A,A,A,B,A,A,A,A,B,A,A,A,A
MN1_17151137,A,A,A,A,A,A,A,A,A,A,A,A,A,B,A,A,A,A,A
MN1_17181992,A,B,A,A,A,A,A,A,A,A,A,A,A,A,A,A,A,B,A
PERL0147872,A,A,B,A,A,A,A,A,A,A,A,A,A,A,A,A,NA,A,A
MN1_17682799,B,NA,A,NA,B,A,NA,NA,NA,NA,A,NA,NA,A,NA,A,NA,A,B
MN1_17880459,A,A,A,A,A,B,A,A,A,A,A,A,A,A,A,A,B,A,A
MN1_18040860,A,A,A,A,A,A,A,B,A,A,A,A,A,A,A,A,B,A,A
MN1_18232105,A,A,A,B,A,A,A,A,A,A,B,A,A,A,B,A,A,A,B
MN1_18632912,A,A,B,A,B,A,A,A,A,B,A,A,A,A,B,A,A,A,A
MN1_18633081,A,A,B,A,B,A,A,A,A,B,A,A,A,A,B,A,A,A,A
MASC00545,A,A,B,A,A,A,A,B,A,A,A,A,A,A,A,A,A,A,A
MN1_19400778,A,A,A,A,NA,A,A,B,NA,A,NA,A,A,A,NA,NA,A,B,A
MASC00855,A,A,B,A,A,A,A,A,A,A,B,A,A,A,A,A,A,A,A
MN1_19506032,A,A,A,A,A,A,A,B,A,A,A,A,A,A,A,A,B,B,A
MN1_19519292,B,A,A,A,B,A,B,A,A,A,A,A,A,B,B,B,A,A,B
MN1_19782301,A,B,A,A,B,B,A,A,A,B,A,A,A,A,A,A,A,A,A
MN1_19782567,A,A,A,A,B,A,A,A,A,B,A,A,A,A,A,A,A,A,A
MASC03754,A,A,B,A,A,A,A,A,A,A,A,A,A,A,A,A,A,B,A
MASC01983,A,A,B,A,A,A,B,A,A,A,A,A,A,A,A,A,A,A,A
MN1_20174828,B,A,A,A,A,A,A,A,A,A,B,B,A,B,A,A,A,A,B
NMSNP1_20175347,B,A,A,A,A,A,B,A,A,A,B,B,A,B,A,A,B,A,B
MASC00497,A,A,A,A,A,A,A,B,A,A,A,A,A,A,A,A,A,A,A
PERL0172350,A,A,B,B,B,A,B,A,B,A,A,A,A,B,A,B,B,B,A
PERL0173191,A,A,B,A,A,B,A,A,A,A,B,B,A,A,A,A,A,A,A
PERL0174281,B,A,A,B,B,B,A,A,B,A,A,A,B,A,B,B,A,A,A
MASC03676,B,B,A,B,A,B,A,A,B,B,A,A,A,A,A,A,B,B,B
MASC00513,A,A,A,B,A,A,A,B,B,A,B,B,B,A,B,B,B,A,A
MASC07288,A,A,B,A,A,A,A,A,A,A,A,A,A,A,A,A,A,A,A
MN1_21079881,A,B,B,A,A,B,A,B,A,A,A,A,A,A,B,A,A,B,B
MN1_21080288,A,NA,B,A,A,B,A,B,A,A,A,A,A,A,B,A,A,B,B
MASC00290,A,A,A,A,A,A,A,B,A,A,A,A,A,A,A,A,A,A,A
MASC07198,A,A,A,A,A,A,A,B,A,A,A,A,A,A,A,A,A,A,A
NMSNP1_21401093,A,A,A,A,A,A,A,A,A,A,A,A,A,A,B,A,A,A,B
NMSNP1_21401646,A,A,A,A,A,A,A,B,A,A,A,A,A,A,A,A,A,A,A
MN1_21669171,B,A,A,A,A,A,A,A,A,A,B,B,A,A,A,A,A,A,A
MN1_21669564,A,B,A,A,A,A,A,A,A,A,A,B,B,A,A,A,A,A,A
MN1_21908389,B,A,B,A,A,B,A,A,B,A,A,B,A,A,A,A,B,B,A
MN1_21944762,A,NA,A,A,A,NA,B,A,A,B,A,A,B,B,B,A,A,NA,A
NMSNP1_22283511,A,A,A,A,A,A,A,B,A,A,A,A,A,A,A,B,A,A,A
MASC04170,A,A,B,A,B,A,B,A,A,A,A,A,A,A,A,B,B,A,A
MASC02598,A,A,B,A,B,A,B,A,A,A,A,A,A,A,A,B,B,A,A
MN1_22354107,A,B,A,A,A,A,A,A,B,A,A,A,A,A,A,A,A,A,B
NMSNP1_22388154,A,A,A,A,A,B,A,B,B,A,A,A,A,A,A,A,A,A,A
MN1_22971216,A,A,A,A,A,A,A,A,A,A,A,A,A,A,A,A,A,A,B
MN1_23077276,B,A,B,B,B,A,A,B,B,A,B,A,A,B,A,A,A,A,B
MN1_23270514,B,A,A,B,A,B,B,A,B,A,B,B,B,A,A,A,A,A,A
MN1_23270852,B,A,A,B,A,B,B,A,B,A,B,B,B,A,A,A,A,A,A
MN1_23474588,B,A,A,A,B,A,A,A,B,A,A,A,A,A,A,A,A,A,A
MN1_23820732,B,A,A,A,A,A,A,A,A,A,A,A,B,A,A,A,A,A,A
MN1_23893336,A,A,A,B,B,B,B,A,A,B,A,B,B,A,A,A,A,B,B
MASC03447,B,A,B,A,A,A,B,A,A,B,A,A,A,NA,A,A,B,A,A
MN1_24322296,B,A,A,A,A,A,B,A,A,A,B,B,A,A,A,B,B,A,A
FT_585,B,A,B,A,A,B,A,A,B,A,A,B,B,A,A,A,A,B,A
FT_1643,A,A,A,B,A,A,A,A,A,B,A,A,A,A,A,A,A,A,A
FT_2940,A,A,A,A,A,A,A,A,A,A,A,A,A,B,A,A,A,A,A
FT_3485,B,A,B,A,A,B,A,B,B,A,A,B,B,A,A,A,A,B,A
NMSNP1_24396180,B,A,B,A,A,B,A,A,B,B,A,A,A,A,A,A,A,A,A
MN1_24468414,A,A,A,A,A,A,A,A,A,A,A,A,A,A,A,A,B,A,A
NMSNP1_24526295,A,B,A,A,A,A,A,A,A,A,A,A,A,A,NA,NA,A,A,A
MN1_24694673,B,A,A,A,A,A,A,B,B,B,A,A,A,A,A,A,A,A,A
NMSNP1_24738247,B,B,A,B,A,A,A,A,A,A,A,A,A,A,A,B,A,A,A
RGL1_1171,A,A,A,A,A,A,A,A,B,A,A,B,B,A,A,A,A,A,B
RGL1_1511,A,A,A,A,B,A,A,A,A,A,A,A,A,B,A,A,A,A,A
MN1_24795166,A,A,B,A,A,A,A,A,B,A,A,A,B,A,A,A,A,A,A
SGCSNP10530,A,A,B,NA,NA,A,B,A,A,A,A,A,A,NA,A,A,A,A,A
MN1_25375953,B,A,A,B,A,B,A,B,A,A,A,A,B,B,B,A,B,A,B
MN1_25487722,A,A,B,A,B,A,A,B,B,A,A,B,A,A,A,B,A,B,A
FKF1_447,A,A,A,A,A,A,B,A,A,A,B,A,B,B,B,A,A,A,B
FKF1_606,A,B,A,A,A,B,B,A,A,A,B,B,B,B,B,A,A,A,B
FKF1_2281,B,A,A,A,A,A,A,A,A,B,A,A,A,A,A,A,A,A,A
MASC00557,A,A,B,A,A,A,NA,A,A,A,A,B,A,A,B,NA,A,B,A
PERL0234167,B,A,A,A,B,B,A,A,B,A,A,A,B,A,A,A,A,A,A
PERL0235052,B,B,A,A,A,A,B,B,A,B,B,B,A,B,A,B,A,A,A
PERL0236029,A,A,B,A,A,A,A,A,A,A,B,B,B,A,B,A,A,A,A
MN1_26278413,A,A,A,A,A,A,A,A,B,A,A,A,A,A,B,A,A,A,B
MASC00516,A,B,A,A,A,A,A,B,A,A,A,A,A,B,A,A,A,B,A
MASC03684,A,A,B,A,A,A,A,A,A,B,B,B,A,A,A,A,A,B,A
MN1_26454394,A,A,A,A,B,A,A,A,A,A,A,A,B,A,A,A,B,A,A
MASC02946,A,A,A,A,NA,NA,A,A,NA,A,A,A,A,A,A,A,B,A,A
NMSNP1_26685638,B,B,A,A,A,B,A,A,A,A,A,A,B,A,A,A,A,A,B
MN1_26787727,B,A,A,A,B,A,B,A,A,A,A,B,A,B,A,B,A,A,A
MN1_26795231,A,A,B,A,A,A,A,B,B,A,B,B,A,A,B,A,A,B,B
MASC00553,A,A,A,A,A,A,A,B,A,A,A,A,A,A,A,A,A,B,A
NMSNP1_26894598,A,B,A,A,B,A,A,B,A,A,A,A,A,B,A,A,A,B,A
MASC02765,A,A,A,A,A,A,A,B,A,A,A,A,A,A,A,A,A,A,A
MN1_26993261,B,A,A,A,A,A,A,A,A,A,A,A,A,A,A,A,A,A,A
MN1_27251404,A,A,A,A,A,A,A,A,A,A,A,A,A,A,A,A,A,B,B
MN1_27291170,B,A,B,A,B,B,B,A,A,B,A,B,A,A,A,B,A,B,A
MN1_27650077,NA,A,B,A,A,NA,A,A,NA,A,A,A,A,A,A,A,A,A,A
MASC00664,A,A,A,A,A,A,A,B,A,A,A,A,A,A,A,A,A,A,A
NMSNP1_27855784,A,A,A,A,A,A,A,A,A,A,A,A,A,B,A,A,A,B,A
MASC00850,A,A,B,A,A,A,A,A,A,A,B,B,A,A,A,A,A,A,A
MN1_28190283,A,A,A,B,B,A,B,A,A,A,A,A,A,A,A,B,B,B,A
MN1_28408707,A,A,A,B,A,A,A,A,A,A,A,A,A,A,A,A,A,A,A
MN1_28584258,A,A,A,B,A,A,A,A,A,A,A,A,A,A,A,A,A,A,A
MASC02069,A,A,B,A,B,A,A,A,B,A,A,A,B,B,A,A,A,B,A
MN1_28666837,A,A,B,A,A,B,B,B,A,A,B,A,B,B,B,B,A,A,A
SGCSNP10779,A,A,A,A,A,A,A,A,B,A,A,A,A,B,A,A,A,A,A
MASC03765,A,A,B,A,A,A,A,A,A,A,A,A,A,A,A,A,A,A,A
MASC04717,A,B,B,A,B,A,B,A,A,B,B,A,A,B,A,B,A,A,A
MN1_29326678,A,A,B,B,A,A,A,A,A,A,A,A,B,A,A,A,A,A,A
MN1_29326774,A,A,A,A,B,A,A,A,B,A,A,A,A,A,A,B,A,B,A
NMSNP1_29393465,A,A,A,A,A,A,A,B,A,A,A,A,A,A,A,A,A,A,A
MASC00675,A,A,A,A,A,A,A,B,A,A,A,A,A,A,A,A,A,A,A
MASC07393,A,A,A,A,A,A,A,B,A,B,A,A,A,A,A,A,A,A,A
MN1_29496859,A,A,A,A,A,A,A,A,A,A,A,B,A,B,A,A,A,A,B
MN1_29612426,B,A,A,A,A,A,A,A,A,A,A,A,A,A,A,B,A,B,A
MN1_29696345,B,A,B,B,A,A,A,B,A,B,A,A,B,A,B,A,B,A,A
MASC07257,A,A,A,B,A,A,A,B,A,A,A,A,A,B,A,A,A,B,B
NMSNP1_29898175,A,A,B,A,A,B,A,A,A,A,A,A,B,A,A,A,A,A,A
MN1_30049220,A,A,A,B,A,A,B,A,B,A,B,A,A,A,B,B,A,B,A
MN1_30116495,B,A,A,B,A,A,A,A,B,B,A,A,A,A,B,A,A,B,A
MN1_30214313,A,A,B,A,A,B,A,A,B,B,B,B,A,B,A,A,A,B,B
MN1_30312456,A,A,A,A,A,B,A,B,B,A,A,A,A,B,A,A,A,A,B
MN1_30312683,B,A,A,A,A,A,A,A,A,A,A,A,A,A,A,A,A,B,A
MASC02050,B,A,B,A,A,A,A,A,A,A,B,B,A,A,B,A,A,B,A
MASC09206,A,A,A,A,A,B,A,A,B,A,B,B,A,B,A,A,A,A,B
MASC00542,A,A,B,A,A,A,A,A,A,A,A,A,A,A,A,A,A,B,A
RGA_2019,A,B,A,B,A,B,B,B,A,A,A,A,A,B,A,A,A,A,B
RGA_1671,A,B,A,B,A,B,A,A,A,A,A,A,A,A,A,A,A,A,B
RGA_1023,A,B,A,A,A,A,A,A,A,A,A,B,A,A,B,A,B,A,B
MN2_285851,A,B,A,A,A,A,B,B,B,A,A,B,A,B,A,B,A,A,A
MN2_286127,B,B,A,B,A,A,B,B,B,A,A,B,A,B,A,B,A,A,A
NMSNP2_311254,A,A,A,A,A,A,B,A,A,A,A,A,A,A,A,A,A,A,A
MN2_311552,A,A,A,A,A,A,A,A,A,B,A,B,A,A,B,A,B,A,A
MN2_322690,A,A,A,A,A,B,A,B,B,B,A,B,B,A,B,B,A,B,A
MN2_347772,A,B,A,B,A,A,B,A,A,A,B,A,A,B,A,B,A,A,B
NMSNP2_453319,A,A,A,A,A,A,A,B,A,A,A,A,A,A,A,A,B,A,A
MN2_592845,B,A,A,B,A,A,A,A,A,A,B,B,A,A,A,A,A,A,A
MN2_694239,A,A,A,A,A,B,A,A,B,A,A,A,A,A,B,A,B,A,A
MN2_764549,B,A,A,B,A,A,A,A,A,B,A,A,A,A,A,A,A,A,A
NMSNP2_839805,A,A,B,A,A,A,A,A,A,A,A,A,A,A,A,A,A,A,A
MN2_948609,B,A,A,A,A,A,A,A,B,B,A,A,A,A,A,A,A,A,A
MASC05477,A,A,B,A,A,A,A,A,A,A,A,A,A,A,A,A,A,A,A
MN2_1149628,A,B,A,A,A,B,A,A,A,A,A,A,A,A,B,A,A,A,B
MN2_1737583,A,NA,A,A,A,A,A,A,A,A,A,A,A,A,B,A,A,A,A
MN2_1798378,A,A,A,A,B,B,B,B,A,B,B,A,A,A,A,B,A,A,B
NMSNP2_1798607,B,A,A,A,B,B,B,B,A,B,B,A,A,A,A,B,A,A,B
MASC06808,A,A,B,B,A,A,A,B,A,A,B,A,A,A,A,B,A,A,B
MN2_2270500,A,A,A,A,B,A,A,A,B,A,A,A,A,B,A,A,A,A,B
MN2_2615632,B,NA,A,A,B,B,A,NA,A,A,A,B,B,A,NA,NA,A,A,B
MASC05962,A,A,B,A,NA,A,A,A,A,A,A,A,A,A,A,A,A,A,A
MASC05827,A,A,A,A,B,A,A,B,B,A,A,A,B,A,A,B,A,A,A
MASC03060,B,A,B,B,B,B,A,A,A,B,A,B,A,B,A,A,A,B,A
MASC05803,B,A,B,B,A,B,A,A,A,B,A,B,A,NA,A,A,A,A,A
SGCSNP1828,A,B,A,A,A,A,NA,B,NA,A,A,A,A,A,A,A,NA,A,A
MASC05711,A,A,A,A,A,A,A,B,A,A,NA,A,A,NA,NA,B,A,A,NA
MASC05848,A,A,A,A,NA,A,NA,B,A,A,A,A,A,A,A,B,NA,A,A
NMSNP2_3946439,A,A,A,A,A,A,A,B,A,A,A,A,A,A,A,NA,A,A,NA
MASC05857,A,A,B,B,NA,A,A,A,NA,A,A,B,A,A,A,A,A,A,B
MN2_4354465,A,A,A,A,A,A,A,B,A,A,A,A,A,A,A,B,A,B,A
MN2_4354824,A,A,A,A,A,A,A,B,A,A,A,A,A,A,A,B,A,B,A
MASC05420,A,A,A,A,A,A,A,B,A,A,A,A,A,A,A,A,A,A,A
MASC05782,B,B,B,B,B,B,B,B,B,B,B,B,B,B,B,B,B,B,B
MN2_5085768,A,A,B,A,B,A,A,A,A,A,A,A,A,A,A,A,A,A,A
MASC05360,B,A,A,A,A,B,A,B,A,A,A,B,A,B,B,NA,A,B,B
MN2_5250093,A,B,A,NA,A,A,B,NA,A,A,B,A,B,A,A,B,B,A,A
MASC05766,A,A,A,A,A,A,A,B,A,A,A,A,A,A,A,A,A,A,A
NMSNP2_6032798,B,A,A,A,A,A,A,A,A,A,A,A,A,A,A,A,A,A,B
MASC07357,A,NA,B,NA,A,NA,NA,A,A,A,B,A,NA,NA,A,B,A,NA,NA
MN2_6654226,B,B,A,B,A,A,B,A,B,B,B,B,A,A,A,A,A,A,A
MASC05757,A,A,A,A,A,B,A,B,NA,A,B,A,A,A,B,NA,B,A,B
MN2_7072735,B,A,A,A,A,B,A,A,B,A,A,B,A,A,A,A,B,A,A
MASC05443,A,A,A,A,A,A,A,A,A,A,A,A,A,A,A,A,B,A,A
NMSNP2_7150490,A,A,A,A,B,A,A,A,A,A,B,A,A,A,A,B,A,B,A
MASC05484,B,A,A,A,A,A,A,B,A,B,A,B,A,B,B,A,B,A,A
MN2_7551582,A,A,A,B,B,A,A,B,A,B,B,A,A,A,A,A,A,B,B
MN2_7650227,B,A,B,B,A,B,A,A,B,A,A,B,B,B,B,A,A,A,A
FDP_22,A,A,A,A,B,A,A,A,A,A,A,A,A,A,A,A,A,A,A
FDP_354,A,A,A,A,A,A,A,A,B,A,A,A,A,A,A,A,A,A,A
FDP_733,A,A,A,A,B,B,B,B,A,A,B,A,A,B,B,B,A,A,B
FDP_896,A,A,B,B,A,A,A,A,A,B,A,A,A,A,A,A,A,A,A
FDP_2020,A,A,A,A,A,A,A,A,A,A,B,A,A,A,B,A,A,A,A
MN2_7742622,B,A,A,A,B,A,A,A,A,A,A,A,A,A,A,A,A,A,A
MN2_8041868,A,A,A,A,A,A,A,A,A,A,A,A,A,B,A,A,A,A,A
PHYB_476,A,A,A,A,A,A,A,A,A,B,A,A,A,A,A,A,A,A,A
PHYB_617,A,B,B,B,A,A,A,B,A,B,B,A,A,A,A,A,B,B,A
PHYB_1645,A,A,B,B,A,A,A,B,A,A,A,A,A,A,A,A,B,A,A
PHYB_2850,A,A,A,A,B,B,A,A,B,A,A,A,A,A,B,A,A,A,B
PHYB_3060,B,A,A,A,A,A,B,A,A,A,A,B,B,B,A,B,A,A,A
PHYB_4171,A,A,A,A,A,A,A,A,A,B,A,A,A,A,A,A,A,A,A
PHYB_5215,B,A,A,A,A,A,B,A,A,A,A,B,B,B,A,B,A,A,A
MN2_8323924,B,A,A,A,A,A,A,A,A,A,A,A,A,B,A,A,A,A,A
MN2_8443352,A,A,A,A,A,A,A,A,A,A,A,B,A,B,A,A,A,A,A
FVE_1851,A,A,B,A,B,B,A,A,NA,A,A,A,A,NA,A,A,NA,NA,NA
MASC07330,A,A,A,A,A,A,B,B,A,A,A,A,A,A,A,B,A,A,A
MN2_8594369,B,A,A,A,A,A,A,A,B,A,B,A,A,A,A,A,A,A,A
MN2_8659973,A,A,B,A,A,A,A,A,B,A,A,A,A,A,A,A,A,A,A
MASC07166,A,A,A,A,A,A,A,B,A,A,A,A,A,NA,A,A,A,A,A
MN2_8750048,A,A,B,A,B,A,A,A,B,A,B,B,A,A,A,A,A,A,B
MN2_8799676,A,A,A,B,A,A,A,A,A,A,B,A,A,A,A,A,A,B,A
MASC02995,A,A,A,A,A,A,B,B,A,A,A,A,A,A,B,B,A,A,A
MASC05584,A,A,B,A,A,A,A,A,B,B,A,B,A,A,B,B,B,A,A
MN2_9256094,A,B,A,A,A,A,B,A,B,A,A,A,A,A,A,A,B,A,A
MN2_9256220,A,A,A,A,A,B,A,A,A,A,A,A,A,A,A,A,B,A,A
MASC02600,A,A,B,A,A,A,A,A,A,A,A,A,A,A,A,A,A,A,A
MN2_9428987,B,A,A,A,A,A,A,A,A,A,A,A,B,B,A,B,A,A,B
MASC07354,A,A,B,A,A,A,A,A,A,A,A,A,A,A,A,A,A,A,A
SVP_88,A,A,A,A,A,NA,B,A,A,A,A,A,A,A,A,B,A,A,A
SVP_694,A,A,A,A,A,A,A,A,A,A,A,A,A,A,A,A,B,B,A
SVP_993,A,A,A,A,A,A,B,A,A,A,A,A,A,A,A,B,A,A,A
SVP_3403,A,B,A,B,A,A,A,A,A,A,A,A,A,A,A,A,A,A,A
SVP_4824,B,A,A,A,B,B,A,A,A,A,A,A,A,A,A,A,A,A,A
MN2_9653239,A,A,B,A,A,A,A,B,B,A,A,A,B,B,A,A,A,A,B
MASC02928,A,A,A,B,A,B,B,B,A,A,A,A,A,A,A,A,A,A,B
MASC03019,B,B,A,A,A,A,B,B,B,A,A,A,A,B,A,B,A,A,A
MN2_10134400,A,A,A,A,B,A,A,A,A,A,B,A,A,A,B,A,A,B,A
MN2_10249407,A,B,A,B,A,A,A,A,A,A,A,A,A,A,A,A,B,A,A
MN2_10566684,B,A,A,A,A,B,B,B,B,A,A,A,A,B,A,A,B,A,B
MN2_10799937,B,A,A,A,A,A,B,B,B,B,A,A,A,A,A,A,A,B,A
MN2_10900221,A,A,A,A,A,A,A,A,A,A,A,A,A,A,B,A,A,A,A
MASC02949,NA,A,A,A,A,A,A,B,A,B,A,A,A,A,B,NA,B,A,B
MAX1_26,A,A,A,A,A,A,A,A,B,A,A,A,A,A,B,A,A,A,B
MAX1_402,A,A,A,A,A,A,A,A,B,A,A,A,A,B,B,A,A,A,B
MAX1_657,A,A,B,A,A,A,B,A,A,A,A,A,B,A,A,B,B,A,A
MASC05927,A,A,A,B,A,A,A,B,A,A,A,A,A,A,A,A,A,B,A
MASC05920,A,B,B,A,A,A,A,A,A,A,A,A,B,B,A,B,A,A,B
ER_472,B,A,A,A,A,A,A,A,A,B,A,B,A,A,A,A,B,A,B
MN2_11300378,B,A,A,A,A,A,A,A,A,A,A,A,A,A,A,A,A,A,A
MASC06116,A,A,A,A,A,A,A,B,A,A,A,A,A,A,A,A,A,A,A
MASC09221,A,A,B,A,A,A,A,A,A,A,A,A,B,A,A,B,A,NA,A
MN2_11457357,A,A,A,A,A,A,A,A,A,B,A,A,A,A,A,A,B,B,A
MASC05372,B,B,A,B,A,A,B,A,A,B,A,A,A,A,A,A,B,A,A
MASC02863,A,A,A,A,A,A,A,B,A,A,A,A,A,A,A,A,A,A,A
MN2_11564603,B,B,A,A,A,A,A,B,A,B,A,A,A,A,A,A,A,A,A
MN2_11595170,A,B,A,A,A,A,A,B,A,A,A,A,A,A,A,A,A,A,B
MN2_11691452,A,A,A,A,A,A,B,A,A,A,A,A,A,B,A,A,A,A,A
MASC05327,A,A,A,B,A,A,B,B,A,A,B,A,B,B,B,B,B,A,A
ATC_828,A,A,B,A,B,A,A,A,B,A,B,A,A,A,A,A,A,B,A
ATC_1679,A,A,A,B,A,A,A,A,A,B,A,A,B,B,A,B,A,A,A
MASC00349,A,A,A,A,A,B,A,B,A,A,A,B,B,A,B,B,A,A,B
MN2_12187411,B,A,A,B,A,A,A,A,A,A,A,A,A,A,A,A,A,A,A
MN2_12296907,B,A,B,A,B,A,A,A,A,B,A,A,A,B,A,B,B,A,B
MN2_12435349,A,A,A,A,A,A,A,A,A,A,A,A,A,B,A,A,A,A,A
MASC07284,A,A,B,A,B,B,A,A,A,A,A,A,B,A,B,A,A,A,A
MN2_12655100,A,B,A,B,A,A,A,B,B,A,B,A,A,A,A,B,A,A,B
MASC02492,A,A,A,A,A,A,A,B,A,B,B,B,A,A,A,A,A,A,A
MASC02787,A,A,A,B,A,A,B,B,A,A,B,A,A,B,A,A,A,A,B
MN2_13090443,A,A,A,B,A,B,A,B,B,A,A,B,A,B,A,A,A,B,A
MN2_13201786,B,B,A,A,A,A,A,A,A,A,B,A,B,A,B,B,A,A,A
MN2_13265590,A,A,A,B,B,B,B,A,A,A,A,A,A,A,A,B,A,A,B
MASC05434,A,A,B,A,A,A,A,B,B,A,A,A,A,A,A,B,A,A,A
MN2_13326105,A,A,B,A,A,A,A,B,A,A,A,A,A,A,A,B,B,A,A
MN2_13326473,B,B,B,A,B,A,A,B,B,A,B,A,A,A,A,B,B,A,A
MN2_13471565,A,A,B,B,B,B,B,A,A,B,A,B,A,A,B,A,A,B,A
MN2_13605144,A,A,A,A,A,A,A,A,B,A,A,A,B,A,A,A,B,A,A
MN2_13756416,A,A,A,A,B,B,B,B,A,B,A,B,A,B,A,A,B,A,A
MASC02512,A,A,B,A,A,A,A,A,A,A,A,A,A,A,A,A,A,B,A
MASC02971,A,A,B,A,A,A,A,A,A,A,A,B,A,A,A,A,A,B,A
MN2_14003409,A,B,A,A,B,A,A,B,A,B,A,A,B,A,B,A,A,A,A
MASC00585,A,A,B,A,A,B,A,A,A,A,A,B,A,A,A,A,A,B,A
SAR1_280,A,B,B,A,A,B,A,A,A,B,A,B,A,A,A,A,A,B,A
SAR1_183,A,A,A,B,B,A,B,A,B,A,A,A,B,B,B,A,B,A,B
MASC06798,A,A,B,A,A,B,A,A,A,B,B,A,B,B,A,B,B,A,A
FES1_3177,A,A,A,A,A,A,A,B,A,A,A,A,A,A,A,A,A,A,A
FES1_2930,A,B,A,B,A,A,A,B,A,A,A,A,A,A,A,A,A,A,A
FES1_1877,A,A,B,A,A,B,A,A,A,B,B,A,B,B,A,B,B,A,A
FES1_1177,B,A,A,A,B,A,B,A,B,A,A,B,A,A,B,A,A,B,B
MN2_14350717,A,A,A,A,A,A,A,A,A,B,B,A,A,A,A,B,A,A,A
MASC05841,A,B,A,A,A,A,A,B,A,B,B,A,A,A,A,B,A,B,A
MASC09222,A,B,A,A,B,A,A,A,A,B,B,A,A,A,B,B,A,B,A
MN2_14406873,A,A,A,B,A,A,A,A,A,A,A,A,A,A,A,A,A,A,A
MN2_14407001,B,A,A,A,A,A,A,B,A,A,A,A,A,A,A,A,A,A,A
MN2_14583090,A,A,A,B,A,A,A,A,A,A,A,B,B,B,A,B,A,B,A
NMSNP2_14697188,A,A,B,A,A,B,B,B,B,A,A,A,A,A,A,B,B,A,A
MN2_14801460,A,A,A,A,B,A,A,A,A,A,A,A,A,A,B,A,A,A,A
MASC06034,A,NA,B,A,B,B,B,A,B,A,A,NA,B,A,B,A,B,A,A
MN2_14949589,A,A,A,B,A,A,A,B,A,A,B,A,B,A,A,B,A,B,A
MN2_15251700,A,A,B,A,B,B,A,A,A,B,A,B,B,B,A,A,A,A,A
MASC05384,B,B,A,A,A,A,B,B,B,B,A,A,A,B,A,B,A,A,B
RAX2_405,A,A,A,A,A,A,A,B,A,A,A,A,A,A,A,A,A,A,A
MN2_15565512,A,B,A,A,B,A,A,A,A,A,A,A,A,A,A,A,A,A,A
MASC05402,A,A,A,A,A,A,A,B,A,A,A,A,A,A,A,A,A,A,A
MASC05385,B,B,B,A,B,A,A,A,A,B,A,A,A,B,A,A,B,A,A
MN2_15801493,B,B,A,A,A,A,A,A,A,A,A,A,A,A,A,A,B,A,A
MN2_16080260,A,A,A,A,A,A,A,A,A,A,A,A,A,A,B,A,A,A,A
MASC02232,A,A,B,A,A,A,A,A,A,A,A,A,A,A,A,A,A,A,A
MN2_16352463,A,A,A,A,A,A,A,A,A,A,A,A,B,A,A,A,A,A,A
MN2_16437489,A,A,A,B,A,A,B,A,B,A,A,A,B,B,A,A,A,A,B
MN2_16487410,A,A,A,A,A,A,B,A,B,A,A,A,B,B,A,A,A,A,B
MASC06077,A,A,B,A,A,A,A,A,A,A,A,A,A,A,A,A,A,A,B
HOS1_1176,A,B,A,A,A,A,A,A,A,A,A,B,B,A,A,A,B,A,A
HOS1_1788,A,B,A,B,A,B,B,A,A,A,A,B,B,A,B,A,B,A,A
HOS1_5516,A,A,A,A,A,A,A,A,A,A,A,B,B,A,A,A,B,A,A
HOS1_5595,A,A,A,B,A,B,B,A,A,A,A,A,A,A,B,A,A,A,A
HOS1_5954,B,A,B,A,B,A,A,B,A,B,A,A,A,B,A,B,A,B,B
MN2_16684166,A,B,A,B,B,A,A,A,A,B,B,A,A,B,B,B,A,A,A
MN2_16837474,A,A,B,A,B,A,A,A,A,A,A,B,B,B,A,A,B,B,A
MASC02930,A,A,B,A,A,A,A,A,A,A,A,B,B,A,A,A,B,A,A
MASC06022,A,A,B,A,A,A,A,B,B,A,A,A,A,B,B,B,A,A,B
NMSNP2_16908351,B,A,B,A,A,A,A,A,A,A,A,A,A,A,A,A,A,A,A
MN2_17051422,A,B,A,A,A,A,A,A,A,A,B,A,A,A,A,A,A,B,A
MASC02158,NA,A,A,B,A,A,B,B,B,A,A,A,A,A,A,A,A,A,A
MN2_17304379,A,A,A,B,A,A,A,A,A,A,A,A,A,A,A,B,A,A,A
MN2_17606148,B,B,A,B,B,A,A,A,A,A,A,A,B,A,A,A,B,B,A
MN2_17656418,B,A,A,A,A,A,A,A,A,A,A,B,A,A,A,A,A,B,A
MAX2_67,A,B,B,A,A,A,B,A,A,A,A,A,A,A,A,A,A,A,A
MAX2_216,A,A,A,A,A,A,A,A,A,B,A,A,A,A,A,B,A,A,A
MAX2_582,B,A,A,A,A,A,A,A,A,B,A,A,A,A,A,B,A,A,A
MAX2_752,B,A,A,A,A,A,A,A,A,B,A,A,A,B,A,B,A,A,A
MN2_17792406,B,A,A,A,A,A,A,A,A,A,A,A,A,B,A,A,A,A,A
MN2_17844494,B,A,A,A,A,A,A,A,B,A,A,A,A,A,A,A,A,A,A
MN2_17860020,B,A,A,A,A,A,A,A,A,A,A,A,A,A,A,A,A,A,A
MN2_17899626,B,A,A,A,NA,A,A,A,B,A,A,A,B,B,B,B,A,A,B
MASC02020,A,A,B,A,A,A,A,A,A,A,A,A,A,A,A,A,A,A,A
NMSNP2_18004250,B,A,A,B,A,A,A,A,A,A,A,A,A,A,A,A,A,A,A
MN2_18034146,A,A,B,A,A,A,A,A,A,A,A,A,A,A,A,A,A,A,A
MASC03046,A,A,A,B,A,A,B,B,B,B,A,A,A,B,A,B,B,A,A
MN2_18402190,B,A,A,A,A,A,B,A,A,B,B,B,A,B,A,A,A,A,B
MAX3_67,A,A,B,B,B,A,A,A,B,A,A,A,A,A,A,B,A,B,A
MAX3_141,B,A,A,A,A,A,A,A,A,A,A,A,A,B,A,A,A,A,A
MN2_18603109,A,A,A,A,B,A,A,A,B,B,A,A,A,B,A,A,B,A,A
MN2_18701292,A,A,B,B,B,A,A,B,A,B,A,A,A,B,A,A,A,B,A
MN2_18753024,A,A,B,A,A,A,A,A,A,A,A,A,A,A,A,A,A,A,A
SOC1_2890,A,A,B,A,A,A,A,A,A,A,A,A,B,A,A,B,A,B,A
SOC1_2742,A,A,B,B,A,B,B,A,B,B,A,A,B,A,A,B,A,B,A
SOC1_2480,B,A,A,A,A,A,A,B,A,A,A,A,A,A,A,A,B,A,A
SOC1_1594,B,A,A,B,A,A,A,B,A,A,A,A,A,A,A,A,B,A,A
SOC1_1494,B,A,A,B,A,A,A,B,B,A,A,A,A,B,A,A,B,A,A
SOC1_651,B,B,A,A,B,A,A,B,A,A,A,A,A,B,B,A,B,A,B
SOC1_461,B,A,A,A,A,A,A,B,A,A,A,A,A,A,A,A,B,A,A
MN2_18954429,A,A,A,A,A,A,B,B,A,A,A,A,A,A,A,A,A,A,A
MASC06044,A,A,A,A,A,A,A,B,A,A,A,A,A,A,A,B,A,B,A
MN2_18986211,B,A,A,A,A,A,B,B,B,A,A,A,A,B,A,B,A,B,A
MN2_19104250,A,A,A,B,A,B,B,A,B,A,A,A,A,A,A,A,A,A,A
MN2_19253011,A,A,A,B,A,A,A,A,A,A,A,A,A,B,A,A,A,A,A
MN2_19504653,B,A,A,A,A,A,A,A,A,A,A,A,A,A,A,A,A,A,B
MN2_19602061,A,A,B,A,A,A,A,A,A,A,A,A,A,A,A,A,A,A,A
MN2_19700798,A,A,A,B,A,A,A,A,B,A,A,A,A,A,A,A,A,A,A
MASC03898,A,B,B,A,A,A,A,NA,B,A,B,B,B,B,A,NA,A,A,A
NMSNP3_297894,A,A,A,A,A,B,A,A,A,A,A,A,A,B,A,A,A,A,B
MN3_580517,A,B,B,A,A,A,B,A,B,B,B,B,B,A,A,A,A,A,A
MN3_691072,A,A,A,B,A,A,A,A,A,A,A,A,A,A,A,A,A,A,A
RGL2_3396,B,A,A,A,A,A,A,A,B,B,A,A,B,A,A,B,B,A,A
RGL2_3255,A,A,A,A,A,A,A,A,B,B,A,A,B,A,A,B,B,A,A
RGL2_2959,A,A,A,A,B,A,A,A,A,A,A,A,A,A,A,A,A,A,B
RGL2_2115,A,B,A,A,A,A,A,A,B,B,A,A,B,A,A,B,B,A,A
RGL2_617,B,B,A,A,A,A,A,A,B,B,A,A,B,A,A,B,B,A,A
MN3_965032,B,A,A,A,A,A,A,A,A,A,A,A,A,A,A,A,A,A,A
MASC03001,A,A,A,A,A,B,A,A,A,A,A,A,A,B,A,A,B,A,B
FLK_2200,A,A,B,A,A,A,A,A,A,A,A,A,A,A,A,A,A,A,A
FLK_1526,A,A,B,A,A,A,A,A,A,A,A,A,A,A,A,A,A,A,A
FLK_958,A,A,B,A,A,A,A,A,A,A,A,A,A,A,A,A,A,A,A
MN3_1271206,A,A,A,A,A,B,A,A,A,A,A,A,A,A,A,A,A,A,A
GAr2_1349,B,A,A,A,A,A,A,A,A,A,A,A,A,A,A,A,A,A,A
NMSNP3_1638652,A,A,A,A,A,A,A,B,A,A,A,A,A,B,A,A,A,B,A
NMSNP3_1689583,A,A,A,A,A,A,A,B,A,A,A,A,A,B,A,B,A,A,A
MASC00175,A,A,A,A,A,A,B,B,A,A,A,A,A,B,A,A,A,A,A
MN3_1803905,A,B,A,A,A,B,A,A,A,A,A,A,B,A,A,A,A,B,B
NMSNP3_2216922,A,B,A,B,A,A,A,A,B,A,A,B,B,B,B,A,B,A,B
MN3_2232003,A,B,B,A,B,A,B,B,A,A,A,A,B,A,A,B,A,A,B
MN3_2232935,A,A,B,B,B,A,B,B,B,A,A,A,A,A,B,B,B,A,A
MN3_2236560,A,A,B,A,B,A,A,B,A,A,A,A,A,A,A,A,A,A,A
MN3_2236721,A,A,B,B,B,A,A,B,B,A,A,A,A,A,B,A,B,A,A
MN3_2485350,A,A,A,A,A,A,B,B,A,B,B,B,B,A,B,A,B,A,A
MN3_2565035,B,A,A,A,A,B,A,A,A,A,A,A,A,A,A,A,A,A,A
MN3_2770433,A,A,A,B,A,A,A,A,A,A,A,A,A,A,A,A,A,B,A
MASC07180,A,B,B,A,B,A,A,A,A,A,B,NA,A,B,A,A,A,A,B
MN3_2967877,NA,A,A,A,A,A,A,A,A,A,NA,B,A,A,A,A,A,A,A
MN3_3344789,A,B,A,A,A,A,A,A,A,A,A,A,B,A,A,A,A,A,B
MASC03344,B,A,B,A,A,A,A,A,A,A,A,A,A,B,A,B,A,A,A
MASC00560,NA,B,B,B,A,A,B,A,NA,B,A,NA,A,A,B,NA,A,B,A
MASC00564,A,B,B,B,A,A,B,A,A,B,A,A,A,A,A,A,A,B,A
MN3_3610522,A,A,B,B,A,B,B,B,B,B,A,A,A,A,B,B,A,A,A
SPY_1453,A,A,B,A,A,A,B,A,A,A,A,A,A,A,A,A,A,A,A
SPY_3013,A,A,B,A,B,B,B,A,A,A,A,A,A,A,A,A,B,A,A
SPY_5334,A,A,A,B,A,A,A,A,A,B,A,A,A,A,A,B,A,A,A
MN3_3679292,A,A,A,A,A,A,A,A,A,A,B,A,A,A,A,A,A,A,A
MN3_3679541,B,A,A,A,B,A,B,B,B,B,A,A,A,A,A,B,B,A,A
MN3_3895975,A,A,A,A,B,A,A,A,A,A,A,NA,A,B,A,A,A,B,A
MN3_3991983,A,A,A,A,B,B,A,A,A,A,A,A,A,B,B,A,A,B,B
PIE1_898,A,B,A,A,A,A,A,B,B,A,A,A,A,B,A,B,A,A,A
PIE1_1867,B,A,A,B,A,A,B,B,B,B,B,A,B,A,A,B,A,A,A
PIE1_5824,A,A,B,A,B,B,A,A,A,A,A,A,A,A,B,A,B,B,B
PIE1_7118,A,A,B,A,B,B,A,A,A,A,A,B,A,A,B,A,A,B,B
PIE1_8627,A,B,A,A,A,A,A,A,A,A,A,A,A,B,A,A,A,A,A
PIE1_9146,A,A,B,A,B,B,A,A,A,A,A,B,A,A,B,A,B,B,B
MN3_4141103,A,A,B,A,A,B,A,A,A,A,A,NA,A,B,A,A,A,A,B
MN3_4194859,B,A,A,A,A,A,B,A,A,A,A,A,A,A,A,A,A,A,A
MASC04486,A,A,A,A,A,A,A,B,A,A,A,NA,A,B,A,A,A,A,A
MN3_4305074,A,A,A,A,A,A,A,A,A,A,B,NA,A,A,A,A,A,A,A
MN3_4356066,A,A,A,A,B,A,A,A,A,A,A,A,A,A,A,A,A,A,A
MN3_4470311,A,A,A,B,A,A,A,B,B,A,A,A,A,A,A,B,A,A,A
MN3_4591414,A,A,A,A,A,B,B,A,B,B,A,A,A,A,A,B,A,A,A
MASC02947,B,B,NA,A,A,A,B,A,A,B,B,A,A,A,A,A,A,B,A
MASC01400,A,A,A,A,A,A,B,B,B,A,A,A,A,A,B,B,A,A,A
MASC04507,A,A,A,A,A,A,A,A,A,A,A,A,B,B,A,A,B,A,B
NMSNP3_4991903,A,B,A,A,A,A,A,A,A,A,A,A,A,A,A,A,A,A,A
NMSNP3_5091855,A,A,B,A,A,A,A,B,A,A,A,A,A,A,A,A,A,A,A
MN3_5210480,A,A,A,A,B,A,A,A,A,A,A,A,A,B,A,A,B,A,A
MN3_5299949,A,A,A,B,A,B,A,A,A,A,A,A,A,B,A,A,A,B,A
MN3_5440626,NA,NA,A,A,A,NA,NA,NA,NA,NA,NA,A,NA,A,NA,NA,A,B,A
MASC04409,B,A,A,B,A,A,A,B,A,B,A,A,A,A,A,B,B,A,A
MN3_5640301,A,A,A,A,A,A,A,A,A,A,A,A,A,A,A,A,A,A,B
MN3_5749951,B,A,A,A,A,A,A,A,A,A,A,A,A,A,A,A,A,A,A
MN3_5910420,A,A,A,B,A,A,A,A,A,A,A,A,A,A,A,A,B,A,A
MASC01537,A,B,B,A,A,B,A,A,A,B,B,B,A,A,A,A,A,B,B
MN3_6240600,B,A,A,A,A,A,A,B,B,A,A,A,NA,A,NA,A,A,A,B
MASC01747,A,A,A,A,A,A,A,B,A,A,A,A,A,A,A,A,A,A,A
MN3_6450403,A,A,A,A,A,A,A,B,A,B,A,A,A,A,A,A,A,A,A
MASC04279,A,A,B,A,A,A,A,A,A,A,A,A,A,A,A,A,A,A,A
MASC04295,A,A,A,A,NA,A,A,A,A,A,A,A,A,A,A,A,B,A,A
MN3_6811299,A,A,A,A,B,A,A,A,A,A,A,A,A,A,A,A,A,A,A
MN3_6890804,A,A,A,B,A,A,A,A,A,B,A,A,A,A,A,A,B,A,B
MASC02637,A,A,A,A,A,A,A,A,A,B,A,A,A,A,B,A,B,A,A
MN3_7120942,NA,NA,A,B,NA,NA,B,NA,NA,A,A,A,A,B,A,B,A,B,B
MN3_7225496,B,B,B,A,B,B,A,A,A,A,A,B,B,A,A,A,A,B,A
MN3_7392098,B,B,A,A,A,A,A,A,A,B,A,A,B,B,A,A,A,A,A
MASC01568,A,A,A,A,A,B,A,B,B,A,A,A,A,B,A,A,B,A,A
MASC01672,A,B,A,A,A,B,A,B,B,A,A,A,A,A,A,A,B,A,A
MASC02447,A,A,A,A,A,A,A,A,A,A,A,A,A,A,NA,A,B,A,NA
MN3_7590615,A,A,A,A,A,A,A,A,A,A,A,A,A,A,B,A,A,A,A
MASC01373,A,A,A,A,A,A,A,B,A,A,A,A,A,A,A,A,A,A,A
MN3_7842354,B,A,A,A,B,A,A,A,A,A,A,A,A,A,B,A,A,B,A
MN3_7917701,A,A,A,B,A,A,A,A,A,A,A,A,A,A,A,A,A,A,A
NMSNP3_7976242,A,A,A,A,A,B,A,A,A,A,A,A,A,A,A,A,A,A,B
NMSNP3_8041859,A,B,B,A,A,B,A,B,B,B,B,B,A,B,A,A,A,A,A
MN3_8042142,A,A,A,A,A,A,A,A,A,A,A,A,B,A,B,B,A,A,B
MASC04053,A,B,B,A,A,A,A,A,A,A,B,B,B,A,A,B,B,B,A
MN3_8118135,B,A,A,A,B,A,A,A,A,A,A,A,A,B,B,B,A,A,A
MN3_8190264,B,A,A,A,A,A,A,A,A,A,A,A,A,A,A,A,A,A,A
AXR2_486,A,A,A,A,A,A,A,A,A,A,A,A,A,A,A,B,A,A,A
MASC04302,A,A,B,A,A,B,A,A,A,A,A,A,A,A,A,A,A,B,B
NMSNP3_8447967,A,A,B,B,A,B,B,A,A,A,A,A,A,B,B,B,B,B,A
MN3_8448466,A,A,A,A,A,A,A,A,A,A,A,A,A,B,B,A,A,B,A
MASC02733,A,A,A,A,A,A,A,B,A,B,A,A,A,A,A,A,A,A,A
MN3_8535358,A,B,B,A,B,B,A,A,B,A,B,B,A,A,A,B,A,A,A
MASC00324,A,A,A,A,A,A,A,B,A,A,A,A,A,A,A,A,A,A,A
MN3_8693286,B,A,A,A,A,A,B,B,B,B,B,B,A,A,B,A,B,A,A
MN3_8693523,B,A,A,A,A,A,B,A,B,B,B,B,A,A,B,A,B,A,A
MN3_8828575,A,A,B,B,B,B,A,A,A,A,A,A,A,A,A,A,B,A,A
MN3_8971383,B,A,A,A,A,B,A,A,A,A,A,A,A,A,B,A,A,B,B
MASC04510,B,A,A,A,A,A,A,A,A,A,A,A,A,A,A,A,B,A,A
MASC04560,A,A,A,A,A,A,A,B,A,A,A,A,A,A,A,A,B,B,B
MASC04498,B,A,A,A,A,A,A,B,A,A,A,A,A,A,B,A,B,A,B
MN3_9279089,B,A,A,A,A,A,A,B,A,A,A,A,A,A,A,A,A,A,A
MN3_9342356,B,A,B,A,A,A,B,A,A,A,A,A,A,B,A,B,B,B,A
MN3_9547648,A,B,A,A,A,A,A,A,A,A,A,A,B,A,A,A,A,A,A
MASC01287,A,A,B,A,B,A,A,A,A,A,A,A,A,B,B,A,A,A,A
MN3_9747529,A,B,B,A,B,A,A,A,B,A,A,A,B,A,B,A,A,B,A
MASC01390,A,A,A,A,A,A,A,B,A,A,A,A,A,A,A,A,A,A,A
MASC04523,A,B,B,A,B,B,A,A,A,B,A,A,B,A,A,B,A,B,B
MN3_10055595,B,A,A,A,A,A,A,A,A,A,A,A,B,A,A,A,A,B,A
MN3_10142705,A,B,A,A,A,A,B,A,A,B,B,B,B,A,A,A,B,B,A
MASC01072,A,A,A,A,A,B,A,B,A,A,A,A,A,A,A,B,A,A,A
MASC01048,A,A,A,A,A,A,A,B,A,A,A,A,A,A,B,A,B,A,A
MN3_10363610,A,A,A,B,B,B,B,A,B,A,B,B,A,A,B,NA,A,B,A
MN3_10382169,B,B,B,A,B,B,A,A,A,A,A,A,B,B,A,A,B,A,A
MN3_10382626,B,B,B,A,B,B,A,A,A,A,A,A,B,B,A,A,A,A,A
MASC02770,A,A,A,A,A,A,A,A,A,B,A,A,A,A,A,B,B,A,A
MN3_10790631,A,B,A,A,A,A,A,A,A,A,B,B,A,A,A,A,A,A,A
MN3_10790732,A,A,A,A,A,A,A,A,A,A,B,B,A,A,A,A,A,A,A
MASC01098,A,A,A,A,B,B,A,B,A,A,A,A,B,A,B,A,A,A,B
NMSNP3_10995664,B,B,A,A,A,A,A,B,B,B,A,A,A,B,A,B,A,A,A
MN3_11097848,A,NA,A,B,A,NA,A,B,A,A,NA,NA,B,A,B,A,A,NA,NA
MN3_11190184,A,A,A,A,A,A,A,A,A,A,A,A,A,B,A,A,A,A,A
MN3_11192189,B,A,B,B,A,A,A,B,B,B,A,A,A,A,A,A,B,A,B
MN3_11293349,A,A,A,A,A,A,A,A,A,A,A,A,A,A,B,A,A,A,A
MN3_11398208,B,B,B,A,B,B,A,A,B,A,A,A,A,A,A,B,A,A,A
MASC04519,A,A,A,NA,A,A,A,A,B,NA,A,A,A,NA,A,A,B,A,NA
SGCSNP4309,NA,A,A,A,A,A,A,B,A,A,B,B,A,A,A,A,A,A,A
MASC02222,A,A,A,A,A,A,A,B,A,A,A,A,A,A,B,B,A,B,A
MN3_12044914,B,B,B,A,B,A,A,A,A,A,A,A,NA,NA,A,A,A,A,A
MN3_12348963,A,A,A,B,NA,B,A,A,A,NA,A,A,NA,A,A,A,A,A,A
MASC04262,A,NA,B,A,A,NA,A,NA,A,A,A,A,A,A,A,A,NA,A,A
NMSNP3_12647157,A,A,A,B,A,B,A,A,A,B,A,A,A,A,A,A,A,A,A
NMSNP3_12647572,A,A,A,A,B,A,A,A,A,A,A,A,A,A,A,A,A,A,A
MN3_13148284,A,NA,A,A,A,A,A,B,B,A,NA,NA,A,A,A,A,A,NA,A
MASC07409,A,A,A,A,A,A,A,B,A,A,A,A,A,A,A,A,A,A,A
MASC05049,A,A,B,A,A,A,A,A,A,A,A,A,A,A,A,A,A,A,A
NMSNP3_14333132,A,A,A,A,A,A,A,A,B,A,A,A,A,A,A,A,A,A,A
NMSNP3_14333216,A,A,A,A,A,A,A,A,A,A,A,A,A,A,A,A,A,A,B
NMSNP3_15028196,B,A,A,A,B,A,A,A,A,B,A,A,A,B,A,B,A,A,A
MN3_15233489,B,A,A,A,A,B,A,A,A,A,A,A,A,A,A,A,A,A,A
MN3_15328754,A,A,A,A,A,A,A,B,A,A,A,A,A,NA,NA,NA,A,A,A
MN3_15679400,A,A,A,A,A,A,A,A,A,A,B,B,A,A,A,B,B,A,A
MN3_15679799,A,A,B,A,A,A,NA,A,A,A,A,A,A,A,B,A,A,NA,NA
MN3_15771965,A,B,A,B,A,A,NA,B,A,A,B,B,A,B,A,A,B,B,A
MASC04630,A,B,A,A,B,A,A,B,B,A,A,A,A,A,A,A,A,B,A
MASC07090,NA,NA,A,NA,B,NA,NA,A,A,B,NA,NA,NA,B,NA,NA,A,NA,A
MN3_16176877,A,B,A,A,A,B,B,A,A,A,A,A,B,A,A,B,A,B,B
MASC05163,NA,NA,B,A,A,A,A,NA,A,NA,A,A,A,A,NA,A,A,A,A
MN3_16489672,A,B,B,A,B,A,A,B,B,A,A,A,B,A,A,B,A,B,B
NMSNP3_16553703,A,A,B,A,A,A,A,A,A,A,A,A,A,A,A,A,A,A,A
MN3_16608234,A,A,A,A,A,A,A,A,A,B,A,A,A,A,B,A,A,A,A
MN3_16608317,A,A,A,A,B,A,A,B,A,B,B,B,A,A,B,A,B,B,B
MN3_16608615,A,B,B,A,A,B,B,B,B,A,A,A,B,B,A,B,A,A,A
MASC01148,NA,A,B,NA,NA,A,A,A,A,A,A,A,A,A,A,A,A,A,A
PERL0600049,A,A,B,A,B,A,A,B,A,A,A,A,A,B,A,B,A,A,B
MN3_16676939,A,A,B,A,B,A,A,B,A,A,A,A,A,B,A,B,A,A,B
PERL0600074,A,A,B,A,B,A,B,B,A,A,A,A,A,B,A,B,A,A,B
MN3_17166362,A,A,B,B,A,B,B,B,A,A,A,A,A,A,B,A,B,B,B
NMSNP3_17381469,A,A,A,A,A,A,A,B,A,A,A,A,A,A,A,A,A,A,A
MASC00948,B,B,B,NA,NA,NA,NA,A,NA,NA,B,B,A,A,A,A,A,A,NA
MASC07256,B,A,B,A,NA,A,A,A,A,A,B,B,A,A,A,A,A,A,A
MASC03166,A,A,A,A,B,A,A,B,B,A,A,A,A,A,A,A,A,A,A
MASC03175,A,A,A,A,B,A,A,B,B,A,A,A,A,A,A,A,A,A,A
MASC09041,A,A,B,B,B,A,A,A,A,A,B,B,B,A,A,B,B,A,B
MASC07226,A,NA,B,A,B,A,A,A,A,A,B,B,B,NA,NA,B,B,A,A
MN3_17766901,B,A,A,A,B,A,B,B,A,A,A,A,A,A,A,B,A,B,A
MN3_17767232,A,B,A,B,A,A,B,A,A,A,A,A,A,B,B,A,A,A,B
NMSNP3_17882342,A,A,A,A,B,A,A,A,A,A,A,A,A,A,A,A,A,A,A
SGCSNP6012,A,A,A,A,A,A,A,B,B,A,A,A,A,A,A,A,A,A,A
BKN7185,A,A,A,A,A,A,A,A,A,A,A,A,A,A,A,A,B,B,A
NMSNP3_18379643,A,A,A,A,A,A,B,A,A,A,A,A,A,A,A,A,B,A,A
NMSNP3_18379818,A,A,A,A,A,A,A,B,A,A,A,A,A,A,A,A,A,B,A
RAX3_419,A,A,A,B,B,B,A,A,B,A,A,A,A,A,A,A,A,B,A
MN3_18510255,A,A,A,A,A,A,A,B,A,A,A,A,A,A,A,A,A,A,A
MASC03176,B,A,A,B,A,A,B,A,A,A,A,A,B,A,A,B,B,A,A
MASC09224,A,A,B,A,A,A,A,A,A,A,A,A,A,A,A,A,A,A,A
MN3_18590814,A,B,A,A,A,A,A,A,A,B,A,A,B,B,B,A,A,A,A
MASC01820,A,B,B,A,A,A,A,A,A,A,A,A,NA,B,B,A,A,A,NA
MASC02769,B,B,A,B,A,A,A,B,B,B,B,B,B,A,A,A,A,A,A
NMSNP3_18980664,B,B,A,B,A,A,A,B,B,B,A,A,B,A,A,A,A,A,A
MN3_19077245,B,A,A,B,A,A,A,B,A,A,B,B,A,A,A,A,A,A,A
MN3_19179085,A,A,A,A,A,A,B,B,A,A,A,A,A,A,A,A,A,A,B
MN3_19283177,B,A,A,A,B,A,A,A,B,A,B,B,A,A,A,A,A,A,A
MN3_19533632,A,A,A,A,A,A,A,A,A,A,B,B,A,A,A,A,A,A,A
NMSNP3_19627883,A,A,A,A,A,A,A,B,A,A,A,A,A,A,A,A,A,A,A
MASC02507,A,A,A,A,A,A,B,A,A,A,A,A,A,A,A,B,B,A,A
MN3_19725553,A,B,B,B,A,A,A,A,A,B,A,A,B,A,B,A,A,A,B
MASC04031,A,A,B,A,B,A,A,A,A,A,A,A,A,A,A,A,A,B,A
MASC01006,A,A,B,A,A,A,A,A,A,A,A,A,A,A,A,A,A,A,A
MN3_19831791,A,A,A,A,A,B,A,A,A,A,A,A,A,A,B,A,A,A,B
NMSNP3_19831941,A,A,A,A,B,A,A,A,A,A,A,A,A,A,A,A,A,B,A
MASC03218,A,A,B,A,B,A,A,A,A,A,A,A,A,A,A,A,A,B,A
MASC04039,A,A,B,A,B,A,B,A,A,A,B,B,A,A,A,A,A,B,A
MASC07178,B,A,B,A,B,A,A,A,A,A,B,B,A,A,A,A,A,B,A
MN3_20027994,A,A,B,A,A,A,B,A,A,A,B,B,B,A,A,B,A,B,A
MN3_20028297,A,A,B,A,A,A,B,A,A,A,B,B,B,A,A,B,A,B,A
MASC04671,A,A,A,A,A,A,A,B,A,A,A,A,A,A,A,A,A,A,A
AMP1_458,A,B,A,B,A,A,A,B,B,A,B,B,A,A,B,A,A,A,A
MASC04739,NA,NA,B,A,A,B,NA,A,NA,A,NA,B,A,NA,B,B,NA,A,B
MN3_20428407,A,A,A,A,A,A,A,A,A,A,A,A,A,A,A,A,B,A,A
MASC04749,A,A,B,A,A,B,A,A,A,A,A,A,A,B,B,A,A,A,B
MASC00009,B,B,B,B,A,A,A,A,A,A,A,A,A,A,A,A,A,B,A
MASC00010,A,A,B,B,A,A,A,A,B,A,A,A,A,A,A,A,A,B,A
MN3_20607883,A,A,A,A,B,A,A,A,A,A,A,A,A,A,A,B,A,A,A
MASC07261,A,A,A,A,B,A,B,B,B,A,A,A,A,A,B,A,A,A,A
MN3_20728619,B,B,A,B,A,A,A,B,A,A,A,A,A,B,A,A,A,B,A
MASC00020,A,A,B,A,A,A,A,A,A,A,A,A,A,A,A,A,B,A,A
MN3_20828994,A,A,A,B,A,B,A,A,A,A,A,A,A,A,A,A,A,A,B
MASC00028,A,A,A,A,B,A,A,B,A,A,A,A,A,A,A,A,A,A,A
NMSNP3_21034379,A,A,A,B,A,A,A,B,A,A,A,A,A,A,A,A,A,A,A
MN3_21127619,A,A,A,B,A,A,A,A,B,A,A,A,A,A,A,A,A,A,A
NMSNP3_21230086,A,A,A,A,A,A,A,B,A,A,A,A,A,B,A,B,B,A,A
MN3_21230323,B,B,B,B,B,A,A,B,A,A,A,A,A,B,A,B,B,A,A
MN3_21309453,A,A,A,A,A,B,A,A,A,A,A,A,A,A,A,B,A,A,A
MN3_21528561,A,B,A,A,A,B,A,A,A,A,B,B,A,A,A,B,A,A,A
MN3_21632898,B,A,A,A,A,A,A,A,A,A,B,B,A,A,A,A,A,B,A
MASC02322,A,A,A,A,A,A,B,B,A,A,A,A,A,A,A,A,A,A,A
MN3_21728318,A,A,A,B,A,A,A,A,A,A,A,A,A,A,A,A,A,B,A
MASC02321,A,A,B,B,A,A,A,A,A,B,A,A,B,B,A,A,A,B,A
MN3_21927565,A,A,A,B,A,B,A,A,A,A,A,A,A,A,A,A,A,B,A
NMSNP3_21989468,A,A,A,A,A,B,B,B,A,A,A,A,B,A,A,A,A,A,A
ARGOS_479,B,NA,A,NA,A,A,A,A,A,B,A,A,B,A,A,B,B,A,A
MN3_22146586,A,B,B,A,A,A,A,A,A,A,B,B,A,A,B,A,A,B,B
MN3_22230240,A,A,A,A,A,A,A,A,A,A,A,A,A,A,A,A,B,A,A
MN3_22316041,B,A,A,A,A,A,A,A,A,A,A,A,A,A,A,A,A,A,A
MN3_22370904,B,A,A,A,A,A,A,A,A,A,B,B,A,A,A,A,A,A,B
NMSNP3_22617260,A,NA,A,A,A,A,A,B,A,A,A,A,NA,NA,B,A,A,A,A
MASC04925,B,A,B,A,A,A,A,A,B,B,B,B,A,A,B,B,A,B,A
NMSNP3_22678932,B,A,A,B,A,A,A,A,A,A,A,A,A,A,A,A,B,A,A
MASC03109,B,A,B,A,A,A,A,A,A,A,B,B,B,A,A,A,B,A,A
MN3_22787640,A,A,B,B,A,A,A,A,A,A,A,A,A,B,A,A,A,B,A
MN3_22843506,B,A,A,A,A,A,A,A,A,A,A,A,A,A,A,A,A,A,A
MN3_23054119,A,A,A,A,B,A,A,A,A,A,A,A,A,A,A,A,A,B,A
MN3_23099266,B,B,A,B,A,A,A,A,A,A,A,A,A,A,A,A,B,A,B
MN3_23260905,A,A,A,B,A,B,A,B,A,B,B,B,A,B,A,A,B,A,A
GAr3_248,A,A,A,A,A,A,B,A,A,A,A,A,B,A,B,B,A,A,A
GAr3_390,A,A,A,A,A,A,B,A,A,A,A,A,B,A,B,B,A,A,A
GAr3_949,B,A,B,A,A,B,B,A,A,A,A,A,B,A,B,B,B,A,A
GAr3_1381,B,A,B,A,A,A,B,A,A,B,A,A,B,A,B,B,A,A,A
GAr3_2130,B,A,B,A,A,B,A,A,A,B,A,A,B,A,B,B,B,A,A
GAr3_3160,A,A,A,A,A,A,A,A,B,A,A,A,A,A,A,A,A,A,A
GAr3_3658,B,A,B,A,A,A,A,A,A,B,A,A,A,A,A,A,B,A,B
NMSNP3_23412283,A,A,A,A,A,A,A,B,A,A,A,A,A,A,A,A,A,A,A
MN4_48812OK,A,B,A,B,A,A,A,A,A,B,A,A,B,A,A,B,A,A,A
MN4_142943,B,A,A,A,A,A,B,B,A,A,A,A,A,A,A,A,A,A,A
MN4_241821,A,A,A,A,A,A,B,A,B,A,A,A,A,A,A,B,A,A,A
FRI_725,A,A,A,B,A,B,A,B,A,B,A,A,B,A,B,A,A,B,A
FRI_927,A,A,B,A,B,A,A,A,A,A,B,B,A,A,A,A,A,A,B
NMSNP4_270272,B,A,A,A,A,A,A,A,A,A,A,A,A,B,A,A,A,A,A
FRI_1888,A,A,B,A,B,A,A,A,A,A,B,B,A,A,A,A,A,A,B
FRI_2343,A,A,B,A,B,A,A,A,A,A,B,B,A,A,A,A,A,A,A
MASC04123,A,A,B,A,B,A,A,A,A,A,B,B,A,A,A,A,A,A,A
MN4_428535,A,A,A,A,B,A,A,A,A,A,A,A,A,A,A,A,A,A,A
MN4_428737,A,A,A,A,A,A,A,A,A,A,A,A,A,B,A,A,A,A,A
MN4_541323,A,A,A,A,A,A,A,A,A,B,A,A,A,A,A,A,B,A,A
MASC02680,A,B,B,A,B,A,B,A,B,A,B,B,A,A,A,B,A,B,A
MASC04651,A,A,B,A,A,A,A,A,A,A,A,A,A,A,A,A,A,A,A
MASC02790,A,A,B,A,A,A,A,A,A,A,A,A,A,A,A,A,A,A,A
MASC02819,B,A,A,B,B,A,A,B,A,B,A,A,A,B,B,A,A,A,A
MASC05116,B,A,A,B,B,A,A,B,A,B,A,A,A,B,B,A,A,A,A
MN4_1055425,B,A,A,A,A,A,A,B,B,A,A,A,A,A,B,B,A,A,A
MASC04725,A,NA,B,A,A,A,A,A,A,A,A,B,A,A,A,A,A,A,A
MASC04658,A,B,A,A,A,A,A,A,A,A,B,A,B,B,A,B,B,A,A
LD_5903,A,NA,A,A,A,A,A,A,A,A,B,A,B,A,A,A,A,A,A
LD_5094,A,A,A,A,A,A,A,A,A,A,A,A,A,B,A,B,A,A,A
LD_3166,A,A,A,A,A,A,A,A,A,A,A,A,B,A,A,A,A,A,A
LD_258,A,A,A,A,A,A,A,A,A,A,B,A,B,A,A,A,A,A,A
AXR6_733,A,A,A,A,A,A,A,A,A,A,A,A,A,B,A,A,A,A,A
GA1_8429,A,A,B,A,A,A,A,A,A,B,A,A,A,A,A,B,A,B,A
GA1_7845,A,A,B,A,A,A,A,A,A,B,A,B,A,A,A,B,A,B,A
GA1_7762,A,A,A,A,B,A,A,A,A,A,B,B,A,B,A,A,B,A,B
GA1_5420,A,A,B,B,A,B,A,A,B,B,A,A,A,A,A,B,A,B,A
GA1_4586,A,B,B,A,A,B,A,A,B,B,A,A,A,A,A,B,A,B,A
GA1_3232,A,A,A,A,A,A,B,B,A,A,A,A,B,A,B,A,B,A,B
GA1_2963,B,A,A,B,B,A,A,A,A,A,B,B,A,B,A,A,A,A,A
GA1_1502,A,B,A,B,A,B,A,A,A,A,B,A,A,A,B,A,B,A,A
MN4_1553589,NA,A,A,NA,NA,NA,A,NA,NA,A,NA,NA,NA,B,NA,A,NA,NA,NA
NMSNP4_1585200,A,A,A,A,A,A,A,B,A,A,A,A,A,A,A,A,A,A,A
MN4_1613365,A,B,A,A,NA,NA,NA,B,NA,NA,NA,B,A,NA,NA,A,B,B,A
MASC02074,A,A,B,B,A,A,A,A,A,A,A,A,A,A,A,A,A,A,A
NMSNP4_2133049,A,A,A,A,A,A,A,B,A,A,A,A,A,A,A,A,A,A,A
MN4_2241604,B,A,B,A,B,A,A,A,A,A,A,A,A,B,A,A,B,A,B
MN4_2441131,B,B,B,A,A,A,A,A,A,A,B,A,A,A,A,A,B,A,A
MASC04881,A,A,B,A,A,A,A,A,A,B,A,A,A,A,A,A,A,A,A
NMSNP4_2510397,A,A,A,A,A,A,A,A,B,A,A,A,A,A,A,B,A,A,A
MASC07280,A,NA,A,B,A,B,A,B,A,NA,NA,NA,A,A,NA,B,B,A,A
MASC07337,B,B,B,A,A,A,B,A,A,A,A,B,A,A,A,A,A,A,B
MASC07341,A,A,A,A,A,A,A,B,A,A,B,B,A,A,A,A,A,A,A
MASC03328,A,A,A,A,A,A,A,A,A,A,A,A,A,A,A,A,B,A,A
MASC04894,A,B,A,A,NA,NA,NA,B,NA,NA,NA,A,A,NA,NA,A,A,A,A
MASC04117,A,A,A,A,A,NA,NA,B,A,NA,NA,A,A,A,NA,A,NA,A,NA
MASC09225,A,A,B,B,A,A,A,A,A,A,A,A,A,B,A,B,A,A,B
MASC03713,A,NA,B,A,A,B,A,A,A,B,A,A,A,A,B,NA,A,A,A
NMSNP4_3006988,A,B,B,A,A,B,A,A,A,B,A,A,A,A,B,B,A,A,A
PERL0692204,A,A,B,A,A,A,A,A,A,A,A,A,A,A,A,A,A,A,A
PERL0695439,A,NA,B,A,A,B,A,A,A,B,A,A,A,NA,NA,NA,A,A,NA
PERL0697342,A,A,B,A,A,A,A,A,A,A,A,A,A,A,A,A,A,A,A
PERL0699005,A,NA,B,A,A,A,A,A,A,A,NA,A,A,A,A,A,A,A,A
PERL0700458,A,A,B,A,A,B,A,A,A,B,A,A,A,A,A,B,A,A,A
PERL0701286,NA,NA,NA,NA,NA,NA,NA,NA,NA,NA,NA,NA,NA,NA,NA,NA,NA,NA,NA
NMSNP4_4803012,A,A,A,A,A,A,B,B,A,A,A,A,A,A,A,A,A,A,B
MN4_4933868,A,B,B,B,A,A,NA,B,B,A,B,B,A,A,A,A,A,B,B
MASC04672,A,A,B,A,A,A,A,A,A,A,A,A,A,A,A,A,A,A,A
MASC05102,A,A,A,A,A,A,A,A,A,A,A,A,A,A,A,A,B,A,A
MN4_5291400,A,A,A,A,B,B,B,A,A,A,A,A,B,A,A,A,A,A,A
CRY1_1112,A,A,A,A,A,A,A,A,B,A,A,A,A,A,A,A,A,A,A
MN4_5775707,B,B,A,A,A,A,A,B,A,A,A,A,B,B,A,B,A,A,A
MASC05017,A,A,B,A,A,A,A,A,A,A,A,A,A,A,A,A,A,B,A
MASC02654,B,A,B,A,B,A,B,A,B,B,A,A,A,A,A,A,A,B,A
MASC05208,B,A,B,B,B,A,A,B,B,A,A,A,A,A,B,A,A,A,A
MASC00122,B,A,A,A,A,B,B,B,A,A,B,A,A,B,A,B,B,B,A
NMSNP4_6781435,A,A,A,A,A,A,A,B,A,A,A,A,B,A,A,A,A,B,A
MN4_6924080,B,B,A,A,B,B,A,A,A,B,B,B,A,B,A,A,A,B,A
NMSNP4_7045721,A,A,A,A,A,A,A,B,A,A,A,A,A,A,A,A,A,A,A
MN4_7177248,A,A,A,A,A,A,A,B,A,A,A,A,A,A,A,A,A,A,A
MASC00093,B,B,A,A,A,A,A,B,B,B,A,A,B,A,A,A,B,B,B
MASC07316,A,A,B,A,B,A,A,A,NA,A,A,A,A,A,A,A,A,A,NA
MASC00094,A,A,A,A,A,A,A,B,A,A,A,A,A,A,A,A,A,A,A
NMSNP4_7448732,A,A,A,A,A,A,A,B,A,A,A,A,A,A,B,A,A,A,A
MN4_7858241,A,A,B,A,A,A,B,A,B,B,A,A,A,A,B,A,B,A,A
MASC03250,A,B,A,A,B,A,A,B,A,A,A,A,B,B,A,A,A,A,A
MN4_8078648,A,A,A,B,A,A,A,B,B,A,A,A,B,A,A,B,A,B,B
MN4_8177683,A,B,B,A,A,A,B,A,A,A,A,A,A,A,A,A,A,A,A
NMSNP4_8482327,A,B,A,A,A,A,A,A,A,A,A,A,A,A,A,A,A,A,A
MN4_8789187,B,B,A,A,A,A,A,B,A,B,A,A,B,A,A,A,A,A,B
NMSNP4_8876711,A,A,A,A,A,B,A,A,A,A,A,A,A,A,B,A,A,A,A
MN4_8957775,A,B,A,B,A,A,A,A,A,A,A,A,A,A,B,B,A,A,A
ESD4_1150,B,A,A,A,A,A,B,B,A,B,A,A,A,B,A,B,B,A,A
ESD4_1264,B,A,A,A,A,A,B,B,A,A,A,A,A,A,A,A,B,A,A
ESD4_1754,A,A,A,A,B,A,A,A,A,A,A,A,A,A,A,A,A,B,A
ESD4_1925,A,A,B,B,A,A,A,A,B,A,B,B,B,A,A,A,A,A,A
ESD4_4722,A,B,B,B,A,A,A,A,B,B,B,B,B,B,A,A,A,A,A
MN4_9121213,A,A,A,A,B,A,A,A,A,A,B,B,A,A,A,A,A,A,A
MASC03269,B,A,B,A,B,B,A,A,A,B,B,B,A,A,A,A,A,A,A
MN4_9176420,A,A,A,A,A,A,A,A,A,A,A,A,A,B,B,B,A,A,A
PHYD_4813,A,A,B,B,A,A,B,A,A,A,A,A,A,A,A,A,A,A,A
PHYD_3586,A,A,B,A,A,A,A,A,A,A,A,A,A,A,A,A,A,A,A
PHYD_3094,A,B,A,A,A,B,A,A,B,A,A,A,A,A,A,B,A,A,A
PHYD_2806,A,A,A,B,A,A,A,A,A,A,A,A,A,A,A,A,A,A,A
PHYD_2290,A,B,B,A,A,B,A,A,B,A,A,A,A,A,A,B,A,A,A
PHYD_1815,A,B,A,A,B,B,A,A,B,A,A,A,A,B,B,B,A,A,B
PHYD_930,A,A,A,A,B,A,A,A,A,A,A,A,A,B,B,A,A,A,B
MN4_9213312,B,A,A,B,A,B,B,A,A,A,B,B,A,A,B,A,B,A,A
MN4_9226751,A,A,A,A,A,A,A,A,A,A,A,A,A,A,A,A,B,A,A
MASC00901,A,A,B,A,A,A,A,A,A,A,A,A,A,A,A,A,A,A,A
NMSNP4_9315210,A,A,B,A,A,A,A,A,A,A,A,A,A,A,A,A,A,A,A
MN4_9364998,B,A,A,A,B,A,A,A,B,B,A,A,A,A,A,A,B,B,A
NMSNP4_9377790,A,A,B,A,B,B,B,A,A,B,A,A,A,A,A,A,A,A,A
NMSNP4_9630930,A,A,B,A,A,A,A,A,A,A,A,A,A,A,A,A,A,A,A
MASC03263,B,A,B,A,A,A,A,A,A,A,A,A,B,A,A,A,A,A,A
MN4_9952405,A,A,A,A,A,A,A,A,A,A,A,A,A,B,A,B,A,A,A
MASC07426,B,A,A,B,A,B,A,B,A,B,A,A,B,A,A,A,A,B,B
PHYE_4688,A,A,A,A,A,A,A,A,A,A,B,B,A,A,A,A,A,A,A
PHYE_2771,A,A,A,B,A,A,A,A,A,A,A,A,A,A,A,A,A,A,A
PHYE_1561,A,A,B,A,A,B,B,A,A,A,B,B,A,A,A,B,B,B,B
MASC02468,A,A,A,A,A,A,A,B,A,A,A,A,A,A,A,A,A,A,A
NMSNP4_10276307,A,A,B,A,A,A,A,A,A,A,A,A,A,A,A,A,A,A,A
MASC01526,A,A,B,B,A,A,A,A,A,A,B,B,B,A,B,A,A,B,B
MN4_10482087,A,B,A,A,A,B,A,B,A,B,A,A,B,B,B,A,A,A,A
MASC02548,A,A,A,NA,A,A,NA,B,B,A,A,A,A,A,A,B,B,NA,B
MN4_10659155,A,A,A,A,A,A,A,A,A,A,A,A,A,B,A,A,A,A,A
NMSNP4_10777270,A,B,A,A,B,A,A,A,B,A,A,A,B,B,A,A,B,B,A
NMSNP4_10977574,A,A,A,B,A,A,B,B,A,B,A,A,A,A,A,A,B,A,A
TSF_2439,A,A,A,A,A,B,A,B,B,A,A,A,A,A,A,A,A,A,A
TSF_606,A,NA,B,A,B,A,A,A,A,NA,A,A,B,A,B,B,B,B,A
MASC01686,A,A,B,A,B,A,B,A,B,A,B,B,A,A,A,A,B,A,A
NMSNP4_11326190,A,B,A,A,A,A,B,A,A,B,A,A,A,A,A,A,A,B,B
MASC07397,A,NA,B,A,A,A,A,A,A,A,A,A,A,A,A,A,A,A,A
MN4_11488359,A,B,A,A,A,B,A,A,A,B,NA,NA,A,A,B,A,B,B,A
MASC02503,B,A,A,B,A,B,B,B,A,A,A,A,B,A,A,A,B,A,B
MN4_11579839,B,A,A,B,A,B,B,B,A,A,A,A,B,A,A,A,B,A,B
MN4_11580143,B,A,A,B,A,B,B,B,A,A,A,A,B,A,A,A,B,A,B
MASC04642,A,A,B,A,A,A,A,A,A,A,A,A,B,A,A,A,A,A,A
MASC04141,NA,NA,A,NA,NA,NA,NA,B,B,B,NA,A,A,NA,NA,NA,NA,NA,NA
MN4_11878394,A,A,A,A,A,A,A,A,A,A,A,A,A,B,A,A,A,B,A
MN4_11984772,A,A,A,A,B,B,A,A,B,B,A,A,B,A,A,A,A,A,A
NMSNP4_12076756,A,A,A,B,A,A,A,B,B,A,A,A,B,B,A,A,B,B,A
MN4_12195812,A,A,B,A,A,B,A,A,A,B,A,A,B,B,A,A,A,A,B
MASC03508,A,A,A,B,A,B,B,B,A,A,B,B,A,B,B,A,B,A,A
MN4_12326350,B,B,A,A,A,A,A,A,A,A,A,A,A,A,A,A,A,A,A
SLY1_586,A,A,A,A,A,A,A,A,A,A,A,A,A,A,A,A,A,B,A
SLY1_1984,A,B,B,A,A,A,B,B,A,A,A,A,B,A,A,A,B,A,A
SLY1_2145,A,A,A,B,A,A,A,A,B,A,A,A,A,A,B,A,A,A,A
MN4_12654226,A,A,A,A,A,A,B,A,A,A,A,A,A,A,A,B,A,A,A
AGL24_4208,A,A,A,A,A,A,A,A,B,A,B,B,A,A,A,A,A,A,A
AGL24_3913,A,A,A,A,B,A,A,A,A,B,A,A,A,A,A,A,A,A,A
AGL24_3653,A,A,A,A,B,A,A,A,A,B,A,A,A,A,A,A,A,A,A
AGL24_3515,A,A,A,A,B,A,A,A,A,B,A,A,A,A,A,A,A,A,A
AGL24_3240,A,A,A,A,B,A,A,A,A,B,A,A,A,A,A,A,A,A,A
AGL24_2913,B,A,B,A,A,B,B,A,A,A,A,A,B,A,A,B,B,A,B
AGL24_848,NA,NA,NA,NA,NA,NA,NA,NA,NA,NA,NA,NA,NA,NA,NA,NA,NA,NA,NA
AGL24_59,A,A,A,B,A,A,A,B,A,A,A,A,A,A,B,A,A,B,A
MN4_12900427,A,A,A,A,A,A,A,A,A,A,A,A,A,A,B,A,A,A,A
NMSNP4_12978586,A,A,B,A,A,A,A,A,A,A,A,A,B,A,A,A,A,A,A
MASC01816,A,A,A,A,A,A,A,B,B,B,A,A,A,A,A,A,A,A,A
MN4_13078471,A,A,B,A,A,A,A,A,A,A,B,B,B,A,A,A,A,A,A
MN4_13180063,A,A,B,A,A,A,A,A,A,A,A,A,B,A,A,A,A,A,A
NMSNP4_13213908,A,A,A,A,A,A,A,B,B,A,A,A,A,A,A,A,A,A,A
MASC03074,A,A,B,A,A,A,A,A,A,A,A,A,B,B,A,A,A,A,A
MN4_13238316,A,A,A,A,A,A,A,A,A,A,A,A,A,A,B,A,A,A,A
MN4_13358579,A,A,A,B,A,A,A,A,A,A,A,A,A,A,A,A,A,A,A
MN4_13576438,A,B,A,A,B,A,A,A,A,A,B,B,A,A,B,A,B,A,A
MASC02802,A,A,A,A,A,A,A,A,A,A,A,A,A,A,A,A,B,A,A
MASC00006,A,A,A,A,A,A,A,B,A,A,A,A,A,A,A,A,A,B,A
NMSNP4_13680544,A,A,B,A,A,B,A,A,A,A,A,A,B,A,A,A,A,A,A
MN4_13753532,B,A,A,A,A,A,A,A,A,A,A,A,A,A,A,A,A,A,A
MN4_13978437,A,A,A,A,A,B,A,A,A,A,B,B,A,A,A,A,A,B,A
MN4_14075777,A,B,B,A,A,A,A,A,A,A,B,B,B,A,A,A,A,B,A
MN4_14177230,A,A,B,A,A,A,A,A,A,A,B,B,B,B,A,A,A,B,A
MASC03152,A,A,A,A,A,A,NA,B,A,A,A,A,A,A,A,A,A,A,A
MN4_14318307,B,A,A,A,A,A,A,A,A,A,A,A,A,A,A,A,A,A,A
MASC00126,A,A,A,A,A,A,A,B,A,A,A,A,A,A,A,A,A,A,A
MN4_14379736,B,B,A,A,B,B,A,A,B,A,B,B,A,B,A,A,B,A,A
NMSNP4_14379876,A,A,A,A,A,A,A,A,A,B,A,A,A,A,A,B,A,A,B
MN4_14533015,A,A,A,A,A,A,A,A,A,A,A,A,B,B,A,A,A,B,A
MN4_14533372,A,A,A,B,A,A,A,A,A,B,A,A,A,A,A,A,A,A,A
NMSNP4_14635805,A,A,A,A,A,A,A,B,A,A,A,A,A,A,A,A,A,A,A
MASC03154,A,A,B,A,A,B,A,A,A,A,A,A,B,A,A,A,A,A,A
MASC02354,A,A,B,A,A,B,A,A,A,A,A,A,B,A,A,A,A,A,A
MN4_14732051,B,A,A,A,B,A,A,A,A,A,A,A,A,A,A,A,A,B,A
VIN3L_5026,A,A,A,A,A,A,A,A,A,A,A,A,A,B,A,A,A,A,A
VIN3L_4961,A,A,B,A,A,A,A,A,A,A,B,B,B,A,A,A,A,A,A
VIN3L_4569,A,A,A,B,A,A,B,A,B,A,A,A,A,A,A,B,A,A,A
VIN3L_50,B,B,A,A,A,A,A,B,A,A,A,A,A,B,A,A,B,B,A
MN4_14935855,B,A,B,A,A,B,A,B,B,A,A,A,A,B,A,A,B,A,B
MN4_14936037,B,A,B,A,A,A,A,B,B,A,A,A,A,B,A,A,A,A,B
NMSNP4_15175468,A,A,A,B,A,A,A,B,B,A,A,A,A,A,A,A,A,A,A
MN4_15274377,A,NA,A,A,A,A,A,B,B,A,A,A,A,A,A,A,A,A,A
MN4_15329740,B,B,A,A,A,A,B,A,A,A,A,A,NA,NA,A,B,B,NA,A
MASC03336,A,A,B,A,B,A,A,A,A,A,B,B,A,A,A,A,A,B,A
MN4_15571879,A,A,A,B,A,B,A,A,A,A,A,A,A,B,A,A,A,A,A
MN4_15662175,A,A,A,B,A,A,A,A,A,A,A,A,A,A,A,A,A,A,A
NMSNP4_15765120,B,A,A,B,A,A,A,B,B,A,A,A,A,A,A,B,B,A,A
MASC03998,B,B,A,B,A,A,B,A,A,A,A,A,A,A,B,B,B,A,A
MAX4_84,A,A,A,A,A,A,B,B,B,A,A,A,A,A,B,A,A,A,A
MAX4_184,A,A,A,B,A,A,B,B,B,A,A,A,A,A,B,B,B,A,A
MN4_15865150,B,A,A,A,A,A,A,A,A,A,A,A,A,A,B,A,A,A,A
MASC03874,A,A,A,A,A,A,A,A,A,A,A,A,A,A,A,A,B,A,A
MN4_15925187,A,A,B,B,B,A,A,A,A,B,B,B,B,B,A,A,A,A,B
MN4_16025638,A,A,A,A,A,A,A,A,A,A,A,A,A,B,A,A,A,A,A
MN4_16338157,A,A,A,A,B,B,B,A,B,A,B,B,A,A,A,B,A,A,A
MN4_16383274,A,A,B,A,A,A,B,B,B,B,A,A,A,A,A,A,A,A,B
MN4_16474676,A,A,B,A,A,A,A,A,A,B,A,A,A,A,A,A,A,A,A
MN4_16547251,A,A,B,A,A,A,A,A,A,A,A,A,A,A,A,A,A,A,A
MASC07383,A,A,A,A,A,A,A,B,B,A,A,A,A,A,A,A,A,A,A
MASC07295,B,A,A,B,A,A,B,B,B,A,B,B,A,A,A,A,A,A,A
MN4_16742072,A,B,A,B,A,B,B,A,B,B,A,A,A,B,A,B,A,B,A
MASC04199,B,A,B,A,B,A,B,B,B,A,A,A,B,A,A,A,B,A,A
MN4_16888200,A,B,A,A,A,A,A,A,A,A,A,A,A,A,A,A,A,A,A
NMSNP4_16944691,A,A,A,A,A,A,A,A,A,A,A,A,B,A,A,A,A,A,A
FD_250,A,A,B,B,B,B,A,B,A,A,A,A,B,A,B,A,B,A,A
FD_1596,A,A,B,A,A,A,A,A,A,A,A,A,B,A,B,A,A,A,A
FD_2774,A,B,A,B,A,B,A,B,A,B,A,A,A,A,A,A,A,B,B
NMSNP4_17038400,A,B,B,B,B,B,A,A,A,B,A,A,A,A,A,A,B,B,B
MASC03225,A,A,A,B,A,A,A,B,B,B,A,A,A,B,A,B,A,A,B
MN4_17442969,A,A,A,A,A,A,B,B,B,A,B,B,A,B,A,A,A,A,A
MASC07250,B,A,A,A,A,A,A,B,A,A,A,A,A,A,A,A,A,A,A
MN4_17609253,A,A,A,A,A,A,A,A,B,B,A,A,B,A,B,A,A,A,A
ANT_295,B,A,A,A,A,A,A,A,A,A,A,A,A,A,A,A,A,A,A
MASC09216,A,A,B,A,A,A,A,A,A,A,B,B,A,B,A,A,A,A,B
MN4_17803780,A,A,A,A,A,B,A,A,A,A,B,B,A,B,A,B,A,A,B
MN4_17906421,B,A,B,A,A,B,A,A,B,A,A,A,A,A,A,A,A,A,A
MASC03594,A,A,A,B,A,A,A,B,B,B,A,A,B,A,B,A,A,A,A
NMSNP4_18156355,A,A,A,A,A,A,A,B,A,B,A,A,A,A,B,A,A,A,A
MASC01711,B,B,B,A,A,A,A,A,A,A,A,A,A,B,A,A,A,A,A
MN4_18187339,A,A,A,A,A,A,A,A,A,A,A,A,A,A,A,A,B,A,A
MN4_18268215,A,A,A,A,A,A,A,A,A,A,A,A,A,B,A,A,A,A,A
MN4_18371994,B,A,A,A,A,B,A,A,A,A,A,A,A,A,A,A,A,B,A
NMSNP4_18417100,A,A,B,A,A,A,A,A,A,A,A,A,A,A,B,A,A,A,A
MASC05258,B,A,B,A,A,A,A,A,A,NA,A,A,A,A,A,A,A,A,A
MN4_18560346,B,A,B,B,A,A,A,A,A,A,A,A,B,A,A,A,A,A,A
MN5_107584,A,A,A,A,A,A,A,A,A,B,A,A,A,A,A,A,A,A,A
MASC01792,A,A,A,A,A,A,B,B,A,A,A,A,A,A,A,B,A,B,A
MN5_428961,B,A,A,B,B,A,B,B,A,A,A,A,B,A,A,B,B,B,A
MN5_476404,A,A,A,B,A,A,A,A,B,A,A,A,A,A,A,A,A,A,A
NMSNP5_476785,A,B,A,A,A,A,A,B,A,A,B,A,A,A,A,A,A,A,A
MASC00144,A,A,B,A,A,A,A,A,A,A,A,A,A,A,A,A,A,A,A
MN5_625679,B,A,A,A,B,A,NA,B,A,B,A,A,A,A,A,NA,B,A,A
MN5_658142,B,A,A,B,A,A,A,A,A,A,A,A,B,A,A,A,B,A,A
MASC03480,A,A,A,A,A,A,A,A,A,B,A,A,A,A,A,A,B,A,A
MN5_1041169,A,A,A,A,B,A,B,A,A,A,A,A,A,A,B,A,A,A,A
MN5_1154885,A,B,A,A,A,B,A,A,A,B,B,B,B,B,A,A,A,A,B
MN5_1337439,A,A,B,A,A,A,A,A,A,A,A,A,A,A,B,A,A,B,A
MN5_1399718,A,A,A,A,B,A,A,A,A,A,A,A,A,A,A,A,A,A,A
MN5_1399959,A,A,B,A,A,A,B,A,A,B,A,A,B,A,A,A,A,A,A
MN5_1446247,A,A,A,A,B,B,A,A,A,A,A,B,A,B,B,A,A,B,B
MN5_1586146,A,A,A,A,B,A,B,A,A,B,B,A,B,B,B,B,B,A,A
ATMYB33_119,B,A,B,B,A,B,A,B,A,A,A,A,B,A,B,A,A,B,A
ATMYB33_3059,A,A,A,A,A,A,A,A,A,A,A,A,A,B,A,A,A,A,A
MN5_1841284,A,A,A,A,B,A,A,A,A,A,A,A,A,A,A,A,A,A,A
MN5_1931248,A,A,A,A,A,A,A,A,B,A,B,B,A,A,B,A,A,A,B
MN5_1943883,A,A,A,A,A,A,A,A,B,A,B,A,A,A,A,A,A,A,A
MASC04531,A,B,A,A,A,B,B,A,A,A,A,A,B,A,A,B,A,A,B
MN5_2153137,A,A,A,A,A,A,A,B,A,A,B,A,A,A,A,A,A,A,A
MN5_2192958,A,A,A,A,A,B,A,A,A,A,A,A,A,A,A,A,A,B,A
MN5_2244739,A,B,A,A,B,A,A,A,A,B,A,A,A,A,A,A,A,A,A
MN5_2244867,A,A,A,B,A,A,B,B,B,A,B,B,B,A,A,B,A,B,A
MN5_2296406,A,A,A,B,A,B,A,A,B,A,A,A,B,A,B,A,B,B,B
MASC03207,A,A,B,A,A,A,A,A,A,A,A,A,A,A,A,A,A,A,A
MASC04390,B,A,B,A,A,A,A,A,A,A,B,A,A,B,A,A,A,A,A
MASC02783,A,A,A,A,A,A,A,B,A,A,A,A,A,A,A,A,A,A,A
MN5_2707605,B,B,A,A,A,A,B,A,A,A,A,B,A,A,A,B,A,A,A
MN5_2799421,A,B,A,B,A,A,B,A,A,A,A,A,B,A,A,B,A,B,B
MN5_2808917,B,B,A,A,A,A,B,A,A,A,A,A,B,A,A,B,A,B,A
MN5_2900405,A,B,A,A,A,A,A,A,A,A,A,A,A,A,A,A,A,A,NA
MN5_2925212,A,B,A,A,A,A,A,A,A,A,A,A,A,A,B,A,A,A,A
MN5_2974376,A,A,B,B,A,A,B,A,B,A,A,A,B,A,A,B,A,B,A
MN5_3092677,A,NA,A,B,A,A,A,A,A,A,B,A,A,A,A,A,A,A,A
MN5_3092945,A,NA,A,A,B,A,B,A,B,A,A,B,B,A,A,B,B,B,A
MN5_3149961,A,A,A,B,A,A,B,A,A,A,A,A,B,A,B,A,A,B,A
FLC_7207,A,A,B,A,A,A,A,B,A,B,A,A,A,A,A,A,A,A,A
FLC_6809,B,A,A,A,A,A,A,A,A,A,A,A,A,A,A,A,A,A,A
FLC_5907,A,A,A,A,A,A,A,B,A,B,A,A,A,A,A,A,A,A,A
FLC_3312,B,A,B,A,A,A,A,A,A,A,A,A,A,B,A,B,A,A,B
FLC_3215,B,B,B,A,A,A,A,B,A,B,B,A,A,B,A,B,A,A,B
FLC_3090,A,A,A,B,B,B,B,A,B,A,A,B,B,A,B,A,A,B,A
FLC_2775,B,A,A,A,A,A,A,B,A,B,A,A,A,A,A,A,A,A,A
MN5_3177504,B,B,B,A,A,A,A,B,A,B,B,A,A,B,A,B,A,A,A
MN5_3200509,A,A,B,A,A,B,A,A,A,A,A,A,A,A,B,A,A,A,B
MN5_3227635,B,A,B,A,A,B,A,B,A,A,A,A,A,A,B,A,A,A,B
MN5_3281887,A,A,A,B,B,A,A,A,B,A,A,A,A,A,A,A,A,B,A
MASC09207,A,A,B,A,A,A,A,A,A,A,A,A,A,A,A,A,A,A,A
MN5_3289426,A,A,A,A,A,A,A,A,A,A,B,A,A,A,A,A,A,A,A
MN5_3330228,A,A,A,A,A,A,B,A,A,A,A,A,A,A,A,B,B,A,A
MN5_3330509,A,A,A,B,B,A,A,A,B,A,A,A,A,A,A,A,A,B,A
MN5_3392815,A,A,A,A,A,A,A,A,A,A,B,A,A,A,A,A,B,A,B
MN5_3491425,B,A,A,A,A,A,A,A,A,A,A,A,A,A,A,A,A,A,A
MN5_3498141,B,A,A,A,A,A,A,A,A,A,A,A,A,A,A,A,A,A,A
MN5_3695672,B,B,A,A,A,A,A,A,A,A,A,A,A,A,A,A,A,A,A
MN5_3908213,A,B,A,A,A,B,NA,A,A,NA,A,A,NA,B,NA,NA,A,A,A
MN5_4010649,A,A,B,A,A,A,A,A,A,A,A,A,A,A,A,A,A,A,A
NMSNP5_4148593,A,A,A,A,A,A,A,A,A,A,A,A,A,A,A,A,B,A,B
MN5_4179168,A,A,A,A,A,A,A,B,A,B,B,B,A,A,B,B,B,B,A
NMSNP5_4223380,A,A,A,A,A,A,A,B,A,A,A,B,A,A,A,B,A,A,A
MASC05127,A,A,B,A,A,A,A,A,A,A,A,A,A,A,A,A,A,A,A
MN5_4293557,A,A,A,A,B,A,A,A,A,A,A,A,A,A,A,A,A,A,A
MN5_4318001,A,A,A,A,B,A,A,A,A,A,A,A,A,B,B,A,A,A,B
MN5_4318365,A,A,A,B,A,B,A,A,A,A,A,A,B,A,B,A,B,A,A
MN5_4327715,A,A,A,A,A,A,B,B,A,A,A,B,A,A,A,A,A,A,A
MN5_4344025,A,A,A,A,B,A,A,A,A,A,A,A,B,B,A,A,A,A,B
MN5_4428863,A,B,B,B,B,A,A,A,A,A,A,A,A,B,A,A,B,A,B
MN5_4820535,A,A,B,B,A,A,B,A,B,B,A,A,B,A,A,A,B,A,A
MASC01139,A,A,B,A,NA,NA,B,NA,A,B,A,A,B,NA,A,NA,A,A,A
MN5_4897416,A,B,A,A,A,A,A,A,A,A,A,A,A,A,A,A,A,A,A
MN5_5005750,B,A,A,A,B,A,A,B,A,A,A,A,A,B,A,A,A,A,B
MASC01136,A,A,B,A,A,A,A,A,A,A,A,A,A,A,A,A,A,A,A
MASC01137,B,B,B,A,B,A,A,A,A,A,B,B,A,B,A,A,A,B,B
CO_1457,NA,NA,NA,NA,NA,NA,NA,NA,NA,NA,NA,NA,NA,NA,NA,NA,NA,NA,NA
CO_612,B,A,A,A,B,A,A,A,A,A,A,B,A,A,A,A,A,B,A
CO_347,B,B,A,A,B,A,B,B,A,A,B,B,A,B,A,A,A,B,A
CO_203,A,A,A,A,A,A,B,B,A,A,B,A,A,B,A,A,A,A,A
MN5_5198324,A,A,A,A,A,A,B,B,A,A,A,A,A,A,A,A,A,A,A
MN5_5318989,A,A,A,B,A,A,A,B,B,A,A,A,B,B,A,A,B,A,A
FRL1_543,A,A,A,A,A,B,B,A,A,A,B,A,A,B,A,B,A,B,B
FRL1_971,A,A,A,A,A,A,B,A,A,A,A,A,A,A,A,B,A,A,A
FRL1_1127,A,A,A,B,A,A,A,B,B,A,A,A,A,A,A,A,B,A,A
NMSNP5_5388280,A,A,A,A,A,A,B,B,A,A,A,A,B,A,A,B,A,A,A
MASC02570,A,A,A,A,A,A,A,A,B,A,A,A,A,A,A,A,B,A,A
MASC01586,B,A,B,A,A,B,B,A,A,B,A,A,B,A,A,B,A,B,B
MN5_5452600,B,A,A,A,A,A,A,A,A,A,B,A,A,A,A,A,A,A,A
MN5_5726284,B,B,A,A,A,A,A,B,B,A,A,A,B,A,B,B,B,B,A
TFL2_3265,B,B,B,A,B,B,A,A,A,A,B,B,A,B,A,A,A,A,A
TFL2_2993,NA,NA,NA,NA,NA,NA,NA,NA,NA,NA,NA,NA,NA,NA,NA,NA,NA,NA,NA
TFL2_1346,A,A,A,A,A,A,A,B,B,A,A,A,B,A,B,A,B,A,B
TFL2_1199,A,A,A,B,A,A,B,A,A,B,A,A,A,A,A,B,A,B,A
TFL2_775,A,A,B,A,A,A,A,A,A,A,B,B,A,B,A,A,A,A,A
NMSNP5_5841444,A,A,A,A,A,A,A,A,A,A,B,A,A,A,A,A,A,A,B
MASC01538,B,A,A,A,A,B,A,B,A,A,A,A,A,A,A,A,A,A,A
MN5_6222071,B,A,A,A,A,A,A,A,A,A,A,A,A,A,A,A,A,A,A
NMSNP5_6222282,A,A,B,A,A,A,A,A,A,A,A,A,A,A,A,A,A,A,A
MASC00072,A,A,A,A,A,B,A,B,A,A,A,A,B,B,A,A,A,B,A
MN5_6322454,B,A,A,A,A,A,A,A,A,A,A,A,A,A,A,A,A,A,B
MASC02568,A,B,A,A,A,A,B,B,A,B,B,A,A,A,A,A,B,A,A
NMSNP5_6416385,B,A,A,A,B,B,A,B,A,B,A,A,B,A,B,B,A,A,A
MASC04986,A,B,B,A,A,A,B,A,A,B,A,A,A,A,A,A,A,A,A
NMSNP5_6523120,A,B,A,A,A,A,A,B,A,B,B,A,A,A,A,A,A,A,A
MN5_6523351,A,B,A,A,A,A,A,B,A,B,B,A,A,A,A,A,A,A,A
MN5_6621153,A,A,A,A,B,A,A,A,A,A,A,A,A,A,A,A,A,A,A
MN5_6708112,B,A,A,A,A,A,B,A,A,B,A,A,A,A,A,A,A,A,A
MN5_6820592,A,A,A,B,A,A,A,A,A,A,B,A,A,A,B,A,A,A,A
MN5_6899767,B,A,A,A,B,A,A,A,A,A,A,B,B,A,A,A,A,A,B
MN5_6899957,B,A,A,A,B,A,A,A,A,A,A,B,B,A,A,A,A,A,B
MN5_7004457,A,A,A,B,A,A,A,A,A,B,A,A,A,A,B,B,B,A,A
MN5_7279056,A,A,A,A,A,A,B,B,A,A,A,A,A,B,A,B,B,B,B
MASC01742,A,A,A,A,A,A,B,B,A,A,A,A,A,A,B,B,B,A,A
MASC04577,A,A,B,A,B,A,A,A,B,B,A,A,A,A,B,B,B,A,A
RAX1_313,A,A,B,A,A,A,A,A,B,A,A,A,A,A,A,A,A,A,B
MASC09209,A,A,B,A,A,A,A,A,B,A,A,A,A,A,A,A,A,A,B
MASC07384,A,A,A,B,A,B,B,B,A,B,A,A,B,A,A,A,A,B,B
SGCSNP14068,B,B,A,A,A,A,A,B,B,A,A,A,A,B,A,A,A,A,A
SGCSNP14097,A,A,A,A,A,A,A,B,A,A,A,A,A,A,A,A,A,A,A
MASC03559,A,A,B,A,NA,B,A,A,A,A,A,A,A,A,A,A,A,A,A
NMSNP5_8894884,A,A,B,A,A,B,A,A,A,A,A,A,A,A,A,A,A,A,A
BKN10577,B,B,A,A,A,A,B,A,A,A,A,A,A,A,A,B,B,A,A
NMSNP5_9105484,A,B,A,A,A,A,A,A,A,A,A,A,A,A,A,A,A,A,A
MASC07368,A,B,B,A,A,A,A,A,A,A,A,A,A,A,A,A,A,B,A
GAr1_504,A,A,B,B,A,A,B,A,B,A,B,A,B,B,A,B,B,A,A
GAr1_3640,B,A,B,A,A,A,B,B,A,A,B,B,A,A,A,B,A,B,A
MASC03158,B,A,B,A,A,A,A,A,A,A,A,B,A,B,A,A,A,B,A
SGCSNP14295,A,A,A,A,A,A,B,B,A,A,A,A,A,A,A,A,A,A,A
NMSNP5_10525706,A,B,A,A,A,A,A,A,A,A,A,A,A,A,A,A,A,A,A
MN5_10525862,A,A,A,A,A,A,A,B,A,B,A,A,A,A,B,A,A,A,A
NMSNP5_10910098,NA,B,A,B,B,A,NA,B,A,B,NA,NA,A,A,A,A,B,NA,B
MASC03952,A,A,B,NA,A,NA,A,A,B,A,A,A,A,A,A,A,A,A,NA
PERL0963920,A,B,B,B,A,B,B,A,B,A,A,A,A,B,B,A,A,A,B
PERL0965490,NA,NA,NA,NA,NA,NA,NA,NA,NA,NA,NA,NA,NA,NA,NA,NA,NA,NA,NA
PERL0968417,A,A,B,A,NA,B,NA,NA,B,A,A,A,A,A,B,NA,NA,A,A
MASC09210,A,NA,B,A,B,B,B,B,B,B,A,A,A,B,B,A,A,A,A
MASC03601,A,NA,B,A,A,B,A,A,B,NA,A,A,A,NA,B,A,A,A,A
MN5_12698438,A,NA,B,A,NA,B,NA,NA,B,B,A,A,A,NA,B,NA,NA,A,NA
MN5_12698621,A,NA,B,A,NA,B,NA,NA,B,B,A,A,A,NA,B,NA,NA,A,NA
MN5_12966464,B,A,A,A,NA,A,NA,NA,A,NA,B,B,B,A,A,NA,NA,B,NA
NMSNP5_13272366,A,B,B,A,A,A,A,A,B,NA,A,A,A,NA,B,A,A,A,A
NMSNP5_13614560,A,B,A,A,A,A,A,A,A,A,A,A,A,A,A,A,A,A,A
NMSNP5_13614633,A,A,B,A,A,A,A,A,A,A,A,A,A,A,A,A,A,A,A
MASC01361,A,A,B,A,A,A,A,A,B,B,B,B,A,A,A,A,A,B,A
NMSNP5_14303707,A,A,B,A,B,A,B,A,B,A,A,A,A,A,A,A,A,A,A
NMSNP5_14661352,A,A,B,A,A,A,A,A,A,A,B,A,A,A,A,A,A,A,A
MN5_14712065,B,A,A,A,A,A,B,A,A,NA,B,A,B,A,B,B,B,A,B
MN5_14870918,B,B,B,B,A,A,A,A,A,A,A,A,A,A,A,A,A,A,B
MN5_14952906,A,A,A,A,A,A,B,B,A,B,A,A,A,A,B,B,A,A,A
MASC04275,A,A,A,B,B,NA,NA,NA,B,NA,A,B,A,A,B,NA,A,A,A
NMSNP5_15065196,B,A,B,A,A,A,A,A,A,A,A,A,B,A,A,B,B,B,A
NMSNP5_15065361,B,A,A,A,A,A,A,A,A,A,NA,A,A,A,A,B,A,B,A
MN5_15316041,NA,NA,A,NA,B,NA,NA,NA,NA,A,NA,B,A,NA,A,NA,A,B,NA
MASC04605,A,A,A,A,A,A,A,B,A,A,A,A,A,A,A,B,A,A,A
MN5_15457103,A,A,A,A,B,B,A,A,B,A,A,A,A,B,A,A,A,A,A
MASC07404,A,A,B,B,A,A,A,A,A,A,A,A,A,A,A,B,B,B,A
NMSNP5_15767945,B,B,B,NA,B,A,A,A,A,A,B,A,A,A,A,NA,NA,B,B
MN5_15768163,B,A,A,NA,B,A,A,A,A,A,A,A,A,A,A,NA,NA,A,B
NMSNP5_15965250,A,A,A,A,A,A,B,B,A,A,A,A,A,A,A,B,A,A,A
ERA1_470,A,A,B,A,A,A,A,A,A,A,A,A,A,A,A,A,A,A,A
MN5_16122807,A,A,A,B,A,A,A,A,B,A,A,A,A,A,B,B,B,B,B
MASC07230,A,A,A,A,A,A,A,B,A,A,A,A,A,A,A,A,A,A,A
MASC04448,NA,A,A,A,NA,B,B,B,A,A,NA,B,B,A,NA,A,A,A,A
MN5_16368332,B,A,A,A,B,B,B,B,A,A,B,B,B,A,B,A,A,A,A
NMSNP5_16446291,B,A,A,A,A,A,A,A,A,A,A,A,A,A,A,A,A,A,A
MN5_16964744,B,B,B,A,B,A,B,A,B,A,A,A,A,A,B,A,A,A,A
MASC01341,A,A,B,A,A,A,A,A,B,A,A,B,A,A,B,A,A,A,A
MASC03128,A,B,A,A,A,A,B,B,A,A,A,A,A,A,B,B,A,A,A
MN5_17242619,A,A,A,B,A,A,A,A,B,B,A,A,A,A,A,A,B,A,A
MASC02450,B,A,A,A,A,A,A,B,A,A,A,A,A,B,B,A,A,A,B
MASC07302,A,A,B,A,A,A,A,A,B,A,A,A,A,A,A,B,A,A,A
MASC04536,A,A,B,A,B,B,B,A,B,NA,B,A,B,A,A,B,A,A,A
MN5_17569666,A,B,B,A,A,A,A,B,B,A,A,B,B,B,B,A,A,A,B
NMSNP5_17629384,A,B,A,B,A,B,A,A,A,A,B,B,A,B,B,A,B,B,A
PNH_348,A,B,A,B,A,B,A,A,A,A,B,B,A,B,B,A,B,B,A
MASC04540,B,A,B,A,A,A,B,B,B,A,B,A,B,A,A,B,A,A,A
MN5_17864875,B,A,A,A,A,A,A,A,A,A,B,A,B,NA,A,A,A,A,A
NMSNP5_17924620,A,A,A,A,A,A,A,B,A,A,A,B,A,A,NA,A,A,A,A
MN5_17924704,A,A,A,A,A,B,A,A,A,B,A,A,A,A,NA,A,B,A,A
MASC04430,A,NA,A,A,A,NA,A,B,A,A,NA,A,NA,NA,A,NA,A,A,A
NMSNP5_18065760,A,A,B,NA,A,B,A,A,A,B,NA,NA,A,A,NA,A,NA,A,A
MN5_18258441,A,B,B,A,A,A,A,A,A,A,A,A,A,A,A,A,A,A,A
NMSNP5_18258766,B,B,B,A,A,A,A,B,A,A,A,B,B,B,A,A,A,A,A
MASC02679,B,B,B,A,A,A,A,B,A,A,A,B,B,A,A,A,A,A,A
MASC01056,B,B,B,A,B,B,A,A,A,A,A,A,A,A,A,A,A,A,A
NMSNP5_18666593,A,A,A,A,A,A,A,B,A,A,A,A,A,A,A,A,A,A,A
MN5_18782455,B,A,A,B,A,A,A,A,A,B,A,A,B,A,A,B,A,A,A
MN5_19124078,B,A,A,B,A,A,A,A,B,A,A,A,A,A,A,A,A,A,A
MN5_19124146,B,A,B,B,A,A,A,A,B,A,A,B,A,A,B,A,A,A,B
MASC02607,A,A,A,A,A,B,A,NA,A,A,A,A,A,A,A,A,B,A,A
MN5_19316033,A,A,A,B,A,A,A,A,A,A,B,A,A,B,A,A,A,A,A
NMSNP5_19316305,A,A,B,A,A,A,A,A,A,A,A,A,A,A,A,A,A,A,B
MN5_19415082,B,B,A,A,A,B,B,A,A,B,A,B,B,A,A,A,B,B,A
MASC04412,A,A,A,A,A,B,B,A,A,B,A,B,B,A,B,A,B,B,A
MN5_19503408,B,B,A,B,B,A,A,B,B,A,A,A,A,A,A,B,A,A,A
MN5_19503546,B,B,A,B,B,A,A,B,B,A,A,A,A,A,A,B,A,A,A
NMSNP5_19614462,A,A,A,A,B,A,A,B,A,A,A,A,A,A,A,B,B,A,A
MASC07356,A,A,B,A,A,A,A,A,A,A,A,A,A,A,A,A,A,B,A
MASC01039,A,B,A,A,B,A,A,B,A,A,B,A,A,A,A,B,A,B,B
NMSNP5_19715921,A,B,A,A,A,A,A,A,A,A,A,A,B,A,A,A,A,A,A
MN5_19716017,A,A,A,A,B,A,A,A,A,A,B,A,A,A,A,B,B,A,A
MN5_19823529,A,A,A,A,A,A,A,A,A,A,B,A,A,A,B,A,A,A,A
MN5_20021652,B,A,A,A,A,A,A,B,A,A,A,A,A,A,B,A,A,A,A
MN5_20128524,A,A,A,B,A,A,A,A,A,B,A,A,A,A,A,A,A,A,A
MN5_20215473,A,A,A,A,B,A,A,A,B,B,A,A,A,B,A,B,B,B,A
MN5_20318139,A,A,B,A,B,A,A,A,A,A,A,A,B,A,A,A,A,A,A
MASC07276,A,A,A,B,A,A,A,B,A,A,A,A,A,A,A,A,A,A,A
NMSNP5_20915321,B,A,A,A,A,B,B,A,A,A,A,A,A,A,A,A,A,A,A
NMSNP5_21019318,A,B,A,A,A,A,A,A,A,A,A,A,A,A,A,B,A,B,A
MN5_21039080,B,B,A,A,B,A,B,A,A,A,B,A,A,B,A,A,B,B,A
MN5_21039146,B,B,A,A,B,A,B,A,A,A,B,A,A,B,A,A,B,B,A
MASC04591,A,A,A,A,A,B,A,B,A,A,A,A,A,A,B,A,A,B,B
NMSNP5_21319032,A,A,B,A,A,A,A,A,A,A,A,A,A,A,A,A,A,B,A
MN5_21415676,A,A,A,A,A,A,B,B,A,A,A,A,A,B,A,B,A,A,A
MN5_21718779,A,A,A,A,B,A,A,A,B,A,A,A,A,A,A,A,A,A,A
MN5_21719081,A,A,A,A,A,A,A,B,A,A,A,A,A,A,A,A,A,A,A
NMSNP5_21881149,A,B,A,A,A,A,A,A,B,B,A,A,A,A,A,B,A,A,A
NMSNP5_21881254,B,A,A,A,B,A,A,B,A,A,B,A,A,A,A,A,A,A,A
MN5_22040876,B,A,A,A,A,B,A,A,A,A,B,A,A,A,A,A,B,B,A
MN5_22116737,B,A,A,B,A,B,B,A,B,A,A,A,A,A,B,B,A,B,A
MN5_22318136,A,A,B,A,A,B,A,A,A,A,A,A,A,A,A,A,A,A,A
MN5_22414731,A,A,B,A,B,A,A,A,A,A,A,A,A,A,A,A,A,A,B
MN5_22415000,A,A,B,A,B,A,A,A,A,A,A,A,A,B,B,A,A,A,B
MN5_22627502,A,A,A,B,A,A,A,A,A,A,A,A,A,A,A,A,A,A,A
NMSNP5_22714522,A,A,A,A,A,A,A,A,A,A,A,A,A,A,B,A,A,A,B
MN5_22714627,A,A,A,A,B,A,A,A,A,A,A,A,A,B,A,A,A,A,A
NMSNP5_22918841,B,B,A,A,A,A,A,A,A,B,A,A,A,B,A,A,A,B,B
MN5_23029638,A,A,A,A,A,A,A,A,A,A,B,B,A,A,A,A,A,A,A
NMSNP5_23115566,A,A,B,A,A,A,A,A,B,B,NA,NA,B,A,B,A,A,A,A
VIN3_2942,A,A,A,A,A,A,A,A,A,A,A,A,A,A,A,A,A,A,B
VIN3_2713,A,A,A,B,A,A,B,A,A,A,A,A,A,A,A,B,B,A,A
VIN3_1614,A,A,A,B,B,A,B,A,A,A,B,B,A,B,A,B,B,A,A
VIN3_300,A,A,A,B,B,A,B,A,A,A,A,A,A,B,A,B,B,A,A
NMSNP5_23270994,B,B,A,A,B,A,A,A,A,A,B,B,A,B,A,A,A,A,B
MASC04571,A,A,A,A,A,B,A,B,A,B,A,A,A,A,A,A,A,A,A
MN5_23413242,A,B,A,B,A,A,A,A,A,A,A,A,A,B,A,B,A,B,B
MASC01545,A,B,A,B,A,A,A,A,A,A,A,A,A,B,A,A,A,B,A
MASC01216,A,A,A,A,A,A,A,B,A,A,B,B,A,A,A,A,A,A,A
MN5_23722677,B,A,A,A,A,A,A,A,A,A,A,A,A,A,A,A,A,A,A
MN5_23722914,A,A,A,B,A,A,A,A,A,A,A,A,A,A,A,A,A,A,A
NMSNP5_23815532,A,B,A,A,A,A,A,B,B,A,A,A,B,A,A,A,A,A,A
MN5_23815654,A,A,A,B,A,B,A,A,A,B,A,A,A,A,A,B,A,A,A
MASC01063,A,A,B,A,A,A,A,A,A,A,A,A,A,B,A,A,A,A,A
MN5_23920457,A,A,A,B,A,A,B,A,A,B,A,A,A,B,A,B,A,B,B
MN5_23920887,A,A,A,B,A,A,B,A,A,B,B,B,A,NA,A,B,A,NA,NA
MASC01444,A,A,A,A,A,A,A,B,NA,A,A,A,A,A,A,A,A,A,A
MN5_24131319,A,B,A,A,A,A,A,B,A,A,A,A,A,A,A,A,B,B,A
MASC04574,A,A,A,A,A,B,A,B,A,A,A,A,A,A,B,A,B,A,A
MASC04576,A,A,B,A,A,A,A,A,A,A,A,A,A,A,A,A,A,A,A
REV_596,A,A,B,A,A,A,A,A,B,B,B,B,A,A,A,A,A,B,B
SGCSNP18826,A,B,B,A,A,A,A,A,A,B,A,A,A,A,A,A,A,B,A
MN5_24832902,A,A,B,A,A,B,A,A,B,B,A,A,A,A,A,A,A,A,A
MN5_24833253,A,A,B,A,A,B,A,A,B,B,A,A,A,A,A,A,A,A,A
MASC01180,A,A,B,A,A,B,A,A,B,A,A,A,A,A,A,A,A,A,A
MASC02943,A,A,B,A,A,A,A,A,A,A,A,A,A,A,A,A,A,A,A
MASC07297,A,A,B,A,B,A,A,A,A,A,A,A,A,A,A,A,A,B,A
BFT_191,A,A,B,A,A,A,A,A,B,A,A,A,A,A,A,A,A,B,A
BFT_297,A,B,A,B,A,A,B,B,A,B,A,A,A,A,A,A,B,A,A
BFT_1187,A,A,B,A,A,A,A,A,A,A,A,A,A,A,A,A,A,B,A
NMSNP5_24996685,B,A,A,A,A,A,A,B,A,A,A,A,A,B,A,A,B,A,A
MN5_24996889,A,A,A,A,A,B,A,A,A,B,A,A,B,A,B,A,A,A,B
MASC07055,A,A,B,A,A,A,A,A,A,A,A,A,A,A,A,A,A,B,A
CDF1_2448,B,A,B,A,B,A,A,A,A,A,B,B,A,B,A,A,A,A,A
CDF1_2235,A,A,A,B,A,A,B,A,B,B,A,A,B,A,B,B,A,A,A
CDF1_1519,A,A,B,A,B,A,A,A,A,A,B,B,A,B,A,A,A,A,A
CDF1_943,B,B,B,A,B,B,A,A,A,A,B,B,A,B,A,A,A,A,A
CDF1_696,A,B,B,A,B,B,A,A,A,A,B,B,A,B,A,A,A,A,A
ELF5_3595,A,B,A,B,A,A,A,A,B,A,A,A,A,A,A,A,A,A,A
ELF5_3209,A,A,A,A,A,A,A,A,A,B,A,A,A,A,A,A,A,A,A
ELF5_3032,A,A,B,A,A,B,A,B,A,A,A,A,B,A,B,B,B,B,A
ELF5_2695,B,A,A,A,B,A,B,A,A,B,B,B,A,A,A,A,A,A,B
ELF5_1789,B,A,A,A,B,A,A,A,A,A,B,B,A,A,A,A,A,A,A
ELF5_1597,NA,NA,NA,NA,NA,NA,NA,NA,NA,NA,NA,NA,NA,NA,NA,NA,NA,NA,NA
MASC02746,A,A,A,A,A,A,B,B,A,A,A,A,A,B,A,A,A,A,A
MASC01306,A,A,B,A,A,A,A,A,A,A,A,A,A,A,A,A,A,B,A
MASC04437,A,A,A,A,A,A,A,B,A,A,A,A,A,A,A,B,A,A,A
MASC01591,A,A,A,A,A,A,A,B,A,A,B,B,A,A,A,A,A,A,A
MN5_25819956,A,A,A,B,B,A,A,A,A,A,A,A,A,A,A,A,A,A,A
MN5_25963543,B,B,A,A,B,B,A,A,A,A,B,B,A,A,B,A,B,A,A
MN5_26029439,B,A,A,A,B,A,A,A,B,B,A,A,A,A,B,A,B,A,A
MN5_26121184,A,B,B,A,A,B,B,B,A,A,A,A,A,A,A,A,B,A,A
MN5_26220737,A,B,A,B,A,B,B,A,A,B,A,A,A,A,A,B,B,A,A
MN5_26379737,A,A,A,B,A,B,B,A,B,B,A,A,A,A,A,A,B,A,A
MN5_26380009,A,B,A,A,A,A,A,B,A,A,A,A,A,A,B,B,A,A,A
MN5_26437895,A,A,A,B,A,B,B,B,B,B,A,A,A,A,A,A,B,A,A
MN5_26438023,A,A,A,B,A,B,B,A,B,B,A,A,A,A,A,A,B,A,A
MN5_26708459,A,A,B,B,B,A,A,A,A,A,A,A,A,B,A,A,A,A,A
MN5_26877341,B,B,A,A,A,A,B,A,A,A,A,A,A,A,A,A,A,B,A
MN5_26877463,B,B,A,A,A,A,B,A,A,A,A,A,A,A,A,A,A,B,A
