{
    "description": ["Data from Gray et al. (2015) Genetics 201:213, http://doi.org/10.1534/genetics.115.177790",
                    "Abstract at PubMed: http://www.ncbi.nlm.nih.gov/pubmed/26199233"],
    "crosstype": "f2",
    "geno": "gough_geno.csv",
    "pheno": "gough_pheno.csv",
    "phenocovar": "gough_phenocovar.csv",
    "covar": "gough_covar.csv",
    "gmap": "gough_gmap.csv",
    "pmap": "gough_pmap.csv",
    "alleles": ["G", "W"],
    "genotypes": {"GG": 1, "GW": 2, "WW": 3},
    "sex": {"covar": "sex", "F": "female", "M": "male"},
    "cross_info": {"covar": "pgm", "0": 0, "1": 1},
    "x_chr": "X",
    "na.strings": ["-", "NA"]
}
