{
  "description": "MegaMUGA genotypes for 291 DO mice from Karen Svenson and colleages",
  "crosstype": "do",
  "sep": ",",
  "na.strings": ["-", "NA"],
  "comment.char": "#",
  "geno": ["svenson_geno1.csv", "svenson_geno2.csv", "svenson_geno3.csv", "svenson_geno4.csv", "svenson_geno5.csv", "svenson_geno6.csv", "svenson_geno7.csv", "svenson_geno8.csv", "svenson_geno9.csv", "svenson_geno10.csv", "svenson_geno11.csv", "svenson_geno12.csv", "svenson_geno13.csv", "svenson_geno14.csv", "svenson_geno15.csv", "svenson_geno16.csv", "svenson_geno17.csv", "svenson_geno18.csv", "svenson_geno19.csv", "svenson_genoX.csv"],
  "founder_geno": ["MM/MM_foundergeno1.csv", "MM/MM_foundergeno2.csv", "MM/MM_foundergeno3.csv", "MM/MM_foundergeno4.csv", "MM/MM_foundergeno5.csv", "MM/MM_foundergeno6.csv", "MM/MM_foundergeno7.csv", "MM/MM_foundergeno8.csv", "MM/MM_foundergeno9.csv", "MM/MM_foundergeno10.csv", "MM/MM_foundergeno11.csv", "MM/MM_foundergeno12.csv", "MM/MM_foundergeno13.csv", "MM/MM_foundergeno14.csv", "MM/MM_foundergeno15.csv", "MM/MM_foundergeno16.csv", "MM/MM_foundergeno17.csv", "MM/MM_foundergeno18.csv", "MM/MM_foundergeno19.csv", "MM/MM_foundergenoX.csv"],
  "gmap": ["MM/MM_gmap1.csv", "MM/MM_gmap2.csv", "MM/MM_gmap3.csv", "MM/MM_gmap4.csv", "MM/MM_gmap5.csv", "MM/MM_gmap6.csv", "MM/MM_gmap7.csv", "MM/MM_gmap8.csv", "MM/MM_gmap9.csv", "MM/MM_gmap10.csv", "MM/MM_gmap11.csv", "MM/MM_gmap12.csv", "MM/MM_gmap13.csv", "MM/MM_gmap14.csv", "MM/MM_gmap15.csv", "MM/MM_gmap16.csv", "MM/MM_gmap17.csv", "MM/MM_gmap18.csv", "MM/MM_gmap19.csv", "MM/MM_gmapX.csv"],
  "pmap": ["MM/MM_pmap1.csv", "MM/MM_pmap2.csv", "MM/MM_pmap3.csv", "MM/MM_pmap4.csv", "MM/MM_pmap5.csv", "MM/MM_pmap6.csv", "MM/MM_pmap7.csv", "MM/MM_pmap8.csv", "MM/MM_pmap9.csv", "MM/MM_pmap10.csv", "MM/MM_pmap11.csv", "MM/MM_pmap12.csv", "MM/MM_pmap13.csv", "MM/MM_pmap14.csv", "MM/MM_pmap15.csv", "MM/MM_pmap16.csv", "MM/MM_pmap17.csv", "MM/MM_pmap18.csv", "MM/MM_pmap19.csv", "MM/MM_pmapX.csv"],
  "covar": "svenson_covar.csv",
  "x_chr": "X",
  "genotypes": {
    "A": 1,
    "H": 2,
    "B": 3
  },
  "geno_transposed": true,
  "founder_geno_transposed": true,
  "sex": {
    "covar": "sex",
    "F": "Female",
    "M": "Male"
  },
  "cross_info": {
    "covar": "ngen"
  }
}
