# Arabidopsis MAGIC physical map with positions in Mbp, Gnan et al (2014) 10.1534/genetics.114.170746
# nrow 1027
# ncol 3
marker,chr,pos
MN1_29291,1,0.029292
MN1_29716,1,0.029758
MN1_112907,1,0.112908
MASC03771,1,0.174606
MN1_197787,1,0.197788
MN1_340810,1,0.340811
MN1_395107,1,0.395108
MN1_444820,1,0.444765
MN1_494205,1,0.494206
MN1_592863,1,0.592868
MN1_592760,1,0.592985
BKN118,1,0.761585
MN1_1042427,1,1.042428
CRY2_1021,1,1.187842
CRY2_429,1,1.188434
MASC07014,1,1.189375
MASC03609,1,1.226551
MN1_1296068,1,1.296069
MN1_1399466,1,1.399467
AXR1_381,1,1.500228
MASC07424,1,1.503
MASC07283,1,1.559682
MN1_1602026,1,1.602027
MN1_1844838,1,1.844839
MN1_1945105,1,1.945101
MASC07329,1,1.968826
MN1_2211127,1,2.211127
MASC03758,1,2.312696
MASC03812,1,2.41253
MN1_2547756,1,2.547757
MN1_2548265,1,2.548242
MN1_2696683,1,2.696676
MN1_3041659,1,3.041654
PHYA_6473,1,3.09502
PHYA_924,1,3.100564
PHYA_119,1,3.101309
MN1_3169209,1,3.16921
MN1_3229670,1,3.229849
MN1_3294749,1,3.29475
MASC09203,1,3.487276
MASC00490,1,3.502817
MN1_3503859,1,3.50386
MN1_3645500,1,3.645501
MN1_3678711,1,3.678712
MN1_3798407,1,3.798408
MN1_3872522,1,3.872523
MN1_3941311,1,3.941312
MN1_4041372,1,4.041373
MN1_4096221,1,4.09622
MN1_4142767,1,4.142767
MN1_4248888,1,4.248889
MN1_4317541,1,4.317529
MN1_4396426,1,4.396426
MN1_4569396,1,4.569397
MN1_4947324,1,4.947324
MN1_4992106,1,4.992107
MN1_5095606,1,5.095607
GAI_173,1,5.148222
GAI_2211,1,5.150177
MN1_5206767,1,5.206768
MN1_5206981,1,5.206982
MN1_5290742,1,5.290743
MASC00816,1,5.401398
MASC00820,1,5.447587
MN1_5482065,1,5.482063
SPS1_151,1,5.608983
MN1_5628735,1,5.628736
MN1_5669326,1,5.669327
MN1_5860106,1,5.860196
MN1_5860511,1,5.860512
MASC00503,1,5.878615
MASC02743,1,5.89823
MN1_5923042,1,5.923042
MFT_113,1,6.227478
MFT_668,1,6.228033
MFT_2488,1,6.229825
MFT_3459,1,6.23079
BUD1_34,1,6.315843
BUD1_348,1,6.316157
MASC03577,1,6.672676
MASC04085,1,6.8265
MP_68,1,6.889606
MASC07242,1,6.94052
MASC1,1,7.301067
MASC2,1,7.497681
GI_123,1,8.060816
GI_511,1,8.061201
GI_2067,1,8.062723
GI_2186,1,8.062842
GI_5292,1,8.06593
BKN923,1,8.385007
PFT1_6609,1,8.969343
PFT1_5341,1,8.970569
PFT1_3782,1,8.972128
PFT1_2195,1,8.973715
PFT1_1656,1,8.974254
PFT1_1066,1,8.974843
CAL_454,1,9.101749
SGCSNP17579,1,9.240802
MASC05303,1,9.36204
MASC00393,1,9.516363
MASC04947,1,9.600391
MN1_10176455,1,10.176456
MN1_10423523,1,10.423524
MN1_10423673,1,10.423675
MN1_10547598,1,10.547599
MN1_10841443,1,10.841444
MASC02650,1,11.070715
MN1_11160016,1,11.159764
MN1_11159773,1,11.159834
MASC01991,1,11.215257
FRL2_2232,1,11.412655
MN1_11466199,1,11.466167
MN1_11553514,1,11.553515
MN1_11655695,1,11.65552
MN1_11850148,1,11.850149
MN1_12093546,1,12.093547
MASC00317,1,12.207998
PERL0107626,1,12.646729
MN1_12892627,1,12.892621
SGCSNP10165,1,13.201132
MN1_13541819,1,13.54182
MN1_13671674,1,13.671675
MASC02571,1,13.833393
MN1_14162893,1,14.162894
PERL0126101,1,14.924928
MASC04128,1,15.930563
MASC03083,1,16.130993
PERL0132168,1,16.137368
MASC04211,1,16.646979
MASC06784,1,16.874328
MN1_16874540,1,16.874541
MN1_17151137,1,17.151138
MN1_17181992,1,17.181985
PERL0147872,1,17.476656
MN1_17682799,1,17.6828
MN1_17880459,1,17.88046
MN1_18040860,1,18.040861
MN1_18232105,1,18.232105
MN1_18632912,1,18.632907
MN1_18633081,1,18.633076
MASC00545,1,18.947634
MN1_19400778,1,19.400777
MASC00855,1,19.438636
MN1_19506032,1,19.506033
MN1_19519292,1,19.519343
MN1_19782301,1,19.782459
MN1_19782567,1,19.782568
MASC03754,1,20.030865
MASC01983,1,20.139509
MN1_20174828,1,20.174829
MASC00497,1,20.314114
PERL0172350,1,20.357576
PERL0173191,1,20.514445
PERL0174281,1,20.686612
MASC00513,1,20.806858
MASC07288,1,20.971834
MN1_21079881,1,21.079882
MN1_21080288,1,21.080289
MASC00290,1,21.140728
MASC07198,1,21.381939
MN1_21669171,1,21.669172
MN1_21669564,1,21.669565
MN1_21908389,1,21.908604
MASC04170,1,22.289897
MASC02598,1,22.290232
MN1_22354107,1,22.354108
MN1_22971216,1,22.971216
MN1_23077276,1,23.077275
MN1_23270514,1,23.270515
MN1_23270852,1,23.270632
MN1_23474588,1,23.474584
MN1_23820732,1,23.820733
MN1_23893336,1,23.893337
MASC03447,1,24.040919
MN1_24322296,1,24.322358
FT_585,1,24.334363
FT_1643,1,24.335382
FT_2940,1,24.336669
FT_3485,1,24.337212
MN1_24468414,1,24.468415
MN1_24694673,1,24.694674
RGL1_1171,1,24.751936
RGL1_1511,1,24.752276
MN1_24795166,1,24.795167
SGCSNP10530,1,25.031165
MN1_25375953,1,25.375952
MN1_25487722,1,25.487722
FKF1_606,1,25.511891
MASC00557,1,25.738759
PERL0234167,1,25.74145
PERL0235052,1,25.853591
PERL0236029,1,25.97957
MN1_26278413,1,26.278414
MASC00516,1,26.40879
MASC03684,1,26.450427
MN1_26454394,1,26.454392
MASC02946,1,26.507545
MN1_26787727,1,26.787728
MN1_26795231,1,26.795232
MASC00553,1,26.799323
MASC02765,1,26.972608
MN1_26993261,1,26.993243
MN1_27251404,1,27.251405
MN1_27291170,1,27.291171
MN1_27650077,1,27.650078
MASC00664,1,27.803119
MN1_28190283,1,28.190284
MN1_28408707,1,28.408708
MN1_28584258,1,28.584259
MASC02069,1,28.598296
MN1_28666837,1,28.666838
SGCSNP10779,1,28.835488
MN1_29326678,1,29.326608
MN1_29326774,1,29.326773
MASC00675,1,29.489827
MASC07393,1,29.491814
MN1_29496859,1,29.49686
MN1_29612426,1,29.612427
MN1_29696345,1,29.696346
MN1_30049220,1,30.049221
MN1_30116495,1,30.116496
MN1_30214313,1,30.214314
MN1_30312456,1,30.312457
MN1_30312683,1,30.312684
MASC02050,1,30.319942
MASC09206,1,30.353096
MASC00542,1,30.3894
RGA_2019,2,0.256331
RGA_1671,2,0.256679
RGA_1023,2,0.257327
MN2_285851,2,0.285852
MN2_286127,2,0.286129
MN2_311552,2,0.311554
MN2_322690,2,0.322691
MN2_347772,2,0.347764
MN2_592845,2,0.59284
MN2_694239,2,0.694241
MN2_764549,2,0.764529
MN2_948609,2,0.94861
MASC05477,2,1.125046
MN2_1149628,2,1.149629
MN2_1737583,2,1.737584
MN2_1798378,2,1.79838
MASC06808,2,2.026926
MN2_2270500,2,2.270501
MN2_2615632,2,2.615633
MASC05962,2,2.996449
MASC05827,2,3.052992
MASC03060,2,3.173449
MASC05803,2,3.531979
SGCSNP1828,2,3.785639
MASC05848,2,3.933118
MN2_4354465,2,4.354466
MN2_4354824,2,4.354822
MASC05420,2,4.600612
MN2_5085768,2,5.085769
MN2_5250093,2,5.250094
MN2_6654226,2,6.654228
MASC05757,2,6.831344
MN2_7072735,2,7.072737
MASC05443,2,7.089311
MASC05484,2,7.172479
MN2_7551582,2,7.551584
MN2_7650227,2,7.650229
FDP_22,2,7.729169
FDP_2020,2,7.731159
MN2_7742622,2,7.742623
MN2_8041868,2,8.041869
PHYB_476,2,8.146424
PHYB_617,2,8.146565
PHYB_1645,2,8.147588
PHYB_2850,2,8.148793
PHYB_3060,2,8.149003
PHYB_4171,2,8.150114
PHYB_5215,2,8.151156
MN2_8323924,2,8.323925
MN2_8443352,2,8.443352
MASC07330,2,8.522337
MN2_8594369,2,8.59437
MASC07166,2,8.73274
MN2_8750048,2,8.750048
MN2_8799676,2,8.799677
MASC02995,2,8.977457
MASC05584,2,9.144043
MN2_9256094,2,9.256096
MN2_9256220,2,9.256222
MASC02600,2,9.390913
MN2_9428987,2,9.428988
MASC07354,2,9.571362
SVP_88,2,9.586217
SVP_694,2,9.586818
SVP_993,2,9.587116
SVP_3403,2,9.589518
SVP_4824,2,9.590921
MN2_9653239,2,9.65324
MASC02928,2,9.759616
MASC03019,2,9.907424
MN2_10134400,2,10.134401
MN2_10249407,2,10.249408
MN2_10566684,2,10.566672
MN2_10900221,2,10.900222
MASC02949,2,10.940331
MAX1_26,2,11.149688
MAX1_657,2,11.150319
MASC05927,2,11.174979
MASC05920,2,11.206822
ER_472,2,11.21562
MN2_11300378,2,11.300373
MASC06116,2,11.331465
MASC09221,2,11.431844
MN2_11457357,2,11.457345
MASC05372,2,11.486592
MASC02863,2,11.547874
MN2_11595170,2,11.595111
MN2_11691452,2,11.691453
MASC05327,2,11.736431
ATC_828,2,11.78016
ATC_1679,2,11.781007
ATC_2596,2,11.781922
MASC00349,2,11.824799
MN2_12187411,2,12.187412
MN2_12296907,2,12.296908
MN2_12435349,2,12.435349
MASC07284,2,12.619886
MN2_12655100,2,12.655102
MASC02492,2,12.764382
MASC02787,2,12.981812
MN2_13090443,2,13.090444
MN2_13201786,2,13.201788
MN2_13265590,2,13.265591
MASC05434,2,13.296782
MN2_13326105,2,13.326106
MN2_13326473,2,13.326475
MN2_13471565,2,13.471566
MN2_13605144,2,13.605145
MN2_13756416,2,13.756417
MASC02512,2,13.790015
MASC02971,2,13.986387
MN2_14003409,2,14.00341
MASC00585,2,14.043647
SAR1_280,2,14.051279
SAR1_183,2,14.051376
MASC06798,2,14.31672
FES1_3177,2,14.318911
FES1_2930,2,14.319158
FES1_1877,2,14.320211
FES1_1177,2,14.320911
MN2_14350717,2,14.350718
MASC05841,2,14.367864
MASC09222,2,14.382486
MN2_14406873,2,14.406871
MN2_14407001,2,14.407003
MN2_14583090,2,14.583091
MN2_14801460,2,14.801461
MASC06034,2,14.943401
MN2_14949589,2,14.949575
MN2_15251700,2,15.251701
MASC05384,2,15.400219
RAX2_405,2,15.494202
MN2_15565512,2,15.565513
MASC05402,2,15.782832
MASC05385,2,15.78299
MN2_15801493,2,15.801495
MN2_16080260,2,16.080261
MASC02232,2,16.310862
MN2_16352463,2,16.352464
MN2_16437489,2,16.43749
MN2_16487410,2,16.487411
MASC06077,2,16.619473
HOS1_1176,2,16.62061
HOS1_5516,2,16.624899
HOS1_5595,2,16.624976
HOS1_5954,2,16.625334
MN2_16684166,2,16.684167
MN2_16837474,2,16.837475
MASC02930,2,16.865598
MASC06022,2,16.893586
MN2_17051422,2,17.051423
MASC02158,2,17.121587
MN2_17606148,2,17.606149
MN2_17656418,2,17.656415
MAX2_67,2,17.763987
MAX2_216,2,17.764136
MAX2_582,2,17.764502
MAX2_752,2,17.764672
MN2_17792406,2,17.792397
MN2_17844494,2,17.844478
MN2_17860020,2,17.860021
MASC02020,2,17.998875
MN2_18034146,2,18.034147
MN2_18402190,2,18.402147
MAX3_67,2,18.56608
MAX3_141,2,18.566154
MN2_18603109,2,18.603109
MN2_18701292,2,18.701292
SOC1_2890,2,18.816351
SOC1_2742,2,18.816498
SOC1_2480,2,18.81676
SOC1_1594,2,18.817641
SOC1_1494,2,18.817741
SOC1_651,2,18.818582
SOC1_461,2,18.81877
MN2_18954429,2,18.95443
MASC06044,2,18.975732
MN2_18986211,2,18.986201
MN2_19104250,2,19.104251
MN2_19253011,2,19.253006
MN2_19504653,2,19.504654
MN2_19602061,2,19.602061
MN2_19700798,2,19.700781
MASC03898,3,0.276923
MN3_580517,3,0.580519
MN3_691072,3,0.691073
RGL2_3396,3,0.819043
RGL2_3255,3,0.819167
RGL2_2959,3,0.819463
RGL2_2115,3,0.820307
RGL2_617,3,0.821805
MN3_965032,3,0.965033
MASC03001,3,0.971411
FLK_2200,3,1.25353
FLK_1526,3,1.254204
FLK_958,3,1.254771
MN3_1271206,3,1.271204
GAr2_1349,3,1.430779
MASC00175,3,1.742714
MN3_1803905,3,1.803906
MN3_2232003,3,2.232005
MN3_2232935,3,2.232934
MN3_2236560,3,2.236561
MN3_2236721,3,2.236723
MN3_2485350,3,2.485351
MN3_2565035,3,2.565036
MN3_2770433,3,2.770434
MASC07180,3,2.903325
MN3_2967877,3,2.967878
MN3_3344789,3,3.34479
MASC03344,3,3.463237
MASC00560,3,3.578605
MASC00564,3,3.580022
MN3_3610522,3,3.610522
SPY_1453,3,3.632334
SPY_3013,3,3.633894
SPY_5334,3,3.636215
MN3_3679292,3,3.679293
MN3_3679541,3,3.679542
MN3_3895975,3,3.895976
MN3_3991983,3,3.991984
PIE1_701,3,4.06548
PIE1_898,3,4.065677
PIE1_1867,3,4.066644
PIE1_5824,3,4.0706
PIE1_7118,3,4.071894
PIE1_8627,3,4.073403
PIE1_9146,3,4.073919
MN3_4141103,3,4.141104
MN3_4194859,3,4.19486
MASC04486,3,4.23751
MN3_4305074,3,4.305075
MN3_4356066,3,4.356067
MN3_4470311,3,4.470312
MN3_4591414,3,4.591415
MASC01400,3,4.738893
MASC04507,3,4.823158
MN3_5210480,3,5.210481
MN3_5299949,3,5.29995
MASC04409,3,5.608005
MN3_5640301,3,5.640302
MN3_5749951,3,5.749952
MN3_5910420,3,5.910421
MASC01537,3,6.192392
MN3_6240600,3,6.240601
MASC01747,3,6.312588
MN3_6450403,3,6.450404
MASC04279,3,6.536035
MN3_6811299,3,6.8113
MN3_6890804,3,6.890805
MASC02637,3,6.996123
MN3_7120942,3,7.120943
MN3_7392098,3,7.392099
MASC01568,3,7.41326
MASC01672,3,7.451911
MN3_7590615,3,7.590616
MASC01373,3,7.796265
MN3_7842354,3,7.842355
MN3_7917701,3,7.917702
MN3_8042142,3,8.042143
MASC04053,3,8.100142
MN3_8118135,3,8.118137
MN3_8190264,3,8.190265
AXR2_486,3,8.196108
MASC04302,3,8.241601
MN3_8448466,3,8.448467
MASC02733,3,8.460299
MN3_8535358,3,8.535359
MASC00324,3,8.643724
MN3_8693286,3,8.693287
MN3_8693523,3,8.693525
MN3_8828575,3,8.828576
MN3_8971383,3,8.971365
MASC04510,3,8.980047
MASC04560,3,9.025008
MASC04498,3,9.184731
MN3_9279089,3,9.27909
MN3_9342356,3,9.342358
MN3_9547648,3,9.547647
MASC01287,3,9.7242
MN3_9747529,3,9.747531
MASC01390,3,9.829261
MASC04523,3,9.944728
MN3_10055595,3,10.055596
MN3_10142705,3,10.142707
MASC01072,3,10.143128
MASC01048,3,10.326201
MN3_10363610,3,10.363612
MN3_10382169,3,10.38217
MN3_10382626,3,10.382627
MASC02770,3,10.625652
MN3_10790631,3,10.790633
MN3_10790732,3,10.790733
MASC01098,3,10.970472
MN3_11190184,3,11.190185
MN3_11192189,3,11.192191
MN3_11293349,3,11.29335
MN3_11398208,3,11.398208
SGCSNP4309,3,11.675966
MASC02222,3,11.979975
MN3_12044914,3,12.044913
MN3_12348963,3,12.348964
MASC04262,3,12.491867
MASC07409,3,14.239679
MASC05049,3,14.315654
MN3_15233489,3,15.233484
MN3_15328754,3,15.328755
MN3_15771965,3,15.771945
MN3_15880080,3,15.880081
MN3_15977654,3,15.977622
MASC04630,3,15.996748
MASC07090,3,16.174869
MN3_16176877,3,16.176879
MASC05163,3,16.359177
MN3_16489672,3,16.489674
MN3_16608234,3,16.608235
MN3_16608615,3,16.608592
MASC01148,3,16.633499
PERL0600049,3,16.676777
MN3_16676939,3,16.676941
PERL0600074,3,16.677685
MN3_17166362,3,17.166363
MASC07256,3,17.449004
MASC03166,3,17.585068
MASC03175,3,17.585344
MASC09041,3,17.64841
MASC07226,3,17.650538
MN3_17766901,3,17.766901
MN3_17767232,3,17.767234
SGCSNP6012,3,18.110523
BKN7185,3,18.274517
RAX3_419,3,18.439865
MN3_18510255,3,18.510256
MASC09224,3,18.512452
MN3_18590814,3,18.590816
MASC02769,3,18.980147
MN3_19077245,3,19.077246
MN3_19179085,3,19.179084
MN3_19283177,3,19.283178
MN3_19533632,3,19.533633
MASC02507,3,19.691513
MN3_19725553,3,19.725555
MASC04031,3,19.809333
MASC01006,3,19.816305
MASC03218,3,19.875942
MASC04039,3,19.910715
MASC07178,3,19.924816
MN3_20027994,3,20.027995
MN3_20028297,3,20.028298
MASC04671,3,20.137867
AMP1_458,3,20.267916
MN3_20428407,3,20.428408
MASC04749,3,20.441612
MASC00009,3,20.56154
MASC00010,3,20.576878
MN3_20607883,3,20.607884
MN3_20728619,3,20.72862
MASC00020,3,20.809341
MN3_20828994,3,20.828994
MASC00028,3,20.874551
MN3_21127619,3,21.12762
MN3_21230323,3,21.230325
MN3_21528561,3,21.528562
MN3_21632898,3,21.632898
MASC02322,3,21.719525
MN3_21728318,3,21.728319
MASC02321,3,21.784244
MN3_21927565,3,21.927566
ARGOS_479,3,22.141418
MN3_22146586,3,22.146586
MN3_22230240,3,22.230241
MN3_22316041,3,22.316042
MN3_22370904,3,22.370905
MASC04925,3,22.638888
MASC03109,3,22.69571
MN3_22787640,3,22.787635
MN3_22843506,3,22.843507
MN3_23054119,3,23.05412
MN3_23099266,3,23.099267
MN3_23260905,3,23.260906
GAr3_248,3,23.299671
GAr3_949,3,23.299945
GAr3_1381,3,23.30034
GAr3_3160,3,23.302065
MN4_48812OK,4,0.048814
MN4_142943,4,0.142944
MN4_241821,4,0.241822
FRI_725,4,0.269261
FRI_927,4,0.269463
FRI_1888,4,0.270408
FRI_2343,4,0.270863
MASC04123,4,0.30133
MN4_428535,4,0.428536
MN4_428737,4,0.428738
MN4_541323,4,0.541324
MASC02680,4,0.701441
MASC04651,4,0.903544
MASC02790,4,0.903868
MASC02819,4,1.004423
MASC05116,4,1.004604
MN4_1055425,4,1.055427
MASC04725,4,1.092492
MASC04658,4,1.104485
LD_5903,4,1.123101
LD_5094,4,1.123898
LD_3166,4,1.125814
LD_258,4,1.128721
AXR6_733,4,1.132455
GA1_8429,4,1.237937
GA1_7845,4,1.238521
GA1_7762,4,1.238604
GA1_5420,4,1.240901
GA1_4586,4,1.241728
GA1_3232,4,1.243081
GA1_2963,4,1.24335
GA1_1502,4,1.244802
MN4_1613365,4,1.613367
MASC02074,4,1.932249
MN4_2241604,4,2.241601
MN4_2441131,4,2.441129
MASC04881,4,2.502451
MASC07337,4,2.593762
MASC07341,4,2.671984
MASC03328,4,2.695394
MASC04894,4,2.803491
MASC09225,4,2.907156
MASC03713,4,3.001615
PERL0692204,4,3.12954
PERL0697342,4,3.78119
PERL0699005,4,3.924073
PERL0700458,4,4.197468
MN4_4933868,4,4.93387
MASC05102,4,5.289624
MN4_5291400,4,5.291402
CRY1_1112,4,5.724251
MN4_5775707,4,5.775708
MASC05017,4,6.090874
MASC02654,4,6.120458
MASC05208,4,6.523084
MASC00122,4,6.698814
MN4_6924080,4,6.924082
MN4_7177248,4,7.177247
MASC00093,4,7.177635
MASC00094,4,7.215383
MN4_7858241,4,7.858243
MASC03250,4,8.048339
MN4_8078648,4,8.078649
MN4_8177683,4,8.177684
MN4_8789187,4,8.789188
MN4_8957775,4,8.957774
ESD4_1150,4,9.012741
ESD4_1264,4,9.012853
ESD4_1754,4,9.013343
ESD4_1925,4,9.013514
ESD4_4722,4,9.015942
MN4_9121213,4,9.121214
MASC03269,4,9.165318
MN4_9176420,4,9.176421
PHYD_4813,4,9.19556
PHYD_3586,4,9.19673
PHYD_3094,4,9.197222
PHYD_2806,4,9.19751
PHYD_2290,4,9.198026
PHYD_1815,4,9.198501
PHYD_930,4,9.199386
MN4_9213312,4,9.213313
MN4_9226751,4,9.226752
MN4_9276346,4,9.276347
MASC00901,4,9.307161
MN4_9364998,4,9.364999
MASC03263,4,9.753866
MN4_9952405,4,9.952404
MASC07426,4,10.012693
PHYE_4688,4,10.042029
PHYE_2771,4,10.043945
PHYE_1561,4,10.045155
MASC02468,4,10.1432
MASC01526,4,10.302892
MN4_10482087,4,10.482089
MN4_10659155,4,10.659156
TSF_2439,4,11.001783
TSF_606,4,11.003571
MASC01686,4,11.268012
MASC07397,4,11.470277
MN4_11488359,4,11.488359
MASC02503,4,11.577782
MN4_11579839,4,11.57984
MN4_11580143,4,11.580144
MASC04642,4,11.786413
MN4_11878394,4,11.878395
MN4_12195812,4,12.195814
MASC03508,4,12.24445
MN4_12326350,4,12.326351
SLY1_586,4,12.563022
SLY1_1984,4,12.564413
SLY1_2145,4,12.564574
MN4_12654226,4,12.654227
AGL24_3913,4,12.670977
AGL24_3653,4,12.671234
AGL24_3515,4,12.671372
AGL24_3240,4,12.671647
AGL24_2913,4,12.671974
AGL24_59,4,12.674813
MN4_12900427,4,12.900428
MASC01816,4,13.009947
MN4_13078471,4,13.078472
MN4_13180063,4,13.180064
MASC03074,4,13.226714
MN4_13238316,4,13.238317
MN4_13358579,4,13.35858
MN4_13576438,4,13.576437
MASC02802,4,13.612124
MASC00006,4,13.670764
MN4_13753532,4,13.753533
MN4_13978437,4,13.978438
MN4_14075777,4,14.075776
MN4_14177230,4,14.177231
MASC03152,4,14.241937
MN4_14318307,4,14.318308
MASC00126,4,14.322426
MN4_14379736,4,14.379738
MN4_14533015,4,14.533016
MN4_14533372,4,14.533373
MASC03154,4,14.658638
MASC02354,4,14.660281
MN4_14732051,4,14.732052
VIN3L_5026,4,14.786669
VIN3L_4961,4,14.786734
VIN3L_4569,4,14.787126
MN4_14935855,4,14.935856
MN4_14936037,4,14.936038
MN4_15087653,4,15.087654
MN4_15274377,4,15.274378
MN4_15329740,4,15.329741
MASC03336,4,15.489086
MN4_15571879,4,15.57188
MN4_15662175,4,15.662176
MASC03998,4,15.786582
MAX4_84,4,15.828436
MAX4_184,4,15.828536
MN4_15865150,4,15.865151
MASC03874,4,15.897266
MN4_15925187,4,15.925189
MN4_16025638,4,16.025639
MN4_16338157,4,16.338158
MN4_16383274,4,16.383275
MN4_16474676,4,16.474677
MN4_16547251,4,16.547252
MASC07383,4,16.57499
MASC07295,4,16.702031
MN4_16742072,4,16.742072
MASC04199,4,16.87942
MN4_16888200,4,16.888201
FD_250,4,17.003832
FD_1596,4,17.005171
MASC03225,4,17.35224
MN4_17442969,4,17.44297
MASC07250,4,17.554864
MN4_17609253,4,17.609254
ANT_295,4,17.740263
MASC09216,4,17.772125
MN4_17803780,4,17.803782
MN4_17906421,4,17.906422
MASC03594,4,18.148534
MASC01711,4,18.165168
MN4_18187339,4,18.18734
MN4_18268215,4,18.268125
MN4_18371994,4,18.371994
MASC05258,4,18.538525
MN4_18560346,4,18.560344
MN5_107584,5,0.107585
MASC01792,5,0.209254
MN5_428961,5,0.428961
MN5_476404,5,0.476405
MASC00144,5,0.506802
MN5_625679,5,0.62568
MN5_658142,5,0.658143
MASC03480,5,0.740436
MN5_1041169,5,1.041157
MN5_1154885,5,1.154886
MN5_1337439,5,1.33744
MN5_1399718,5,1.399715
MN5_1399959,5,1.399956
MN5_1446247,5,1.446248
MN5_1586146,5,1.586148
ATMYB33_119,5,1.836985
ATMYB33_3059,5,1.839921
MN5_1841284,5,1.841285
MN5_1931248,5,1.931249
MN5_1943883,5,1.943884
MASC04531,5,2.073104
MN5_2153137,5,2.153137
MN5_2192958,5,2.192959
MN5_2244739,5,2.24474
MN5_2244867,5,2.244868
MN5_2296406,5,2.296408
MASC03207,5,2.383169
MASC04390,5,2.455039
MASC02783,5,2.522198
MN5_2799421,5,2.799415
MN5_2808917,5,2.808919
MN5_2925212,5,2.925212
MN5_2974376,5,2.974377
MN5_3092677,5,3.092678
MN5_3092945,5,3.092945
MN5_3149961,5,3.149963
FLC_7207,5,3.173945
FLC_6809,5,3.174332
FLC_5907,5,3.175212
FLC_3312,5,3.176576
FLC_3215,5,3.176673
FLC_3090,5,3.176799
FLC_2775,5,3.177113
MN5_3177504,5,3.177502
MN5_3200509,5,3.20051
MN5_3227635,5,3.227636
MN5_3281887,5,3.281888
MASC09207,5,3.284125
MN5_3289426,5,3.289427
MN5_3330228,5,3.330229
MN5_3330509,5,3.330509
MN5_3392815,5,3.392816
MN5_3491425,5,3.491426
MN5_3498141,5,3.498142
MN5_3695672,5,3.695671
MN5_3908213,5,3.908214
MN5_4010649,5,4.01065
MN5_4179168,5,4.179169
MASC05127,5,4.243046
MN5_4293557,5,4.293558
MN5_4318001,5,4.318002
MN5_4318365,5,4.318366
MN5_4327715,5,4.327716
MN5_4428863,5,4.428862
MN5_4820535,5,4.820536
MASC01139,5,4.827097
MN5_5005750,5,5.005751
MASC01137,5,5.145584
CO_612,5,5.17325
CO_347,5,5.173515
CO_203,5,5.173659
MN5_5198324,5,5.198325
MN5_5318989,5,5.318991
FRL1_543,5,5.344761
FRL1_971,5,5.345189
FRL1_1127,5,5.345345
MASC02570,5,5.422336
MASC01586,5,5.433919
MN5_5452600,5,5.452601
MN5_5726284,5,5.726285
TFL2_3265,5,5.827101
TFL2_1346,5,5.829019
TFL2_1199,5,5.829166
TFL2_775,5,5.82959
MASC01538,5,5.996222
MN5_6222071,5,6.222072
MASC00072,5,6.226662
MN5_6322454,5,6.322455
MASC02568,5,6.415443
MASC04986,5,6.453529
MN5_6523351,5,6.523352
MN5_6621153,5,6.621149
MN5_6708112,5,6.708113
MN5_6820592,5,6.820593
MN5_6899767,5,6.899768
MN5_6899957,5,6.899958
MN5_7004457,5,7.004458
MN5_7279056,5,7.279058
MASC01742,5,7.31535
MASC04577,5,7.367493
RAX1_313,5,7.697392
MASC09209,5,7.717926
MASC07384,5,8.001192
SGCSNP14068,5,8.240546
SGCSNP14097,5,8.360131
FPF1_1263,5,8.541646
MASC03559,5,8.810485
BKN10577,5,8.978327
MASC07368,5,9.481364
GAr1_504,5,9.628389
GAr1_3640,5,9.631511
MASC03158,5,10.011771
SGCSNP14295,5,10.237899
MN5_10525862,5,10.525863
PERL0963920,5,11.630622
PERL0968417,5,12.443508
MASC09210,5,12.529404
MASC03601,5,12.594045
MASC01361,5,13.849977
MN5_14712065,5,14.712067
MN5_14870918,5,14.870919
MN5_14952906,5,14.952905
MASC04275,5,14.991169
MASC04605,5,15.395586
MN5_15457103,5,15.457104
MASC07404,5,15.76199
MN5_15768163,5,15.768162
ERA1_470,5,16.119129
MN5_16122807,5,16.122809
MASC04448,5,16.354614
MN5_16368332,5,16.368334
MN5_16964744,5,16.964745
MASC01341,5,17.148034
MASC03128,5,17.18615
MN5_17242619,5,17.24262
MASC02450,5,17.358444
MASC07302,5,17.478256
MASC04536,5,17.555638
MN5_17569666,5,17.569668
PNH_348,5,17.629553
MASC04540,5,17.693072
MN5_17864875,5,17.864876
MN5_17924704,5,17.924687
MASC04430,5,17.944361
MN5_18166799,5,18.1668
MN5_18258441,5,18.258442
MASC02679,5,18.283734
MASC01056,5,18.295819
MN5_18782455,5,18.782421
MN5_19124078,5,19.124079
MN5_19124146,5,19.124148
MN5_19316033,5,19.316034
MN5_19415082,5,19.415084
MN5_19503408,5,19.503408
MN5_19503546,5,19.503546
MASC07356,5,19.627497
MASC01039,5,19.701698
MN5_19716017,5,19.716015
MN5_19823529,5,19.82353
MN5_20021652,5,20.021653
MN5_20128524,5,20.128525
MN5_20215473,5,20.215474
MN5_20318139,5,20.318139
MASC07276,5,20.523473
MN5_21039080,5,21.039082
MN5_21039146,5,21.039148
MASC04591,5,21.260569
MN5_21415676,5,21.415676
MN5_21718779,5,21.71878
MN5_21719081,5,21.719081
MN5_22040876,5,22.040878
MN5_22116737,5,22.116738
MN5_22318136,5,22.318137
MN5_22414731,5,22.414702
MN5_22415000,5,22.415002
MN5_22627502,5,22.627503
MN5_23029638,5,23.029639
VIN3_2942,5,23.263476
VIN3_2713,5,23.263705
VIN3_1614,5,23.264799
MASC04571,5,23.318122
MN5_23413242,5,23.413243
MASC01545,5,23.418059
MASC01216,5,23.576901
MN5_23722677,5,23.722678
MN5_23722914,5,23.722915
MN5_23815654,5,23.815655
MASC01063,5,23.827712
MN5_23920457,5,23.920458
MASC01444,5,23.946391
MN5_24131319,5,24.131304
MASC04574,5,24.313133
MASC04576,5,24.374794
REV_596,5,24.418222
SGCSNP18826,5,24.515188
MN5_24832902,5,24.832903
MASC01180,5,24.853343
MASC02943,5,24.861686
MASC07297,5,24.93133
BFT_191,5,24.939112
BFT_297,5,24.939218
BFT_1187,5,24.940099
MN5_24996889,5,24.99689
MASC07055,5,25.038593
CDF1_2448,5,25.0862
CDF1_2235,5,25.086412
CDF1_1519,5,25.087128
CDF1_943,5,25.087704
CDF1_696,5,25.087951
ELF5_3595,5,25.166541
ELF5_3209,5,25.166927
ELF5_3032,5,25.167104
ELF5_2695,5,25.167441
ELF5_1789,5,25.168347
MASC02746,5,25.227991
MASC01306,5,25.557152
MASC04437,5,25.564922
MASC01591,5,25.813437
MN5_25819956,5,25.819957
MN5_25963543,5,25.963544
MN5_26121184,5,26.121185
MN5_26220737,5,26.220738
MN5_26379737,5,26.379738
MN5_26380009,5,26.380011
MN5_26437895,5,26.437897
MN5_26438023,5,26.438025
MN5_26708459,5,26.70846
MN5_26877341,5,26.877342
MN5_26877463,5,26.877464
